date,temp1,hum1,pres1,temp2,hum2,pres2,temp3,hum3,pres3,v1,v2,mass,amp,mass (kg)
09-07-2026 13:32:01,50.22,18.94,103296.73,29.5,73.12,100533.21,182.89,100,-20305.66,0.73,5.46,175712,6.19,-0.34
09-07-2026 13:33:02,50.06,19.06,103303.69,29.41,73.92,100531.38,182.89,100,-20305.66,0.69,4.54,175985,4.94,-0.35
09-07-2026 13:34:01,50.04,18.95,103299.2,29.34,74.11,100531.55,182.89,100,-20305.66,0.66,4.78,175674,4.49,-0.34
09-07-2026 13:35:02,49.94,19.06,103300.77,29.19,74.57,100527.27,182.89,100,-20305.66,0.82,4.65,175768,4.81,-0.34
09-07-2026 13:36:01,49.95,19.08,103302.06,29.47,73.41,100534.91,182.89,100,-20305.66,0.71,4.79,176177,4.86,-0.36
09-07-2026 13:37:02,50.06,19.08,103299.89,29.72,72.84,100532.74,182.89,100,-20305.66,0.66,4.67,176127,6.48,-0.35
09-07-2026 13:38:01,50.12,19.07,103296.39,29.53,73.95,100534.97,182.89,100,-20305.66,0.59,4.39,176474,5.29,-0.37
09-07-2026 13:39:02,50.22,19.03,103307.05,29.83,72.49,100534.55,182.89,100,-20305.66,0.7,4.57,176638,4.68,-0.37
09-07-2026 13:40:01,50.18,18.97,103292.23,29.68,72.26,100533.5,182.89,100,-20305.66,0.66,4.58,177099,5.1,-0.39
09-07-2026 13:41:02,50.16,19.02,103308.1,29.6,73.25,100531.5,182.89,100,-20305.66,0.63,4.39,176845,6.05,-0.38
09-07-2026 13:42:01,50.3,18.77,103297.35,29.53,73.76,100531.41,182.89,100,-20305.66,0.67,4.72,176840,6.52,-0.38
09-07-2026 13:43:02,50.24,18.82,103300.47,29.46,74.01,100528.47,182.89,100,-20305.66,0.64,5.41,176922,6.42,-0.38
09-07-2026 13:44:01,50.19,19.02,103295.96,29.37,74.2,100526.53,182.89,100,-20305.66,0.77,5.21,177070,6.31,-0.39
09-07-2026 13:44:58,50.16,19.07,103290.61,29.49,73.89,100529.13,182.89,100,-20305.66,0.67,4.29,176138,6.84,-0.36
09-07-2026 13:45:01,50.17,19.04,103293.58,29.55,73.64,100528.53,182.89,100,-20305.66,0.65,4.61,176090,5.71,-0.35
09-07-2026 13:45:04,50.17,19.09,103292.67,29.59,73.64,100526.41,182.89,100,-20305.66,0.73,4.76,176565,5.02,-0.37
09-07-2026 13:45:07,50.18,19.07,103289.98,29.58,73.68,100523.71,182.89,100,-20305.66,0.69,4.57,176918,6.43,-0.38
09-07-2026 13:45:10,50.18,19.09,103297.72,29.57,73.97,100528.9,182.89,100,-20305.66,0.66,5.48,176390,4.54,-0.36
09-07-2026 13:45:19,50.2,19.04,103295.39,29.47,74.07,100528.32,182.89,100,-20305.66,0.62,5.24,177355,5.09,-0.40
09-07-2026 13:45:22,50.2,19.07,103309.57,29.46,74.35,100528.6,182.89,100,-20305.66,0.63,4.68,177363,6.33,-0.40
09-07-2026 13:45:25,50.21,19.03,103283.4,29.47,74.36,100526.79,182.89,100,-20305.66,0.57,5.42,176670,4.58,-0.37
09-07-2026 13:45:34,50.22,19.09,103308.01,29.53,74.1,100526.97,182.89,100,-20305.66,0.7,5.13,176606,4.92,-0.37
09-07-2026 13:45:37,50.23,19.08,103290.39,29.56,73.47,100524.8,182.89,100,-20305.66,0.65,4.63,177346,6.37,-0.40
09-07-2026 13:45:39,50.23,19.07,103295.28,29.61,73.16,100527.17,182.89,100,-20305.66,0.59,5.2,176937,4.61,-0.38
09-07-2026 13:45:42,50.22,19.08,103297.95,29.67,73.08,100526.24,182.89,100,-20305.66,0.62,4.86,176620,6.06,-0.37
09-07-2026 13:45:45,50.23,19.08,103292.85,29.73,72.83,100522.75,182.89,100,-20305.66,0.61,4.63,176934,5.82,-0.38
09-07-2026 13:45:48,50.23,19.12,103297.25,29.7,73.02,100527.23,182.89,100,-20305.66,0.72,4.65,176993,4.7,-0.39
09-07-2026 13:45:51,50.24,19.05,103293.46,29.62,73.26,100522.49,182.89,100,-20305.66,0.69,4.52,177006,6.59,-0.39
09-07-2026 13:45:54,50.24,19.02,103300.35,29.55,73.42,100524.03,182.89,100,-20305.66,0.75,4.33,176875,5.14,-0.38
09-07-2026 13:45:57,50.24,19.02,103299.39,29.5,73.4,100526.38,182.89,100,-20305.66,0.58,4.39,176816,5.61,-0.38
09-07-2026 13:46:06,50.24,18.97,103300.25,29.58,72.99,100525.57,182.89,100,-20305.66,0.62,4.82,176822,6.62,-0.38
09-07-2026 13:46:09,50.23,18.96,103285.78,29.62,72.85,100522.32,182.89,100,-20305.66,0.69,5.04,176864,5.16,-0.38
09-07-2026 13:46:12,50.23,18.97,103302.71,29.68,72.59,100523.85,182.89,100,-20305.66,0.69,4.98,176900,5.65,-0.38
09-07-2026 13:46:15,50.22,18.98,103296.32,29.72,72.4,100525.08,182.89,100,-20305.66,0.56,5.12,176977,6.1,-0.39
09-07-2026 13:46:18,50.21,18.97,103290.52,29.73,72.59,100522.05,182.89,100,-20305.66,0.56,4.08,176911,4.56,-0.38
09-07-2026 13:46:27,50.21,18.97,103292.87,29.68,72.72,100521.99,182.89,100,-20305.66,0.7,4.88,176903,5.65,-0.38
09-07-2026 13:46:30,50.21,18.95,103287.57,29.67,72.74,100522.5,182.89,100,-20305.66,0.68,5.22,176898,6.17,-0.38
09-07-2026 13:46:33,50.2,18.96,103300.14,29.7,72.3,100523.02,182.89,100,-20305.66,0.68,5.03,176915,4.62,-0.38
09-07-2026 13:46:36,50.2,19,103289.87,29.71,72.24,100523.1,182.89,100,-20305.66,0.68,4.71,176814,6.52,-0.38
09-07-2026 13:46:39,50.19,18.98,103293.78,29.72,72.46,100523.16,182.89,100,-20305.66,0.54,4.53,176816,5.27,-0.38
09-07-2026 13:46:42,50.2,18.97,103285.07,29.69,72.88,100522.49,182.89,100,-20305.66,0.65,5.23,176983,5.59,-0.39
09-07-2026 13:46:45,50.19,18.97,103283.96,29.68,72.9,100523.27,182.89,100,-20305.66,0.67,4.27,176903,6.03,-0.38
09-07-2026 13:46:47,50.18,19.03,103293.5,29.69,72.66,100526.17,182.89,100,-20305.66,0.6,5.21,176864,4.54,-0.38
09-07-2026 13:46:56,50.17,19.03,103291.1,29.65,73.11,100523.68,182.89,100,-20305.66,0.61,4.96,176893,5.65,-0.38
09-07-2026 13:46:59,50.18,19.03,103292.46,29.64,73.19,100525.42,182.89,100,-20305.66,0.68,4.95,176850,6.03,-0.38
09-07-2026 13:47:02,50.18,19.03,103286.62,29.64,73.22,100521.63,182.89,100,-20305.66,0.68,5.11,176916,4.51,-0.38
09-07-2026 13:48:01,50.19,18.98,103296.91,29.38,73.93,100521.16,182.89,100,-20305.66,0.58,5.19,177008,4.74,-0.39
09-07-2026 13:49:02,50.12,19.02,103297.5,29.54,73.21,100521.3,182.89,100,-20305.66,0.65,4.08,177710,6.41,-0.41
09-07-2026 13:50:01,50.12,18.93,103302,29.49,72.98,100520.53,182.89,100,-20305.66,0.7,4.77,177437,4.55,-0.40
09-07-2026 13:51:00,50.11,18.98,103287.67,29.85,72.2,100516.89,182.89,100,-20305.66,0.6,5.14,177042,6.41,-0.39
09-07-2026 13:52:02,50.18,18.95,103287.39,29.5,73.35,100515.46,182.89,100,-20305.66,0.61,4.46,177588,5.69,-0.41
09-07-2026 13:53:01,50.21,18.95,103279.78,30.02,71.03,100515.28,182.89,100,-20305.66,0.6,4.91,176924,4.47,-0.38
09-07-2026 13:54:02,50.18,18.87,103284.24,29.48,72.57,100507.78,182.89,100,-20305.66,0.67,4.2,176787,4.5,-0.38
09-07-2026 13:55:01,50.07,18.98,103281.63,29.76,72.12,100505.33,182.89,100,-20305.66,0.67,4.57,176997,6.43,-0.39
09-07-2026 13:56:02,50.02,18.92,103278.57,29.59,71.79,100504.38,182.89,100,-20305.66,0.64,4.55,176864,5.86,-0.38
09-07-2026 13:57:01,50,19.05,103275.61,29.63,72.14,100502.28,182.89,100,-20305.66,0.63,4.8,176678,5.23,-0.37
09-07-2026 13:58:02,50.06,18.97,103269.53,29.81,71.55,100501.16,182.89,100,-20305.66,0.72,4.86,176653,6.41,-0.37
09-07-2026 13:59:01,50.13,19.01,103265.29,29.8,71.97,100497.44,182.89,100,-20305.66,0.59,5.52,176721,6.13,-0.38
09-07-2026 14:00:02,50.27,18.96,103269.72,29.85,72.24,100498.64,182.89,100,-20305.66,0.57,4.87,175970,5.64,-0.35
09-07-2026 14:01:02,50.35,18.87,103256.27,30.16,70.67,100489.2,182.89,100,-20305.66,0.91,5.02,176351,5.32,-0.36
09-07-2026 14:02:01,50.3,18.85,103258.46,29.81,71.8,100491.81,182.89,100,-20305.66,0.59,4.34,175370,6.47,-0.33
09-07-2026 14:03:02,50.24,18.85,103258.89,29.48,73.3,100491.2,182.89,100,-20305.66,0.59,4.29,176816,4.58,-0.38
09-07-2026 14:04:01,50.22,18.86,103253.94,29.62,72.65,100489.27,182.89,100,-20305.66,0.85,4.7,-2059382,4.69,81.48
09-07-2026 14:05:02,50.14,18.92,103262.41,29.39,73.75,100491.09,182.89,100,-20305.66,0.76,4.76,-2057507,6.24,81.41
09-07-2026 14:06:01,50.14,18.91,103257.52,29.22,74.51,100494.81,182.89,100,-20305.66,0.69,5.24,175451,6.37,-0.33
09-07-2026 14:07:02,50.1,18.93,103263.07,29.37,73.95,100497.38,182.89,100,-20305.66,0.63,4.94,175534,6.4,-0.33
09-07-2026 14:08:01,50.12,18.83,103262.11,29.23,74.27,100496.54,182.89,100,-20305.66,0.75,4.88,175365,6.43,-0.33
09-07-2026 14:09:02,50.11,18.94,103262.55,29.31,74.32,100501.41,182.89,100,-20305.66,0.66,4.99,176037,6.31,-0.35
09-07-2026 14:10:01,50.2,18.95,103264.05,29.64,73.35,100498.49,182.89,100,-20305.66,0.63,4.63,139820,6.21,0.97
09-07-2026 14:11:02,50.15,19.01,103274.93,29.21,75.11,100500.23,182.89,100,-20305.66,0.76,4.64,139258,4.58,1.00
09-07-2026 14:12:01,50.14,19.05,103255.58,29.32,74.77,100495.52,182.89,100,-20305.66,0.78,5.55,138114,5.44,1.04
09-07-2026 14:13:02,50.2,19.02,103267.23,29.45,74.03,100496.98,182.89,100,-20305.66,0.63,5.39,138458,4.7,1.02
09-07-2026 14:14:01,50.21,19.01,103267.46,29.28,75.2,100498.78,182.89,100,-20305.66,0.68,5.15,140213,5.3,0.96
09-07-2026 14:15:02,50.26,18.95,103259.3,29.72,73.03,100491.25,182.89,100,-20305.66,0.62,4.91,138848,6.63,1.01
09-07-2026 14:51:00,50.68,18.75,103195.42,29.97,71.33,100436.85,182.89,100,-20305.66,0.64,5,-550786,8.04,26.26
09-07-2026 14:51:03,50.81,18.74,103210.61,30.14,71.33,100439.95,182.89,100,-20305.66,0.69,4.9,-547960,4.52,26.15
09-07-2026 14:51:12,50.82,18.72,103197.37,30.21,71.17,100438.72,182.89,100,-20305.66,0.65,4.58,-547803,4.54,26.15
09-07-2026 14:51:15,50.84,18.64,103197.25,30.21,71.09,100438.25,182.89,100,-20305.66,0.71,4.25,-547782,6.37,26.15
09-07-2026 14:51:24,50.88,18.55,103216.97,30.27,70.72,100439.6,182.89,100,-20305.66,0.69,4.59,-547023,6.5,26.12
09-07-2026 14:51:33,50.89,18.51,103201.63,30.25,70.46,100436.2,182.89,100,-20305.66,0.75,4.56,-546782,6.45,26.11
09-07-2026 14:51:53,50.86,18.44,103204.8,30.09,71.21,100437.44,182.89,100,-20305.66,0.82,4.65,-546659,5.03,26.11
09-07-2026 14:52:02,50.83,18.47,103205.53,30.04,71.46,100437.41,182.89,100,-20305.66,0.86,4.99,-546757,4.78,26.11
09-07-2026 14:52:11,50.83,18.44,103200.86,29.85,71.64,100436.39,182.89,100,-20305.66,0.7,5.1,-546872,4.58,26.11
09-07-2026 14:52:14,50.82,18.4,103217.16,29.85,71.55,100435.57,182.89,100,-20305.66,0.7,5.07,-546738,6.04,26.11
09-07-2026 14:52:35,50.75,18.47,103205.11,30.02,71.27,100436.87,182.89,100,-20305.66,0.72,4.96,-546539,5.24,26.10
09-07-2026 14:52:38,50.75,18.47,103210.96,30.03,71.37,100436.64,182.89,100,-20305.66,0.72,4.62,-546584,5.19,26.10
09-07-2026 14:52:41,50.74,18.49,103202.07,30.05,71.54,100438.28,182.89,100,-20305.66,0.62,5.08,-546787,6.35,26.11
09-07-2026 14:52:49,50.74,18.53,103198.57,30.06,71.51,100437.86,182.89,100,-20305.66,0.67,4.96,-547040,6.11,26.12
09-07-2026 14:52:52,50.75,18.51,103196.72,30.07,71.5,100438.1,182.89,100,-20305.66,0.59,4.76,-547150,4.55,26.12
09-07-2026 14:53:01,50.76,18.52,103197.36,30.04,71.38,100433.49,182.89,100,-20305.66,0.69,5.09,-547019,4.54,26.12
09-07-2026 14:53:10,50.77,18.5,103198.28,30.1,71.24,100436.63,182.89,100,-20305.66,0.74,4.37,-547012,4.65,26.12
09-07-2026 14:53:13,50.77,18.52,103194.02,30.08,71.62,100437.69,182.89,100,-20305.66,0.64,4.67,-547492,6.5,26.14
09-07-2026 14:53:16,50.77,18.51,103204.82,30.1,71.7,100436.1,182.89,100,-20305.66,0.67,4.78,-547584,5.33,26.14
09-07-2026 14:54:01,50.82,18.52,103191.93,30.07,71.42,100435.47,182.89,100,-20305.66,0.76,4.85,-547467,4.65,26.13
09-07-2026 14:56:01,51.01,18.49,103187.39,30.29,71.3,100430.11,182.89,100,-20305.66,0.75,4.71,177905,6.48,-0.42
09-07-2026 14:57:02,51.07,18.5,103191.64,29.99,72.88,100425.6,182.89,100,-20305.66,0.7,4.75,182736,6.06,-0.60
09-07-2026 14:58:01,51.21,18.5,103187.85,30.48,71.96,100426.46,182.89,100,-20305.66,0.58,5.28,-547427,4.82,26.13
09-07-2026 14:59:02,51.35,18.37,103196.05,30.47,71.29,100429.15,182.89,100,-20305.66,0.73,4.9,-547687,6.03,26.14
09-07-2026 15:00:02,51.41,18.4,103179.68,30.55,70.41,100422.8,182.89,100,-20305.66,0.81,4.87,-547752,4.96,26.15
09-07-2026 15:01:01,51.27,18.36,103172.88,30.48,70.66,100419.97,182.89,100,-20305.66,0.65,4,-547747,5.72,26.14
09-07-2026 15:02:00,51.28,18.36,103181.78,30.44,70.44,100418.52,182.89,100,-20305.66,0.71,4.06,-547932,5.32,26.15
09-07-2026 15:03:01,51.17,18.34,103173.55,30.36,70.75,100415.8,182.89,100,-20305.66,0.64,5.23,-547755,4.48,26.15
09-07-2026 15:04:00,51.21,18.32,103169.6,30.41,70.7,100417.07,182.89,100,-20305.66,0.76,3.94,-547985,6.03,26.15
09-07-2026 15:05:01,51.26,18.32,103170.52,30.49,70.62,100412.99,182.89,100,-20305.66,0.59,5.21,-548066,5.25,26.16
09-07-2026 15:06:00,51.34,18.18,103171.9,30.4,69.93,100409.58,182.89,100,-20305.66,0.68,4.85,-548131,4.63,26.16
09-07-2026 15:07:02,51.29,18.22,103169.86,30.46,70.57,100407.56,182.89,100,-20305.66,0.65,5.23,-547576,6.09,26.14
09-07-2026 15:08:01,51.44,18.37,103169.7,31.03,69.15,100408,182.89,100,-20305.66,0.68,5.11,-548423,4.42,26.17
09-07-2026 15:09:02,51.52,18.17,103166.32,30.58,69.77,100403.94,182.89,100,-20305.66,0.73,4.7,-548183,5.72,26.16
09-07-2026 15:10:01,51.26,18.23,103153.73,30.43,70.32,100400.73,182.89,100,-20305.66,0.69,4.81,-548519,5.05,26.17
09-07-2026 15:11:02,51.5,18.25,103159.67,31.25,67.99,100396.11,182.89,100,-20305.66,0.68,5.1,-548046,6.29,26.16
09-07-2026 15:12:01,51.5,18.28,103163.77,31.17,68.3,100395.82,182.89,100,-20305.66,0.7,4.54,-547986,5.87,26.15
09-07-2026 15:13:02,51.66,18.18,103155.54,30.78,69.6,100400.5,182.89,100,-20305.66,0.7,5.13,-547855,6.55,26.15
09-07-2026 15:14:01,51.5,18.21,103171.35,30.6,69.82,100400.46,182.89,100,-20305.66,0.81,4.75,-547342,6.39,26.13
09-07-2026 15:15:02,51.37,18.18,103169.17,30.53,69.71,100397.63,182.89,100,-20305.66,0.75,4.76,-547757,5.92,26.15
09-07-2026 15:16:01,51.26,18.23,103154.46,30.51,69.68,100396.66,182.89,100,-20305.66,0.59,4.98,-548435,6.38,26.17
09-07-2026 15:17:02,51.37,18.32,103156.52,30.86,69.02,100399.99,182.89,100,-20305.66,0.75,4.57,-548876,5.27,26.19
09-07-2026 15:18:01,51.53,18.33,103162.47,31.26,67.92,100403.85,182.89,100,-20305.66,0.73,4.98,-548284,5.15,26.16
09-07-2026 15:19:02,51.53,18.24,103157.49,30.53,70.51,100397.63,182.89,100,-20305.66,0.68,4.51,-548441,6.19,26.17
09-07-2026 15:20:01,51.54,18.33,103163,30.39,72.23,100401.86,182.89,100,-20305.66,0.66,4.98,-548707,4.65,26.18
09-07-2026 15:21:02,51.52,18.39,103158.21,30.03,73.37,100400.62,182.89,100,-20305.66,0.79,4.72,-548364,6.05,26.17
09-07-2026 15:22:01,51.42,18.34,103155.33,29.78,74.67,100398.24,182.89,100,-20305.66,0.67,4.66,-548475,6.47,26.17
09-07-2026 15:23:02,51.36,18.38,103169.62,29.81,74.72,100398.82,182.89,100,-20305.66,0.64,5.05,-547755,5.88,26.15
09-07-2026 15:24:01,51.42,18.37,103149.17,30.02,74.07,100397.69,182.89,100,-20305.66,0.63,4.53,-549296,6.61,26.20
09-07-2026 15:25:02,51.5,18.35,103157.55,29.93,74.41,100397.16,182.89,100,-20305.66,0.82,4.62,-546867,4.53,26.11
09-07-2026 15:26:01,51.5,18.37,103145.84,29.82,75.26,100394.67,182.89,100,-20305.66,0.71,4.91,-547725,6.16,26.14
09-07-2026 15:27:02,51.51,18.29,103155.28,29.49,76.37,100389.07,182.89,100,-20305.66,0.77,4.74,-549205,6.37,26.20
09-07-2026 15:28:01,51.5,18.34,103141.85,29.79,75.21,100390.24,182.89,100,-20305.66,0.65,4.82,-549018,6.25,26.19
09-07-2026 15:29:02,51.46,18.33,103151.48,29.98,73.53,100388.46,182.89,100,-20305.66,0.85,4.47,-548122,6.4,26.16
09-07-2026 15:30:01,51.43,18.3,103146.46,30.02,73.67,100387.58,182.89,100,-20305.66,0.67,4.6,-547823,6.1,26.15
09-07-2026 15:31:02,51.39,18.35,103148.1,29.87,74.59,100384.64,182.89,100,-20305.66,0.6,4.8,-548144,6.08,26.16
09-07-2026 15:32:01,51.4,18.36,103155.42,29.7,75.16,100387.85,182.89,100,-20305.66,0.66,4.97,-547990,5.9,26.15
09-07-2026 15:33:02,51.34,18.31,103148.64,28.95,78.72,100385.08,182.89,100,-20305.66,0.66,4.71,-548278,5.78,26.16
09-07-2026 15:34:01,51.31,18.37,103140.31,29.44,76.8,100387.5,182.89,100,-20305.66,0.68,4.74,-547865,5.23,26.15
09-07-2026 15:35:02,51.36,18.4,103149.92,29.45,76.9,100384.75,182.89,100,-20305.66,0.62,3.91,-548664,4.97,26.18
09-07-2026 15:36:01,51.37,18.35,103143.77,29.6,75.76,100384.25,182.89,100,-20305.66,0.61,5.57,-548771,6.46,26.18
09-07-2026 15:37:02,51.33,18.33,103158.97,29.47,76.39,100385.94,182.89,100,-20305.66,0.6,4.65,-548229,4.52,26.16
09-07-2026 15:38:01,51.31,18.36,103151.66,29.41,76.71,100389.55,182.89,100,-20305.66,0.9,5.08,-548441,4.54,26.17
09-07-2026 15:39:02,51.18,18.4,103141.6,29.24,77.44,100384.01,182.89,100,-20305.66,0.62,4.22,-548032,4.49,26.16
09-07-2026 15:40:01,51.12,18.37,103143.07,28.98,77.84,100380.89,182.89,100,-20305.66,0.95,4.55,-548667,5.51,26.18
09-07-2026 15:41:02,51.02,18.42,103137.8,29.04,77.78,100383.49,182.89,100,-20305.66,0.7,4.88,-548175,5.09,26.16
09-07-2026 15:42:01,50.94,18.42,103147.82,28.92,78.01,100376.14,182.89,100,-20305.66,0.67,4.74,-548225,6.1,26.16
09-07-2026 15:43:00,50.86,18.52,103142.67,29,78.02,100375.84,182.89,100,-20305.66,0.64,4.61,-548279,5.09,26.16
09-07-2026 15:44:01,50.81,18.51,103134.99,28.47,80.54,100381.96,182.89,100,-20305.66,0.59,4.9,-547889,5.09,26.15
09-07-2026 15:45:00,50.79,18.58,103129.99,28.75,79.73,100376.31,182.89,100,-20305.66,0.84,3.92,-548603,4.89,26.18
09-07-2026 15:46:02,50.9,18.6,103143.6,29.07,78.5,100378.3,182.89,100,-20305.66,0.7,4.8,-548133,5.52,26.16
09-07-2026 15:47:01,50.94,18.6,103132.35,29.05,78.39,100376.12,182.89,100,-20305.66,0.82,4.57,-547724,6.56,26.14
09-07-2026 15:48:02,50.93,18.61,103133.53,29.11,78.22,100375.91,182.89,100,-20305.66,0.62,5.09,-548835,4.92,26.18
09-07-2026 15:49:01,50.84,18.58,103138.52,28.93,78.62,100376.22,182.89,100,-20305.66,0.75,4.59,-548163,6.3,26.16
09-07-2026 15:50:02,50.81,18.61,103142.69,28.9,78.81,100375.75,182.89,100,-20305.66,0.62,4.3,-548600,6.43,26.18
09-07-2026 15:51:01,50.78,18.58,103155.71,29.1,77.85,100379.11,182.89,100,-20305.66,0.6,4.92,-548462,6.44,26.17
09-07-2026 15:52:02,50.82,18.58,103130.02,29.15,77.67,100376.85,182.89,100,-20305.66,0.62,4.81,-547922,5.36,26.15
09-07-2026 15:53:01,50.8,18.57,103139.72,28.85,79.01,100382.03,182.89,100,-20305.66,0.68,4.59,-548602,4.56,26.18
09-07-2026 15:54:02,50.8,18.67,103144.07,29.13,77.93,100378,182.89,100,-20305.66,0.72,4.52,-548538,5.03,26.17
09-07-2026 15:55:01,50.81,18.59,103139.19,28.87,78.5,100373.62,182.89,100,-20305.66,0.7,3.86,-548118,5.21,26.16
09-07-2026 15:56:02,50.82,18.53,103131.05,28.94,78.06,100375.03,182.89,100,-20305.66,0.6,3.91,-548429,6.27,26.17
09-07-2026 15:57:01,50.79,18.57,103132.07,28.87,78.85,100372.77,182.89,100,-20305.66,0.68,4.77,-548140,4.5,26.16
09-07-2026 15:58:02,50.78,18.59,103134.46,28.9,78.82,100368.28,182.89,100,-20305.66,0.78,4.34,-547109,6.49,26.12
09-07-2026 15:59:01,50.76,18.56,103124.32,28.83,78.83,100372.17,182.89,100,-20305.66,0.74,4.81,-548156,5.59,26.16
09-07-2026 16:00:02,50.74,18.62,103124.49,28.99,78.32,100364.1,182.89,100,-20305.66,0.73,4.62,-547085,4.47,26.12
09-07-2026 16:01:01,50.8,18.59,103121.05,29.06,77.83,100363.11,182.89,100,-20305.66,0.69,4.78,-547381,4.93,26.13
09-07-2026 16:02:00,50.78,18.59,103114.64,28.83,79.05,100361.14,182.89,100,-20305.66,0.65,4.8,-547701,5.1,26.14
09-07-2026 16:03:01,50.79,18.53,103116.62,28.82,79.09,100357.52,182.89,100,-20305.66,0.63,4.72,-547921,6.06,26.15
09-07-2026 16:04:00,50.86,18.56,103112.66,29.09,78.34,100356.57,182.89,100,-20305.66,0.64,4.65,-547868,6.31,26.15
09-07-2026 16:05:01,51,18.5,103110.17,29.31,77.42,100350.32,182.89,100,-20305.66,0.64,4.42,-547337,6.48,26.13
09-07-2026 16:06:00,51.03,18.47,103113.47,29.24,77.51,100348.92,182.89,100,-20305.66,0.67,4.73,-545854,6.21,26.08
09-07-2026 16:07:01,51.08,18.42,103110.21,29.29,77.11,100344.08,182.89,100,-20305.66,0.74,4.55,-547761,6.49,26.15
09-07-2026 16:08:00,51.18,18.4,103101.69,29.42,76.86,100347.9,182.89,100,-20305.66,0.74,4.65,-547936,6.53,26.15
09-07-2026 16:09:01,51.23,18.37,103110.14,29.56,76.64,100347.88,182.89,100,-20305.66,0.74,4.77,-548053,4.52,26.16
09-07-2026 16:10:00,51.26,18.38,103099.85,29.1,78.62,100347.93,182.89,100,-20305.66,0.67,4.48,-547272,5.97,26.13
09-07-2026 16:11:01,51.23,18.42,103111.49,29.23,78.89,100345.52,182.89,100,-20305.66,0.65,4.87,-547624,4.83,26.14
09-07-2026 16:12:00,51.38,18.42,103115.15,29.65,76.61,100341.88,182.89,100,-20305.66,0.74,4.38,-548086,6.28,26.16
09-07-2026 16:13:01,51.44,18.35,103114.77,29.8,75.81,100342.28,182.89,100,-20305.66,0.58,3.99,-547842,6.5,26.15
09-07-2026 16:14:00,51.47,18.33,103104.36,29.59,76.51,100346.44,182.89,100,-20305.66,0.69,4.89,-548025,6.05,26.16
09-07-2026 16:15:01,51.42,18.41,103103.9,29.75,76.22,100344.89,182.89,100,-20305.66,0.79,5.38,-547602,6.36,26.14
09-07-2026 16:16:00,51.5,18.35,103105.55,29.8,75.81,100340.71,182.89,100,-20305.66,0.66,4.01,-548071,6.41,26.16
09-07-2026 16:17:02,51.45,18.31,103097.57,29.73,75.9,100343.74,182.89,100,-20305.66,0.81,4.9,-547632,4.71,26.14
09-07-2026 16:18:01,51.3,18.31,103104.19,29.23,77.44,100339.91,182.89,100,-20305.66,0.69,4.58,-548009,4.88,26.15
09-07-2026 16:19:02,51.22,18.4,103097.71,29.42,76.53,100338.96,182.89,100,-20305.66,0.71,4.87,-547815,6.52,26.15
09-07-2026 16:20:01,51.1,18.33,103100.08,28.86,78.88,100334.88,182.89,100,-20305.66,0.66,4.62,-547802,4.42,26.15
09-07-2026 16:21:02,51.06,18.4,103102.71,29.18,77.19,100332.05,182.89,100,-20305.66,0.63,4.82,-548217,5.33,26.16
09-07-2026 16:22:01,51.1,18.36,103096.17,29.36,76.49,100336.59,182.89,100,-20305.66,0.76,4.83,-548130,5.76,26.16
09-07-2026 16:23:02,51.12,18.42,103097.86,29.29,77.15,100334.03,182.89,100,-20305.66,0.66,4.21,-547888,6.45,26.15
09-07-2026 16:24:01,51.16,18.36,103101.09,29.45,76.51,100336.61,182.89,100,-20305.66,0.76,5.84,-548593,4.52,26.18
09-07-2026 16:25:02,51.15,18.36,103105.11,29.49,75.4,100333.99,182.89,100,-20305.66,0.74,4.7,-548437,6.53,26.17
09-07-2026 16:26:01,51.07,18.38,103113.61,29.24,77.14,100335.48,182.89,100,-20305.66,0.64,4.21,-547628,6.07,26.14
09-07-2026 16:27:02,51.13,18.41,103115.38,29.57,75.95,100334.14,182.89,100,-20305.66,0.68,4.99,-547903,5.5,26.15
09-07-2026 16:28:01,51.11,18.44,103096.74,29.39,76.77,100329.33,182.89,100,-20305.66,0.68,5.01,-547875,6.11,26.15
09-07-2026 16:30:01,51.07,18.4,103080,29.35,76.68,100324.61,182.89,100,-20305.66,0.55,4.58,-548154,4.87,26.16
09-07-2026 16:31:02,51.12,18.39,103094.16,29.56,75.87,100317.38,182.89,100,-20305.66,0.63,4.93,-547888,5.54,26.15
09-07-2026 16:32:01,51.19,18.33,103082.71,29.42,76.84,100317.75,182.89,100,-20305.66,0.67,4.77,-547810,5.75,26.15
09-07-2026 16:33:02,51.29,18.31,103077.58,29.77,75.22,100314.47,182.89,100,-20305.66,0.64,4.9,-547779,6.41,26.15
09-07-2026 16:34:01,51.39,18.26,103075.97,29.8,75.25,100309.67,182.89,100,-20305.66,0.74,4.76,-548189,6.14,26.16
09-07-2026 16:35:02,51.39,18.29,103069.26,29.78,75.06,100310.91,182.89,100,-20305.66,0.8,4.8,-547344,5.62,26.13
09-07-2026 16:36:01,51.34,18.24,103059.92,29.33,76.83,100304.77,182.89,100,-20305.66,0.76,4.94,-548504,5.44,26.17
09-07-2026 16:37:02,51.35,18.25,103063.78,29.73,75.25,100301.57,182.89,100,-20305.66,0.67,4.91,-547910,6.02,26.15
09-07-2026 16:38:01,51.41,18.3,103054.49,29.93,74.64,100301.45,182.89,100,-20305.66,0.68,4.66,-547687,4.52,26.14
09-07-2026 16:39:02,51.49,18.23,103062.27,29.84,74.73,100296.39,182.89,100,-20305.66,0.7,4.45,-548441,5.85,26.17
09-07-2026 16:40:01,51.44,18.24,103066.82,29.82,74.85,100297.17,182.89,100,-20305.66,0.74,4.85,-547797,5.66,26.15
09-07-2026 16:41:02,51.45,18.21,103045.6,29.95,73.98,100295.17,182.89,100,-20305.66,0.77,4.63,-548259,5.72,26.16
09-07-2026 16:42:01,51.45,18.25,103058.47,30.04,73.95,100297.71,182.89,100,-20305.66,0.66,4.96,-547923,5.3,26.15
09-07-2026 16:43:00,51.5,18.19,103060.37,29.8,74.89,100299.78,182.89,100,-20305.66,0.68,5.34,-547909,5.68,26.15
09-07-2026 16:44:01,51.55,18.2,103066.53,30.07,73.81,100293.42,182.89,100,-20305.66,0.72,4.6,-548419,5.3,26.17
09-07-2026 16:45:00,51.62,18.15,103052.06,29.97,74.17,100294.13,182.89,100,-20305.66,0.64,5.2,-547566,5.69,26.14
09-07-2026 16:46:01,51.59,18.16,103048.03,30.05,73.83,100286.08,182.89,100,-20305.66,0.66,4.95,-548009,6.38,26.15
09-07-2026 16:47:00,51.52,18.16,103056.12,29.98,73.73,100286.44,182.89,100,-20305.66,0.61,4.49,-548194,6.44,26.16
09-07-2026 16:48:02,51.46,18.19,103038.42,30.1,73.06,100283,182.89,100,-20305.66,0.8,4.82,-548066,6.49,26.16
09-07-2026 16:49:01,51.48,18.17,103047.07,29.72,75.03,100280.5,182.89,100,-20305.66,0.75,5.26,-547738,4.76,26.14
09-07-2026 16:50:02,51.48,18.23,103044.25,29.93,74.27,100283.85,182.89,100,-20305.66,0.63,5.64,-548649,4.75,26.18
09-07-2026 16:51:01,51.54,18.15,103044.08,30.04,73.57,100282.63,182.89,100,-20305.66,0.72,4.33,-549203,5.03,26.20
09-07-2026 16:52:02,51.52,18.18,103046.05,29.85,73.99,100279.5,182.89,100,-20305.66,0.85,4.97,-547988,4.87,26.15
09-07-2026 16:53:01,51.5,18.24,103050.8,29.81,75.27,100280.39,182.89,100,-20305.66,0.7,5.33,-548084,5.13,26.16
09-07-2026 16:54:02,51.65,18.08,103041.02,30.14,73.23,100278.53,182.89,100,-20305.66,0.83,4.86,-548136,6.41,26.16
09-07-2026 16:55:01,51.64,18.24,103042.04,30.06,74.13,100276.64,182.89,100,-20305.66,0.86,5.17,-547904,4.54,26.15
09-07-2026 16:56:02,51.75,18.08,103040.99,30.28,72.8,100272.57,182.89,100,-20305.66,0.66,4.88,-547875,4.53,26.15
09-07-2026 16:57:01,51.7,18.1,103034.73,30.23,73.32,100271.42,182.89,100,-20305.66,0.75,4.71,-548660,4.46,26.18
09-07-2026 16:58:02,51.77,18.07,103017.52,30.23,73.08,100263.21,182.89,100,-20305.66,0.69,4.95,-548357,6.04,26.17
09-07-2026 16:59:01,51.71,18.07,103019.67,30.31,72.73,100262.02,182.89,100,-20305.66,0.65,5.07,-548025,6.45,26.16
09-07-2026 17:00:02,51.63,18.08,103022.79,29.94,73.63,100263.1,182.89,100,-20305.66,0.65,4.83,-548072,4.99,26.16
09-07-2026 17:01:01,51.55,18.06,103024.35,29.82,74.21,100260.99,182.89,100,-20305.66,0.64,4.7,-548012,6.21,26.15
09-07-2026 17:02:00,51.5,18.08,103015.55,29.83,73.66,100263.74,182.89,100,-20305.66,0.75,5.02,-548665,6.12,26.18
09-07-2026 17:03:02,51.61,18.12,103017.21,30.27,72.16,100255.26,182.89,100,-20305.66,0.76,4.7,-549925,5.39,26.22
09-07-2026 17:04:00,51.67,18.09,103023.46,29.97,73.88,100260.63,182.89,100,-20305.66,0.64,4.72,-548373,5.12,26.17
09-07-2026 17:05:02,51.71,18.12,103008.06,30.32,72.9,100259.5,182.89,100,-20305.66,0.74,4.52,-547578,6.14,26.14
09-07-2026 17:06:01,51.81,18.12,103022.67,30.45,72.58,100262.57,182.89,100,-20305.66,0.73,5,-547878,5.93,26.15
09-07-2026 17:07:02,51.78,18.16,103025.21,30.34,72.71,100258.02,182.89,100,-20305.66,0.7,5.1,-547798,4.42,26.15
09-07-2026 17:08:01,51.73,18.12,103017.32,30.2,73.1,100261.8,182.89,100,-20305.66,0.66,4.61,-548001,5.77,26.15
09-07-2026 17:09:02,51.67,18.07,103003.76,30.05,73.14,100255.5,182.89,100,-20305.66,0.78,4.66,-548410,6.5,26.17
09-07-2026 17:10:01,51.55,18.13,103011.59,29.94,73.48,100254.83,182.89,100,-20305.66,0.77,4.61,-548250,4.55,26.16
09-07-2026 17:12:01,51.44,18.12,103021.03,29.71,74.45,100253.25,182.89,100,-20305.66,0.82,4.64,-548115,6.35,26.16
09-07-2026 17:13:02,51.42,18.13,103021.79,29.91,73.79,100248.36,182.89,100,-20305.66,0.54,4.52,-548228,5.36,26.16
09-07-2026 17:14:01,51.42,18.13,103008.55,29.71,74.8,100252.09,182.89,100,-20305.66,0.62,4.88,-549047,4.96,26.19
09-07-2026 17:16:01,51.21,18.06,103008.5,29.47,74.64,100248.88,182.89,100,-20305.66,0.74,5.25,-548072,4.57,26.16
09-07-2026 17:17:02,51.1,18.17,103004.46,29.19,76.04,100247.85,182.89,100,-20305.66,0.71,4.53,-548333,4.38,26.17
09-07-2026 17:18:01,51.07,18.19,102989.33,29.23,75.6,100236.32,182.89,100,-20305.66,0.95,5.08,-548227,5.97,26.16
09-07-2026 17:19:02,51.03,18.24,103009.57,29.28,75.35,100243.67,182.89,100,-20305.66,0.7,4.77,-548766,6.15,26.18
09-07-2026 17:20:01,51.1,18.19,103001.82,29.4,74.83,100235.65,182.89,100,-20305.66,0.64,4.43,-548136,6.24,26.16
09-07-2026 17:21:02,51.05,18.18,103001.59,29.25,75.74,100240.12,182.89,100,-20305.66,0.68,4.84,-548581,6.3,26.18
09-07-2026 17:22:01,51.08,18.26,102996.68,29.61,74.57,100238.75,182.89,100,-20305.66,0.72,5.16,-548168,6.24,26.16
09-07-2026 17:23:02,51.26,18.21,102996.27,29.64,74.83,100234.94,182.89,100,-20305.66,0.97,4.86,-548238,4.78,26.16
09-07-2026 17:24:01,51.2,18.24,102998.51,29.71,73.94,100240.35,182.89,100,-20305.66,0.74,4.74,-548230,6.38,26.16
09-07-2026 17:25:02,51.2,18.21,103014.69,29.5,75.35,100241.39,182.89,100,-20305.66,0.89,4.61,-547983,4.84,26.15
09-07-2026 17:26:01,51.23,18.21,102992.41,29.64,74.33,100238.21,182.89,100,-20305.66,1.01,4.39,-548144,6.26,26.16
09-07-2026 17:27:02,51.17,18.23,102990.46,29.68,74.44,100226.1,182.89,100,-20305.66,1.2,5.06,-547910,4.6,26.15
09-07-2026 17:28:01,51.14,18.2,103003.53,29.61,74.52,100232.91,182.89,100,-20305.66,0.57,4.57,-547972,6.45,26.15
09-07-2026 17:29:02,51.18,18.18,102993.23,29.87,73.33,100236.13,182.89,100,-20305.66,0.64,4.75,-547981,4.99,26.15
09-07-2026 17:30:01,51.26,18.21,103008.79,30.04,73.03,100229.36,182.89,100,-20305.66,0.64,5.44,-548155,5.19,26.16
09-07-2026 17:31:02,51.33,18.22,102997.5,29.95,73.93,100232.74,182.89,100,-20305.66,0.69,3.94,-548121,4.81,26.16
09-07-2026 17:32:01,51.37,18.15,102987.97,29.92,73.62,100232.28,182.89,100,-20305.66,0.65,5.18,-548067,4.58,26.16
09-07-2026 17:33:02,51.38,18.17,102989.47,30.27,71.78,100231.1,182.89,100,-20305.66,0.66,5.29,-548135,5.25,26.16
09-07-2026 17:34:01,51.41,18.17,102986.63,30.1,72.92,100230.02,182.89,100,-20305.66,0.61,4.55,-548109,5.12,26.16
09-07-2026 17:35:02,51.37,18.14,102984.25,30.01,72.47,100226.35,182.89,100,-20305.66,0.66,4.69,-548324,6.32,26.17
09-07-2026 17:36:01,51.31,18.14,102981.49,30.15,71.46,100221.4,182.89,100,-20305.66,0.88,5.14,-548181,6.32,26.16
09-07-2026 17:37:02,51.26,18.16,102978.86,29.77,73.82,100223.3,182.89,100,-20305.66,0.78,4.53,-548398,6.06,26.17
09-07-2026 17:38:01,51.34,18.1,102980.78,30.01,72.53,100217.57,182.89,100,-20305.66,0.65,4.6,-548489,4.49,26.17
09-07-2026 17:39:02,51.3,18.2,102977.93,29.92,73.58,100215.1,182.89,100,-20305.66,0.68,5.96,-548281,4.73,26.16
09-07-2026 17:40:01,51.34,18.13,102977.33,29.83,73.65,100214.52,182.89,100,-20305.66,0.66,5.29,-548084,5.42,26.16
09-07-2026 17:41:02,51.3,18.19,102972.05,29.9,73.65,100210.5,182.89,100,-20305.66,0.62,4.63,-548250,6.25,26.16
09-07-2026 17:42:01,51.29,18.11,102975.99,29.81,73.6,100202.41,182.89,100,-20305.66,0.71,5.09,-548116,5.72,26.16
09-07-2026 17:43:02,51.27,18.16,102976.46,29.82,73.79,100212.71,182.89,100,-20305.66,0.68,4.57,-548237,5.62,26.16
09-07-2026 17:44:01,51.37,18.18,102962.47,29.96,73.37,100209.11,182.89,100,-20305.66,0.65,4.94,-548383,5.9,26.17
09-07-2026 17:45:02,51.42,18.07,102977.89,30.09,72.32,100205.52,182.89,100,-20305.66,0.73,4.33,-548164,5.32,26.16
09-07-2026 17:46:01,51.39,18.04,102972.29,29.88,73.25,100206.82,182.89,100,-20305.66,0.69,3.85,-548137,6.03,26.16
09-07-2026 17:47:02,51.4,18.03,102966,30.08,72.36,100207.07,182.89,100,-20305.66,0.71,3.88,-548392,5.16,26.17
09-07-2026 17:48:01,51.49,18.05,102965.27,30.16,72.08,100208.1,182.89,100,-20305.66,0.79,4.64,-548148,4.4,26.16
09-07-2026 17:49:02,51.53,18.01,102973.88,30.12,72.6,100203.94,182.89,100,-20305.66,0.77,5.32,-548138,6.36,26.16
09-07-2026 17:50:01,51.6,18.05,102971.32,30.55,71.13,100206.1,182.89,100,-20305.66,0.6,3.83,-548051,6.22,26.16
09-07-2026 17:51:02,51.6,18.17,102953.08,30.63,71.27,100201.8,182.89,100,-20305.66,0.7,4.84,176536,5.41,-0.37
09-07-2026 17:52:01,51.64,18.09,102955.15,30.59,70.93,100202.1,182.89,100,-20305.66,0.64,4.81,176952,6.18,-0.38
09-07-2026 17:53:00,51.46,18.33,102964.35,30.15,72.02,100205.08,182.89,100,-20305.66,0.58,4.68,176508,5.13,-0.37
09-07-2026 17:54:01,51.29,18.34,102963.42,29.82,73.32,100200.89,182.89,100,-20305.66,0.57,4.54,176574,5.08,-0.37
09-07-2026 17:55:00,51.27,18.38,102965.85,29.98,72.44,100196.75,182.89,100,-20305.66,0.66,4.69,176800,5.23,-0.38
09-07-2026 17:56:01,51.14,18.35,102965.45,29.43,74.38,100204.09,182.89,100,-20305.66,0.69,5.27,176969,4.62,-0.39
09-07-2026 17:57:00,51.05,18.42,102955.81,29.7,72.78,100201.48,182.89,100,-20305.66,0.7,4.33,176868,5.49,-0.38
09-07-2026 17:58:01,51.06,18.4,102973,29.74,73.37,100199.94,182.89,100,-20305.66,0.65,5.02,177824,4.43,-0.42
09-07-2026 17:59:00,51.04,18.38,102944.57,29.6,73.44,100193.17,182.89,100,-20305.66,0.79,5.56,178115,6.37,-0.43
09-07-2026 18:00:02,50.87,18.47,102975.07,29.47,74.02,100191.75,182.89,100,-20305.66,0.64,5.09,178052,6.1,-0.43
09-07-2026 18:01:01,50.92,18.37,102955.78,29.68,73.26,100190.28,182.89,100,-20305.66,0.72,5.14,178366,5.81,-0.44
09-07-2026 18:02:00,50.95,18.27,102949.2,29.88,72.68,100186.07,182.89,100,-20305.66,0.76,4.33,178620,5.23,-0.45
09-07-2026 18:03:02,51.08,18.34,102949.22,30.37,70.45,100188.58,182.89,100,-20305.66,0.96,4.18,178512,5.95,-0.44
09-07-2026 18:04:01,51.05,18.32,102959.35,30.17,71.62,100187.72,182.89,100,-20305.66,0.8,4.92,178663,4.59,-0.45
09-07-2026 18:05:02,51.06,18.26,102950.75,29.86,72.71,100187.32,182.89,100,-20305.66,0.68,4.67,178815,5.98,-0.45
09-07-2026 18:06:01,51.11,18.3,102955.68,30.15,71.97,100192.05,182.89,100,-20305.66,0.72,4.92,178680,5.18,-0.45
09-07-2026 18:08:01,51.05,18.29,102958.89,30.06,71.6,100194.43,182.89,100,-20305.66,0.77,4.72,178993,6.28,-0.46
09-07-2026 18:09:02,51.05,18.3,102960.89,29.72,73.25,100191.49,182.89,100,-20305.66,0.69,4.62,179163,5.43,-0.47
09-07-2026 18:10:01,51.04,18.18,102952.5,29.69,73.19,100191.92,182.89,100,-20305.66,0.75,5.09,179000,5,-0.46
09-07-2026 18:11:02,50.94,18.28,102972.62,29.78,73.11,100193.96,182.89,100,-20305.66,0.78,4.69,179019,4.45,-0.46
09-07-2026 18:12:01,50.98,18.22,102941.02,29.65,73.17,100193.39,182.89,100,-20305.66,0.71,4.98,178780,5.97,-0.45
09-07-2026 18:13:02,51.06,18.24,102950.21,30.03,72.21,100193.17,182.89,100,-20305.66,0.75,4.61,178935,5.77,-0.46
09-07-2026 18:14:01,51.08,18.2,102952.89,29.91,72.36,100193.21,182.89,100,-20305.66,0.77,4.81,178870,4.68,-0.46
09-07-2026 18:15:02,50.97,18.27,102945.24,29.84,72.62,100188.54,182.89,100,-20305.66,0.71,4.83,179168,6.43,-0.47
09-07-2026 18:16:01,50.93,18.26,102958.43,29.71,72.96,100195.11,182.89,100,-20305.66,0.65,5.08,179144,6.5,-0.47
09-07-2026 18:17:02,50.97,18.25,102951.22,29.84,72.66,100188.25,182.89,100,-20305.66,0.58,5.15,179308,6.48,-0.47
09-07-2026 18:18:01,51.12,18.26,102966.74,30.24,71.05,100195.74,182.89,100,-20305.66,0.65,5.01,178962,6.29,-0.46
09-07-2026 18:19:02,51.18,18.25,102951.07,30.39,70.39,100194.99,182.89,100,-20305.66,0.78,5.73,179005,5.62,-0.46
09-07-2026 18:20:01,51.05,18.27,102949.47,29.9,72.12,100195.19,182.89,100,-20305.66,0.72,4.85,179373,6.12,-0.47
09-07-2026 18:21:02,51.02,18.32,102961.67,30.17,71.52,100194.74,182.89,100,-20305.66,0.68,5.19,179389,5.66,-0.47
09-07-2026 18:22:01,51.14,18.25,102958.61,30.31,70.47,100200.96,182.89,100,-20305.66,0.74,4.92,179301,6.01,-0.47
09-07-2026 18:23:02,51.14,18.28,102968.89,30.11,71.73,100199.08,182.89,100,-20305.66,0.65,4.73,179390,5.32,-0.47
09-07-2026 18:24:01,51.17,18.28,102959.3,30.3,70.6,100191.36,182.89,100,-20305.66,0.76,5.38,179383,6.21,-0.47
09-07-2026 18:25:02,51.14,18.18,102961.82,30.06,71.25,100198.06,182.89,100,-20305.66,0.79,4.53,179402,6.44,-0.47
09-07-2026 18:26:01,51.09,18.18,102960.19,29.82,72.6,100195.58,182.89,100,-20305.66,0.56,4.76,179603,4.9,-0.48
09-07-2026 18:27:02,51.05,18.19,102962.6,29.77,72.21,100189.46,182.89,100,-20305.66,0.7,5.54,179420,5.54,-0.48
09-07-2026 18:28:01,51.12,18.26,102962.39,30.35,70.63,100193.44,182.89,100,-20305.66,0.72,4.66,179286,4.77,-0.47
09-07-2026 18:29:00,51.22,18.23,102957.72,30.49,70.46,100193.73,182.89,100,-20305.66,0.73,4.94,179426,4.67,-0.48
09-07-2026 18:30:01,51.27,18.2,102955.6,30.26,71.18,100193.22,182.89,100,-20305.66,0.66,5.03,179281,5.68,-0.47
09-07-2026 18:31:01,51.25,18.18,102957.6,30.19,70.87,100195.1,182.89,100,-20305.66,0.66,4.51,179132,6.46,-0.46
09-07-2026 18:32:02,51.17,18.27,102961.08,30.04,72.41,100198.85,182.89,100,-20305.66,0.62,4.9,179254,4.59,-0.47
09-07-2026 18:33:01,51.08,18.24,102954.07,29.68,72.96,100199.8,182.89,100,-20305.66,0.77,4.63,179160,4.61,-0.47
09-07-2026 18:34:02,50.87,18.33,102963.24,29.35,74.22,100202.71,182.89,100,-20305.66,0.72,5.19,179068,5.46,-0.46
09-07-2026 18:35:01,50.79,18.34,102965.75,29.27,74.63,100198.88,182.89,100,-20305.66,0.69,4.9,178988,4.45,-0.46
09-07-2026 19:35:08,49.37,19.59,102975.35,28.61,77.07,100183.58,182.89,100,-20305.66,0.77,4.65,-489950,5.51,24.03
09-07-2026 19:35:18,49.35,19.63,102979.94,28.49,77.4,100185.27,182.89,100,-20305.66,0.6,5.08,-489947,5.59,24.03
09-07-2026 19:35:28,49.36,19.55,102986.33,28.68,76.39,100188.47,182.89,100,-20305.66,0.7,4.82,-489971,5.62,24.03
09-07-2026 19:35:38,49.35,19.57,102978.74,28.74,76.51,100187.29,182.89,100,-20305.66,0.71,4.28,-490780,5.68,24.06
09-07-2026 19:35:48,49.37,19.53,102997.46,28.77,76.58,100186.47,182.89,100,-20305.66,0.58,5.39,-489991,5.6,24.03
09-07-2026 19:35:58,49.38,19.58,102974.02,28.78,76.18,100187.99,182.89,100,-20305.66,0.76,4.79,-488999,5.61,23.99
09-07-2026 19:36:08,49.38,19.53,102980.12,28.53,77.1,100183.75,182.89,100,-20305.66,0.68,4.41,-492506,5.67,24.12
09-07-2026 19:36:18,49.37,19.5,102990.87,28.42,77.6,100190.41,182.89,100,-20305.66,0.6,3.96,-492018,5.6,24.10
09-07-2026 19:36:28,49.37,19.5,102997.05,28.42,77.71,100192.16,182.89,100,-20305.66,0.62,5.42,-488736,5.61,23.98
09-07-2026 19:36:38,49.38,19.47,103006.94,28.44,77.35,100194.21,182.89,100,-20305.66,0.67,3.99,-490897,5.65,24.06
09-07-2026 19:36:48,49.4,19.45,102993.85,28.47,76.94,100193.03,182.89,100,-20305.66,0.57,4.53,-491189,5.61,24.07
09-07-2026 19:36:58,49.35,19.52,102986.9,28.52,77.21,100192.38,182.89,100,-20305.66,0.74,5.32,-491268,5.59,24.08
09-07-2026 19:37:08,49.35,19.5,102988.35,28.5,77.34,100194.26,182.89,100,-20305.66,0.65,4.79,-491681,5.67,24.09
09-07-2026 19:37:18,49.35,19.47,102980.39,28.54,76.78,100192.33,182.89,100,-20305.66,0.72,5.19,-491783,5.6,24.10
09-07-2026 19:37:28,49.33,19.53,102987.55,28.49,77.32,100192.79,182.89,100,-20305.66,0.59,4.82,-491988,5.59,24.10
09-07-2026 19:37:38,49.33,19.51,102984.84,28.6,76.55,100187.83,182.89,100,-20305.66,1.06,4.93,-492446,5.67,24.12
09-07-2026 19:37:48,49.33,19.5,102990.75,28.43,77.45,100192.92,182.89,100,-20305.66,0.6,4.89,-492883,5.64,24.14
09-07-2026 19:37:58,49.34,19.48,102989.1,28.38,77.37,100192.03,182.89,100,-20305.66,0.66,5.37,-492930,5.6,24.14
09-07-2026 19:38:08,49.31,19.45,102979.11,28.2,78.15,100192.1,182.89,100,-20305.66,0.93,4.99,-493228,5.61,24.15
09-07-2026 19:38:18,49.29,19.51,103003.85,28.14,78.58,100194.5,182.89,100,-20305.66,0.69,4.47,-493448,5.66,24.16
09-07-2026 19:38:28,49.26,19.53,103005.25,28.24,78.42,100189.14,182.89,100,-20305.66,0.77,4.7,-493846,5.68,24.17
09-07-2026 19:38:38,49.26,19.53,102988.74,28.22,78.37,100195.09,182.89,100,-20305.66,0.5,4.95,-493938,5.66,24.18
09-07-2026 19:38:48,49.27,19.5,102990.52,28.28,77.97,100194.1,182.89,100,-20305.66,0.76,4.29,-493960,5.6,24.18
09-07-2026 19:38:58,49.27,19.44,102995.58,28.2,78.01,100194.44,182.89,100,-20305.66,0.7,4.69,-494300,5.6,24.19
09-07-2026 19:39:08,49.25,19.48,103005.02,28.15,78.49,100194.5,182.89,100,-20305.66,0.83,5.24,-494482,5.65,24.19
09-07-2026 19:39:18,49.25,19.44,102993.16,28.12,78.46,100194.94,182.89,100,-20305.66,0.71,4.95,-494746,5.69,24.20
09-07-2026 19:39:28,49.23,19.46,102995.62,28.23,78.01,100196.3,182.89,100,-20305.66,0.59,5.39,-494909,5.67,24.21
09-07-2026 19:39:38,49.22,19.48,102990.17,28.31,77.95,100194.21,182.89,100,-20305.66,0.7,4.65,-495101,5.62,24.22
09-07-2026 19:39:48,49.23,19.47,102986.25,28.36,77.91,100196.56,182.89,100,-20305.66,0.79,5,-495201,5.59,24.22
09-07-2026 19:39:58,49.23,19.5,102990.1,28.37,77.84,100193.92,182.89,100,-20305.66,0.56,4.81,-495566,5.62,24.23
09-07-2026 19:40:08,49.24,19.49,102994.27,28.42,77.71,100194.6,182.89,100,-20305.66,0.64,4.71,-495686,5.66,24.24
09-07-2026 19:40:18,49.26,19.52,102995.38,28.44,77.46,100193.13,182.89,100,-20305.66,0.64,4.86,-494439,5.68,24.19
09-07-2026 19:40:28,49.28,19.51,103006.04,28.33,77.98,100195.49,182.89,100,-20305.66,0.64,4.94,-497406,5.65,24.30
09-07-2026 19:40:38,49.26,19.48,102987.71,28.29,78.13,100197.72,182.89,100,-20305.66,0.63,4.99,-496224,5.6,24.26
09-07-2026 19:40:48,49.28,19.48,102994.16,28.36,77.95,100195.28,182.89,100,-20305.66,0.7,4.81,-496768,5.6,24.28
09-07-2026 19:40:58,49.28,19.51,102979.38,28.34,78.15,100193.46,182.89,100,-20305.66,0.88,5,-497297,5.66,24.30
09-07-2026 19:41:08,49.22,19.52,102992.71,28.25,78.32,100194.86,182.89,100,-20305.66,0.65,4.79,-497260,5.7,24.30
09-07-2026 19:48:34,49.42,19.47,103030.34,28.56,77.77,100212.16,182.89,100,-20305.66,0.6,5.08,-493000,5.3,24.14
09-07-2026 19:48:44,49.45,19.46,103036.03,28.55,77.6,100215.66,182.89,100,-20305.66,0.56,4.58,-475555,5.49,23.50
09-07-2026 19:48:54,49.44,19.48,103013.33,28.56,77.55,100214.08,182.89,100,-20305.66,0.66,5.16,-478612,5.5,23.61
09-07-2026 19:49:04,49.45,19.43,103026.09,28.49,77.71,100214.37,182.89,100,-20305.66,0.63,4.78,-476339,5.44,23.53
09-07-2026 19:49:14,49.44,19.39,103016.53,28.5,77.86,100219.22,182.89,100,-20305.66,0.7,5.12,-477718,5.44,23.58
09-07-2026 19:49:24,49.43,19.44,103023.07,28.58,77.35,100216.89,182.89,100,-20305.66,0.64,4.87,-477838,5.51,23.59
09-07-2026 19:49:34,49.44,19.45,103018.93,28.64,76.24,100217.99,182.89,100,-20305.66,0.93,5.06,-478599,5.49,23.61
09-07-2026 19:49:44,49.43,19.44,103021.5,28.4,77.78,100212.46,182.89,100,-20305.66,1.07,5.27,-477603,5.42,23.58
09-07-2026 19:49:54,49.41,19.38,103023.18,28.19,78.55,100219.38,182.89,100,-20305.66,0.78,4.27,-479873,5.46,23.66
09-07-2026 19:50:04,49.38,19.34,103022.73,28.06,79.34,100222.11,182.89,100,-20305.66,0.64,4.78,-480366,5.5,23.68
09-07-2026 19:50:14,49.36,19.39,103028.83,28.18,79.01,100221.91,182.89,100,-20305.66,0.63,4.87,-480726,5.51,23.69
09-07-2026 19:50:24,49.35,19.39,103015.58,28.24,78.77,100219.22,182.89,100,-20305.66,0.61,4.32,-481326,5.45,23.71
09-07-2026 19:50:34,49.37,19.35,103035.19,28.15,78.69,100221.55,182.89,100,-20305.66,0.61,5.8,-482420,5.42,23.75
09-07-2026 19:50:44,49.33,19.37,103017.75,28.18,78.71,100223.13,182.89,100,-20305.66,0.64,4.72,-482733,5.44,23.76
09-07-2026 19:50:54,49.32,19.4,103029,28.39,78.09,100223.07,182.89,100,-20305.66,0.57,4.62,-482480,5.49,23.76
09-07-2026 19:51:04,49.3,19.45,103032.32,28.5,77.29,100219.86,182.89,100,-20305.66,0.63,4.88,-482678,5.52,23.76
09-07-2026 19:51:14,49.3,19.49,103015.16,28.52,77.23,100221.14,182.89,100,-20305.66,0.71,4.61,-483138,5.47,23.78
09-07-2026 19:51:24,49.3,19.47,103020.19,28.33,77.89,100218.23,182.89,100,-20305.66,1.08,5.13,-484242,5.42,23.82
09-07-2026 19:51:34,49.27,19.44,103016.61,28.13,78.67,100219.9,182.89,100,-20305.66,0.85,4.71,-483898,5.42,23.81
09-07-2026 19:51:44,49.26,19.4,103025.64,27.97,79.33,100219.39,182.89,100,-20305.66,0.71,4.85,-483697,5.46,23.80
09-07-2026 19:51:54,49.25,19.36,103026.53,27.92,79.61,100219.85,182.89,100,-20305.66,0.8,5.15,-484970,5.49,23.85
09-07-2026 19:52:04,49.27,19.23,103035.78,27.9,79.88,100221.67,182.89,100,-20305.66,0.73,4.48,-484513,5.49,23.83
09-07-2026 19:52:14,49.27,19.19,103014.99,27.98,79.34,100222.83,182.89,100,-20305.66,0.7,4.85,-481612,5.46,23.72
09-07-2026 19:52:24,49.29,19.17,103018.24,28.26,77.57,100221.92,182.89,100,-20305.66,0.64,4.9,-483668,5.42,23.80
09-07-2026 19:52:34,49.28,19.18,103024.17,28.37,77.87,100221.61,182.89,100,-20305.66,0.72,4.88,-482292,5.4,23.75
09-07-2026 19:52:44,49.28,19.18,103025.36,28.31,78.06,100224.6,182.89,100,-20305.66,0.6,4.97,-483046,5.4,23.78
09-07-2026 19:52:54,49.29,19.18,103008,28.26,78.33,100219,182.89,100,-20305.66,0.65,4.89,-491217,5.42,24.08
09-07-2026 19:53:04,49.28,19.19,103025.91,28.21,77.57,100221.44,182.89,100,-20305.66,0.75,5.29,-490478,5.45,24.05
09-07-2026 19:53:14,49.28,19.15,103020.15,28.1,78.74,100219.09,182.89,100,-20305.66,0.68,4.24,-490391,5.47,24.05
09-07-2026 19:53:24,49.26,19.12,103017.55,28.12,78.96,100224.4,182.89,100,-20305.66,0.67,4.83,-488779,5.47,23.99
09-07-2026 19:53:34,49.25,19.18,103022.38,28.17,78.74,100225.22,182.89,100,-20305.66,0.6,4.9,-488792,5.46,23.99
09-07-2026 19:53:44,49.26,19.18,103028.03,28.18,78.83,100225.99,182.89,100,-20305.66,0.72,3.97,-488384,5.44,23.97
09-07-2026 19:53:54,49.27,19.18,103015.78,28.18,78.83,100225,182.89,100,-20305.66,0.69,4.56,-488537,5.4,23.98
09-07-2026 19:54:04,49.28,19.17,103028.98,28.22,78.67,100225.17,182.89,100,-20305.66,0.69,4.45,-489481,5.39,24.01
09-07-2026 19:54:14,49.28,19.19,103022.6,28.28,78,100224.19,182.89,100,-20305.66,0.71,5.37,-489533,5.37,24.01
09-07-2026 19:54:24,49.31,19.17,103034.03,28.43,77.71,100219.52,182.89,100,-20305.66,0.59,4.72,-489591,5.39,24.02
09-07-2026 19:54:34,49.3,19.18,103030.63,28.3,78.1,100225.41,182.89,100,-20305.66,0.64,4.95,-490911,5.41,24.06
09-07-2026 19:54:44,49.31,19.16,103019.63,28.33,78.04,100225.14,182.89,100,-20305.66,0.74,4.85,-491340,5.45,24.08
09-07-2026 19:54:54,49.32,19.16,103027.5,28.37,77.91,100222.38,182.89,100,-20305.66,0.68,4.66,-491223,5.47,24.08
09-07-2026 19:55:04,49.34,19.16,103017.96,28.4,77.66,100222.11,182.89,100,-20305.66,0.63,4.81,-491520,5.46,24.09
09-07-2026 19:55:14,49.32,19.19,103024.16,28.46,77.6,100222.32,182.89,100,-20305.66,0.66,4.84,-492638,5.44,24.13
09-07-2026 19:55:24,49.35,19.17,103028,28.43,77.27,100221.5,182.89,100,-20305.66,0.71,4.6,-493192,5.41,24.15
09-07-2026 19:55:34,49.37,19.13,103019.85,28.36,77.8,100223.44,182.89,100,-20305.66,0.71,4.57,-493603,5.39,24.16
09-07-2026 19:55:44,49.35,19.16,103016.53,28.23,78.55,100223.93,182.89,100,-20305.66,0.63,5,-493676,5.38,24.17
09-07-2026 19:55:54,49.35,19.14,103027.16,28.19,78.74,100227.03,182.89,100,-20305.66,0.69,4.14,-493595,5.37,24.16
09-07-2026 19:56:04,49.34,19.16,103025.69,28.18,79.11,100226.16,182.89,100,-20305.66,0.71,5.07,-492193,5.37,24.11
09-07-2026 19:56:14,49.35,19.19,103031.63,28.21,78.67,100226.8,182.89,100,-20305.66,0.63,4.87,-493529,5.4,24.16
09-07-2026 19:56:24,49.36,19.18,103023.32,28.21,78.69,100227.21,182.89,100,-20305.66,0.71,4.73,-494432,5.41,24.19
09-07-2026 19:56:34,49.36,19.16,103024.5,28.15,78.93,100226.08,182.89,100,-20305.66,0.73,5.08,-495174,5.42,24.22
09-07-2026 19:56:44,49.36,19.17,103049.55,28.17,78.98,100230.46,182.89,100,-20305.66,0.6,5.11,-495061,5.44,24.22
09-07-2026 19:56:54,49.36,19.16,103035.08,28.21,78.79,100230.82,182.89,100,-20305.66,0.73,5.04,-495289,5.46,24.22
09-07-2026 19:57:04,49.38,19.16,103027.46,28.24,79.18,100231.28,182.89,100,-20305.66,0.68,4.82,-495724,5.47,24.24
09-07-2026 19:57:14,49.38,19.19,103029.42,28.21,79.01,100228.67,182.89,100,-20305.66,0.71,5.8,-496596,5.46,24.27
09-07-2026 19:58:04,49.45,19.17,103040.02,28.5,77.39,100229.32,182.89,100,-20305.66,0.72,4.6,-497891,5.37,24.32
09-07-2026 19:59:04,49.35,19.13,103041.93,27.86,80.17,100232.85,182.89,100,-20305.66,0.72,4.86,-499903,5.46,24.39
09-07-2026 20:00:01,49.29,19.13,103034.05,28,79.46,100234.4,182.89,100,-20305.66,0.74,4.3,-501341,5.46,24.45
09-07-2026 20:02:01,49.18,19.15,103051.89,27.76,80.3,100241.94,182.89,100,-20305.66,0.73,4.66,-505709,5.38,24.61
09-07-2026 20:03:01,49.06,19.22,103035.1,27.41,81.69,100239.66,182.89,100,-20305.66,0.89,5.07,-506731,5.45,24.64
09-07-2026 20:04:01,49.01,19.19,103043.6,27.45,81.36,100244.46,182.89,100,-20305.66,0.74,5.2,-507995,5.37,24.69
09-07-2026 20:05:01,48.96,19.24,103042.96,27.3,82.23,100247.74,182.89,100,-20305.66,0.76,5.04,-509637,5.4,24.75
09-07-2026 20:06:01,48.98,19.24,103050.6,27.82,80.03,100250.54,182.89,100,-20305.66,0.69,4.31,-510830,5.46,24.79
09-07-2026 20:07:01,49.05,19.22,103045.89,28.07,79.1,100247.71,182.89,100,-20305.66,0.68,4.95,-512206,5.4,24.84
09-07-2026 20:08:01,49.03,19.2,103049.88,27.56,81.35,100255.41,182.89,100,-20305.66,0.72,4.85,-513815,5.41,24.90
09-07-2026 20:09:01,49.06,19.23,103060.96,27.89,79.74,100258.78,182.89,100,-20305.66,0.6,5.06,-515112,5.48,24.95
09-07-2026 20:10:01,49.02,19.23,103063.33,27.74,80.39,100261.89,182.89,100,-20305.66,0.75,4.75,-516572,5.49,25.00
09-07-2026 20:11:01,48.98,19.27,103059.28,27.39,82,100258.82,182.89,100,-20305.66,1.18,4.82,-518524,5.5,25.08
09-07-2026 20:12:01,48.91,19.28,103071.3,27.48,81.76,100263.86,182.89,100,-20305.66,0.8,4.59,-519514,5.46,25.11
09-07-2026 20:13:01,48.9,19.26,103071.68,27.31,82.63,100270,182.89,100,-20305.66,0.74,4.51,-520735,5.42,25.16
09-07-2026 20:14:01,48.89,19.27,103062,27.29,82.78,100271.78,182.89,100,-20305.66,0.68,5.37,-522396,5.4,25.22
09-07-2026 20:15:01,48.97,19.29,103060.78,27.58,81.47,100264.33,182.89,100,-20305.66,0.74,4.38,-523562,5.42,25.26
09-07-2026 20:16:01,49.04,19.24,103060.75,27.68,81.16,100263.97,182.89,100,-20305.66,0.77,5.04,-525242,5.41,25.32
09-07-2026 20:17:01,49.05,19.23,103056.57,27.48,82.09,100263.92,182.89,100,-20305.66,0.78,4.82,-526699,5.4,25.37
09-07-2026 20:18:01,48.99,19.21,103062.74,27.43,82.29,100260.3,182.89,100,-20305.66,0.72,4.97,-527840,5.41,25.42
09-07-2026 20:19:01,48.98,19.23,103059.17,27.35,82.84,100262.11,182.89,100,-20305.66,0.69,4.66,-529263,5.42,25.47
09-07-2026 20:20:01,49.02,19.24,103059.35,27.55,81.77,100258.17,182.89,100,-20305.66,0.72,5.05,-530372,5.44,25.51
09-07-2026 20:21:01,49.02,19.28,103050.94,27.49,82.08,100256.35,182.89,100,-20305.66,0.74,4.73,-531817,5.44,25.56
09-07-2026 20:22:01,49.03,19.26,103055.3,27.6,81.7,100259.5,182.89,100,-20305.66,0.9,5.12,-533358,5.45,25.62
09-07-2026 20:23:01,48.96,19.21,103065.35,27.43,81.71,100262.16,182.89,100,-20305.66,0.66,4.24,-534573,5.52,25.66
09-07-2026 20:24:01,48.9,19.26,103058.08,27.66,80.79,100261.96,182.89,100,-20305.66,0.78,4.45,-534822,5.44,25.67
09-07-2026 20:25:01,48.93,19.26,103063.24,27.48,81.96,100265.38,182.89,100,-20305.66,0.77,5.1,-535293,5.5,25.69
09-07-2026 20:26:01,48.88,19.27,103073,27.25,83.22,100268.7,182.89,100,-20305.66,0.71,4.99,-535551,5.52,25.70
09-07-2026 20:27:01,48.86,19.33,103069.92,27.54,81.73,100263.97,182.89,100,-20305.66,0.73,4.99,-535290,5.54,25.69
09-07-2026 20:28:01,48.83,19.37,103066.75,27.47,82.11,100266.21,182.89,100,-20305.66,0.71,4.52,-535218,5.48,25.69
09-07-2026 20:29:02,48.83,19.33,103065.8,27.31,83.01,100272.27,182.89,100,-20305.66,0.7,4.51,-535439,5.57,25.69
09-07-2026 20:30:02,48.84,19.34,103067.37,27.22,83.24,100272.96,182.89,100,-20305.66,0.85,5.77,-535326,5.48,25.69
09-07-2026 20:31:02,48.8,19.4,103063.16,27.16,83.68,100272.92,182.89,100,-20305.66,0.81,5.25,-535431,5.54,25.69
09-07-2026 20:32:02,48.77,19.42,103069.82,27.14,83.72,100272.46,182.89,100,-20305.66,0.77,4.25,-535469,5.56,25.70
09-07-2026 20:33:02,48.76,19.4,103070.52,27.14,83.52,100274.32,182.89,100,-20305.66,0.87,5.5,-535523,5.52,25.70
09-07-2026 20:34:02,48.77,19.41,103077.85,27.49,81.83,100270.39,182.89,100,-20305.66,0.72,4.77,-535439,5.49,25.69
09-07-2026 20:35:02,48.79,19.4,103069.58,27.2,83.36,100278.66,182.89,100,-20305.66,0.84,4.75,-535625,5.5,25.70
09-07-2026 20:36:02,48.78,19.45,103071.11,27.43,82.64,100274.39,182.89,100,-20305.66,0.72,4.66,-535499,5.52,25.70
09-07-2026 20:37:02,48.88,19.37,103070.6,27.73,80.76,100275.46,182.89,100,-20305.66,0.72,4.13,-535439,5.51,25.69
09-07-2026 20:38:02,48.89,19.4,103083.46,27.57,81.72,100274.92,182.89,100,-20305.66,0.72,5,-535524,5.52,25.70
09-07-2026 20:39:02,48.91,19.36,103083.64,27.54,81.94,100278.41,182.89,100,-20305.66,0.82,4.8,-535799,5.57,25.71
09-07-2026 20:40:02,48.89,19.39,103085.08,27.55,81.94,100281.83,182.89,100,-20305.66,0.7,4.78,-536010,5.59,25.72
09-07-2026 20:41:02,48.88,19.38,103091.53,27.77,80.89,100284.13,182.89,100,-20305.66,0.78,4.59,-536268,5.59,25.72
09-07-2026 20:42:02,48.9,19.42,103087.94,27.48,82.14,100290.41,182.89,100,-20305.66,0.76,5.05,-536542,5.56,25.73
09-07-2026 20:43:02,48.91,19.39,103087.46,27.44,82.62,100292.36,182.89,100,-20305.66,0.66,4.63,-536926,5.54,25.75
09-07-2026 20:44:02,48.93,19.36,103082.19,27.66,81.29,100289.87,182.89,100,-20305.66,0.71,3.81,-537127,5.53,25.76
09-07-2026 20:45:02,48.98,19.36,103094.57,27.62,81.9,100293.88,182.89,100,-20305.66,0.68,5.24,-537551,5.54,25.77
09-07-2026 20:46:02,48.95,19.37,103087.56,27.66,81.53,100291.03,182.89,100,-20305.66,0.66,4.87,-537754,5.54,25.78
09-07-2026 20:47:02,48.91,19.34,103093.3,27.46,82.21,100296.29,182.89,100,-20305.66,0.73,4.46,-538059,5.57,25.79
09-07-2026 20:48:02,48.94,19.38,103088.83,27.86,80.61,100290.71,182.89,100,-20305.66,0.74,5.15,-538150,5.63,25.79
09-07-2026 20:49:02,48.95,19.29,103101.11,27.41,81.99,100292.42,182.89,100,-20305.66,0.79,5.31,-538863,5.64,25.82
09-07-2026 20:50:02,48.85,19.39,103099.64,27.4,82.6,100292.35,182.89,100,-20305.66,0.7,4.91,-538622,5.54,25.81
09-07-2026 20:51:02,48.82,19.37,103084.46,27.2,83.48,100287.46,182.89,100,-20305.66,0.69,4.81,-538857,5.64,25.82
09-07-2026 20:52:02,48.76,19.39,103086.73,27.26,82.77,100284.11,182.89,100,-20305.66,0.83,4.84,-538989,5.58,25.82
09-07-2026 20:53:02,48.71,19.43,103080.39,27.14,83.81,100287.24,182.89,100,-20305.66,0.75,4.96,-539018,5.57,25.83
09-07-2026 20:54:02,48.74,19.5,103068.35,27.49,82.42,100289.85,182.89,100,-20305.66,0.7,5.03,-539021,5.69,25.83
09-07-2026 20:55:02,48.73,19.47,103077.33,27.4,82.69,100289.92,182.89,100,-20305.66,0.71,5.27,-539282,5.64,25.84
09-07-2026 20:56:03,48.69,19.47,103071.5,27.15,83.56,100288.75,182.89,100,-20305.66,0.71,5.25,-539374,5.6,25.84
09-07-2026 20:57:03,48.69,19.48,103066.9,27.23,83.32,100287.35,182.89,100,-20305.66,0.8,4.92,-539435,5.69,25.84
09-07-2026 20:58:03,48.66,19.47,103095.07,27.21,83.17,100285.6,182.89,100,-20305.66,0.85,5.6,-539513,5.64,25.84
09-07-2026 20:59:03,48.61,19.48,103077.85,27,84.21,100288.75,182.89,100,-20305.66,0.75,4.72,-539731,5.6,25.85
09-07-2026 21:00:00,48.64,19.5,103090.92,27.36,82.69,100290.71,182.89,100,-20305.66,0.7,4.33,-539859,5.6,25.86
09-07-2026 21:01:00,48.66,19.49,103077.89,27.39,82.43,100287.11,182.89,100,-20305.66,0.74,4.54,-539855,5.7,25.86
09-07-2026 21:02:00,48.65,19.48,103092.56,27.12,83.68,100292.04,182.89,100,-20305.66,0.68,5.37,-540120,5.63,25.87
09-07-2026 21:03:00,48.64,19.47,103077.6,27.46,81.98,100291.41,182.89,100,-20305.66,0.75,4.81,-540007,5.62,25.86
09-07-2026 21:05:01,48.74,19.42,103095.91,27.42,82.19,100296.74,182.89,100,-20305.66,0.76,4.23,-540353,5.69,25.87
09-07-2026 21:06:01,48.74,19.45,103083.86,27.49,81.91,100294.22,182.89,100,-20305.66,0.85,4.43,-539840,5.69,25.86
09-07-2026 21:07:01,48.62,19.41,103089.3,27.09,83.64,100297.11,182.89,100,-20305.66,0.65,4.05,-540179,5.7,25.87
09-07-2026 21:08:01,48.59,19.49,103085.78,27.1,83.39,100297.94,182.89,100,-20305.66,0.8,5.35,-540764,5.61,25.89
09-07-2026 21:09:01,48.56,19.51,103091.87,26.97,84.68,100299.37,182.89,100,-20305.66,0.7,4.86,-540334,5.66,25.87
09-07-2026 21:10:01,48.53,19.49,103091.22,27.17,83.56,100297.21,182.89,100,-20305.66,0.79,4.86,-540438,5.67,25.88
09-07-2026 21:11:01,48.52,19.51,103096,26.96,84.62,100295.41,182.89,100,-20305.66,0.74,5.25,-540509,5.62,25.88
09-07-2026 21:12:01,48.47,19.48,103082.51,26.75,85.4,100291.69,182.89,100,-20305.66,0.86,5.04,-540728,5.7,25.89
09-07-2026 21:13:01,48.46,19.5,103101.19,27.12,84.18,100299.44,182.89,100,-20305.66,0.76,4.74,-540723,5.73,25.89
09-07-2026 21:14:01,48.55,19.55,103089.73,27.21,83.62,100299.75,182.89,100,-20305.66,0.77,5.66,-540740,5.74,25.89
09-07-2026 21:15:01,48.56,19.51,103091.69,27.3,83.2,100296.71,182.89,100,-20305.66,0.7,4.16,-540714,5.68,25.89
09-07-2026 21:16:01,48.62,19.49,103097.25,27.29,82.8,100297.36,182.89,100,-20305.66,0.68,4.73,-540708,5.63,25.89
09-07-2026 21:17:01,48.6,19.49,103086.58,27.26,83.11,100299.88,182.89,100,-20305.66,0.8,3.87,-540825,5.75,25.89
09-07-2026 21:18:01,48.6,19.45,103090.85,27.27,83.28,100301,182.89,100,-20305.66,0.67,4.83,-540644,5.63,25.88
09-07-2026 21:19:01,48.58,19.4,103095.57,27.07,83.99,100297.64,182.89,100,-20305.66,0.62,4.86,-540850,5.66,25.89
09-07-2026 21:20:01,48.63,19.38,103088.81,27.23,83.2,100302.25,182.89,100,-20305.66,0.82,5.14,-540753,5.59,25.89
09-07-2026 21:21:01,48.61,19.39,103101.56,27.06,83.91,100299.08,182.89,100,-20305.66,0.77,5.13,-540814,5.55,25.89
09-07-2026 21:22:01,48.57,19.35,103084.08,26.84,84.81,100299.89,182.89,100,-20305.66,0.7,4.52,-541019,5.56,25.90
09-07-2026 21:23:01,48.5,19.41,103082.26,26.8,84.78,100296.94,182.89,100,-20305.66,0.8,4.68,-540921,5.55,25.90
09-07-2026 21:24:01,48.4,19.48,103080.98,26.75,85.23,100295.82,182.89,100,-20305.66,0.82,4.85,-540907,5.6,25.89
09-07-2026 21:25:01,48.4,19.47,103081.39,26.75,85.33,100291.39,182.89,100,-20305.66,0.71,4.74,-541188,5.61,25.90
09-07-2026 21:26:01,48.46,19.45,103092.65,26.94,84.21,100288.67,182.89,100,-20305.66,0.8,5.33,-541118,5.57,25.90
09-07-2026 21:27:01,48.48,19.45,103078.34,27,83.58,100288.51,182.89,100,-20305.66,0.85,4.47,-540915,5.59,25.89
09-07-2026 21:28:01,48.48,19.41,103082.8,26.99,84.1,100290.41,182.89,100,-20305.66,0.71,4.44,-541153,5.62,25.90
09-07-2026 21:29:01,48.41,19.48,103083.22,26.73,85.27,100284.43,182.89,100,-20305.66,0.73,4.84,-541422,5.6,25.91
09-07-2026 21:30:01,48.39,19.5,103085.92,26.85,84.73,100289.44,182.89,100,-20305.66,0.71,5.5,-541284,5.6,25.91
09-07-2026 21:31:02,48.36,19.47,103083.96,26.85,84.73,100289.55,182.89,100,-20305.66,0.77,4.34,-541273,5.68,25.91
09-07-2026 21:32:02,48.41,19.43,103084.61,26.99,83.97,100288.89,182.89,100,-20305.66,0.68,4.06,-541385,5.69,25.91
09-07-2026 21:33:02,48.45,19.4,103090.21,26.93,84.48,100288.22,182.89,100,-20305.66,0.64,4.28,-541312,5.55,25.91
09-07-2026 21:34:02,48.5,19.4,103081.53,26.97,84.48,100283.13,182.89,100,-20305.66,0.79,4.86,-541407,5.56,25.91
09-07-2026 21:36:02,48.47,19.4,103071.58,26.57,86.2,100281.35,182.89,100,-20305.66,0.78,4.5,-541993,5.58,25.93
09-07-2026 21:37:02,48.45,19.37,103076.55,26.66,85.92,100273.96,182.89,100,-20305.66,0.8,5.08,-541565,5.48,25.92
09-07-2026 21:38:02,48.44,19.36,103085.02,26.71,85.8,100280.41,182.89,100,-20305.66,0.77,4.88,-541916,5.55,25.93
09-07-2026 21:39:02,48.41,19.43,103067.35,26.88,84.93,100285.03,182.89,100,-20305.66,0.7,4.48,-542081,5.55,25.94
09-07-2026 21:40:02,48.47,19.34,103077.59,26.85,84.93,100284.55,182.89,100,-20305.66,0.71,4.73,-542148,5.59,25.94
09-07-2026 21:41:02,48.41,19.41,103079.02,26.78,85.3,100286.3,182.89,100,-20305.66,0.78,4.63,-542473,5.55,25.95
09-07-2026 21:42:02,48.45,19.42,103088.78,26.95,84.01,100289.74,182.89,100,-20305.66,0.73,4.83,-542372,5.63,25.95
09-07-2026 21:43:02,48.51,19.38,103081.88,26.99,84.4,100297.8,182.89,100,-20305.66,0.63,4.95,-542212,5.61,25.94
09-07-2026 21:44:02,48.56,19.33,103095.89,26.85,85.2,100302.22,182.89,100,-20305.66,0.73,4.86,-542464,5.52,25.95
09-07-2026 21:45:02,48.57,19.35,103100.57,27.24,82.87,100301.75,182.89,100,-20305.66,0.78,5.41,-542450,5.57,25.95
09-07-2026 21:46:02,48.57,19.33,103105,26.97,84.69,100309.59,182.89,100,-20305.66,0.74,4.87,-542511,5.68,25.95
09-07-2026 21:47:02,48.58,19.32,103089.11,26.83,85.33,100306.46,182.89,100,-20305.66,0.72,4.41,-542734,5.6,25.96
09-07-2026 21:48:02,48.61,19.31,103105.4,26.96,84.72,100303.78,182.89,100,-20305.66,0.9,4.54,-542462,5.51,25.95
09-07-2026 21:49:02,48.52,19.32,103105.21,26.71,85.67,100312.3,182.89,100,-20305.66,0.78,4.6,-542846,5.56,25.97
09-07-2026 21:50:02,48.56,19.31,103108.44,26.78,85.61,100313.46,182.89,100,-20305.66,0.66,4.56,-542985,5.51,25.97
09-07-2026 21:51:02,48.52,19.32,103113.52,26.88,84.72,100313.77,182.89,100,-20305.66,0.67,4.61,-543202,5.58,25.98
09-07-2026 21:52:02,48.54,19.34,103108.18,27.07,84.41,100317.2,182.89,100,-20305.66,0.69,4.54,-543015,5.51,25.97
09-07-2026 21:53:02,48.55,19.29,103106.71,26.76,85.41,100318.42,182.89,100,-20305.66,0.72,4.59,-543649,5.55,25.99
09-07-2026 21:54:02,48.53,19.37,103109.25,26.85,85.35,100317.07,182.89,100,-20305.66,0.66,4.84,-543370,5.6,25.98
09-07-2026 21:55:02,48.57,19.32,103112.44,26.76,85.71,100320.46,182.89,100,-20305.66,0.74,4.24,-544663,5.54,26.03
09-07-2026 21:56:02,48.56,19.44,103107.82,27,84.67,100317.38,182.89,100,-20305.66,0.76,4.89,-545194,5.6,26.05
09-07-2026 21:57:02,48.69,19.48,103111.74,27.09,85.16,100316.67,182.89,100,-20305.66,0.73,4.87,-545848,5.62,26.08
09-07-2026 21:58:03,48.62,19.44,103110.57,26.91,85.95,100321.36,182.89,100,-20305.66,0.73,5.1,-546174,5.6,26.09
09-07-2026 21:59:03,48.73,19.47,103108.23,26.94,86.34,100318.88,182.89,100,-20305.66,0.7,5.42,-546818,5.55,26.11
09-07-2026 22:00:00,48.82,19.39,103111.21,26.87,85.81,100316.37,182.89,100,-20305.66,0.87,5.42,-549166,5.56,26.20
09-07-2026 22:01:01,48.68,19.4,103113.72,27.11,84.83,100321.88,182.89,100,-20305.66,0.72,4.98,-548915,5.55,26.19
09-07-2026 22:02:01,48.67,19.37,103110.39,26.99,84.52,100316.94,182.89,100,-20305.66,0.73,5.34,-549187,5.58,26.20
09-07-2026 22:03:01,48.64,19.36,103106.23,26.9,85.15,100313.37,182.89,100,-20305.66,0.74,3.59,-548977,5.68,26.19
09-07-2026 22:04:01,48.53,19.38,103115.35,26.83,85.18,100319.36,182.89,100,-20305.66,0.7,5.12,-550803,5.66,26.26
09-07-2026 22:05:01,48.47,19.41,103114.21,26.58,86.46,100320.14,182.89,100,-20305.66,0.78,5.05,-550360,5.59,26.24
09-07-2026 22:06:01,48.41,19.41,103111.71,26.6,86.35,100318,182.89,100,-20305.66,0.7,4.71,-552079,5.54,26.30
09-07-2026 22:07:01,48.49,19.4,103117.43,26.81,85.45,100324.01,182.89,100,-20305.66,0.88,5.82,-550403,5.5,26.24
09-07-2026 22:08:01,48.49,19.35,103114.44,26.69,86.12,100328.55,182.89,100,-20305.66,0.75,4.75,-551598,5.52,26.29
09-07-2026 22:09:01,48.48,19.34,103109.1,26.74,85.66,100328.25,182.89,100,-20305.66,0.64,4.45,-551780,5.55,26.29
09-07-2026 22:10:01,48.49,19.36,103133.82,26.83,85.31,100331.36,182.89,100,-20305.66,0.78,4.59,-552130,5.54,26.31
09-07-2026 22:11:01,48.41,19.35,103122.44,27.15,83.63,100326.06,182.89,100,-20305.66,0.67,4.84,-552134,5.49,26.31
09-07-2026 22:12:01,48.45,19.43,103122.85,27.09,83.85,100328.08,182.89,100,-20305.66,0.68,4.5,-555432,5.51,26.43
09-07-2026 22:13:01,48.44,19.36,103126.07,26.84,85.19,100330.55,182.89,100,-20305.66,0.7,5.43,-551626,5.53,26.29
09-07-2026 22:14:01,48.44,19.41,103111.57,26.88,84.54,100324.3,182.89,100,-20305.66,0.74,4.77,-552782,5.6,26.33
09-07-2026 22:15:01,48.45,19.41,103111.33,26.7,85.89,100327.22,182.89,100,-20305.66,0.7,4.52,-553515,5.51,26.36
09-07-2026 22:16:01,48.45,19.42,103117.74,26.77,85.41,100326.64,182.89,100,-20305.66,0.68,5.23,-553442,5.51,26.35
09-07-2026 22:17:01,48.48,19.46,103113.07,26.87,85.36,100326.03,182.89,100,-20305.66,0.73,5.02,-551873,5.58,26.30
09-07-2026 22:18:01,48.53,19.39,103124.15,27.04,84.38,100322.06,182.89,100,-20305.66,0.66,4.53,-553306,5.58,26.35
09-07-2026 22:19:01,48.6,19.34,103120.91,27.2,83.59,100322.08,182.89,100,-20305.66,0.67,4.67,-552844,5.55,26.33
09-07-2026 22:20:01,48.58,19.33,103113.27,27.05,84.25,100323.03,182.89,100,-20305.66,0.74,5.23,-552861,5.59,26.33
09-07-2026 22:21:01,48.53,19.37,103101.99,26.75,85.61,100322.22,182.89,100,-20305.66,0.75,4.32,-552250,5.6,26.31
09-07-2026 22:22:01,48.45,19.37,103116.57,26.64,86.29,100326.13,182.89,100,-20305.66,0.64,3.88,-552814,5.55,26.33
09-07-2026 22:23:01,48.37,19.4,103109.63,26.58,85.83,100324.13,182.89,100,-20305.66,0.77,4.43,-554045,5.55,26.38
09-07-2026 22:24:01,48.37,19.41,103126.2,26.57,86.47,100325.25,182.89,100,-20305.66,0.71,4.62,-552880,5.52,26.33
09-07-2026 22:25:01,48.35,19.43,103115.46,26.7,85.74,100330,182.89,100,-20305.66,0.65,4.74,-551619,5.59,26.29
09-07-2026 22:26:01,48.35,19.44,103126.73,26.59,85.92,100326.94,182.89,100,-20305.66,0.79,5.38,-552286,5.62,26.31
09-07-2026 22:27:01,48.32,19.43,103123.11,26.78,85.14,100334.57,182.89,100,-20305.66,0.8,5.17,-551687,5.57,26.29
09-07-2026 22:28:01,48.36,19.41,103129.19,26.8,85.11,100335.63,182.89,100,-20305.66,0.74,4.64,-552357,5.52,26.31
09-07-2026 22:29:02,48.38,19.4,103138.46,26.95,84.44,100338.74,182.89,100,-20305.66,0.78,4.27,-551633,5.6,26.29
09-07-2026 22:30:01,48.34,19.43,103135.35,26.75,85.29,100343.17,182.89,100,-20305.66,0.72,4.88,-551350,5.56,26.28
09-07-2026 22:31:02,48.31,19.44,103138.43,26.64,85.92,100342.77,182.89,100,-20305.66,0.73,5.31,-551836,5.51,26.29
09-07-2026 22:32:02,48.29,19.45,103124.6,26.86,84.78,100345.82,182.89,100,-20305.66,0.85,5.15,-552523,5.53,26.32
09-07-2026 22:33:02,48.25,19.46,103125.88,26.49,86.68,100339.11,182.89,100,-20305.66,0.82,4.5,-552556,5.6,26.32
09-07-2026 22:34:02,48.27,19.39,103138.16,26.66,85.73,100343.01,182.89,100,-20305.66,0.69,5.23,-551968,5.6,26.30
09-07-2026 22:35:02,48.25,19.45,103135.99,26.77,85.26,100340.72,182.89,100,-20305.66,0.66,5.29,-552848,5.58,26.33
09-07-2026 22:36:02,48.26,19.5,103126.35,26.94,84.44,100335.57,182.89,100,-20305.66,0.95,5.15,-552498,5.52,26.32
09-07-2026 22:37:02,48.3,19.43,103135.83,26.77,85.28,100342,182.89,100,-20305.66,0.68,5.58,-551939,5.55,26.30
09-07-2026 22:38:02,48.28,19.42,103133.5,26.58,86.15,100342.52,182.89,100,-20305.66,0.77,5.07,-552245,5.6,26.31
09-07-2026 22:39:02,48.24,19.4,103127.63,26.56,86.03,100342.61,182.89,100,-20305.66,0.78,5.21,-552510,5.54,26.32
09-07-2026 22:40:02,48.25,19.46,103141.72,26.87,84.82,100342.32,182.89,100,-20305.66,0.65,4.87,-552177,5.52,26.31
09-07-2026 22:41:02,48.29,19.42,103147.22,26.77,84.91,100348.39,182.89,100,-20305.66,0.82,5.31,-552360,5.54,26.31
09-07-2026 22:42:02,48.24,19.43,103141.61,26.76,84.38,100339.43,182.89,100,-20305.66,0.8,4.73,-552504,5.6,26.32
09-07-2026 22:43:02,48.19,19.46,103134.08,26.46,86.85,100344.69,182.89,100,-20305.66,0.65,4.75,-552440,5.59,26.32
09-07-2026 22:44:02,48.23,19.41,103136.16,26.57,86.17,100340.71,182.89,100,-20305.66,0.79,4.94,-552538,5.52,26.32
09-07-2026 22:45:02,48.21,19.45,103136.9,26.51,86.03,100341.67,182.89,100,-20305.66,0.71,5.5,-552581,5.51,26.32
09-07-2026 22:46:02,48.24,19.45,103141.61,26.7,85.21,100341.13,182.89,100,-20305.66,0.78,4.99,-551610,5.56,26.29
09-07-2026 22:47:02,48.22,19.46,103138.22,26.69,85.37,100337.03,182.89,100,-20305.66,0.71,4.78,-552492,5.57,26.32
09-07-2026 22:48:02,48.13,19.47,103138.19,26.67,85.07,100337.78,182.89,100,-20305.66,0.79,5.22,-552942,5.54,26.34
09-07-2026 22:49:02,48.13,19.48,103130.71,26.65,85.57,100335.31,182.89,100,-20305.66,0.75,4.41,-553221,5.51,26.35
09-07-2026 22:50:02,48.11,19.51,103126.03,26.48,86.47,100336.64,182.89,100,-20305.66,0.82,4.6,-553614,5.53,26.36
09-07-2026 22:51:02,48.11,19.47,103140.76,26.53,86.2,100337.6,182.89,100,-20305.66,0.8,5.22,-554519,5.54,26.39
09-07-2026 22:52:02,48.1,19.48,103121.6,26.45,86.44,100334.57,182.89,100,-20305.66,0.71,5.25,-554280,5.61,26.38
09-07-2026 22:53:02,48.09,19.52,103156.57,26.73,85.29,100341.25,182.89,100,-20305.66,0.82,4.79,-553455,5.51,26.35
09-07-2026 22:54:02,48.05,19.5,103136.6,26.35,86.97,100338.47,182.89,100,-20305.66,0.7,5.1,-553615,5.61,26.36
09-07-2026 22:55:02,48.05,19.55,103162.28,26.4,86.95,100344.78,182.89,100,-20305.66,0.7,4.14,-552265,5.53,26.31
09-07-2026 22:56:02,48.1,19.48,103157.52,26.46,86.63,100348.82,182.89,100,-20305.66,0.76,5.63,-551501,5.55,26.28
09-07-2026 22:57:02,48.1,19.52,103151.48,26.55,85.73,100354.69,182.89,100,-20305.66,0.89,4.47,-554484,5.62,26.39
09-07-2026 22:58:03,48.08,19.49,103149.85,26.44,86.47,100357.81,182.89,100,-20305.66,0.8,4.71,-553427,5.51,26.35
09-07-2026 22:59:03,48.11,19.48,103150.41,26.9,84.22,100361.8,182.89,100,-20305.66,0.76,4.77,-555883,5.63,26.44
09-07-2026 23:00:00,48.12,19.49,103145.74,26.52,85.93,100361.12,182.89,100,-20305.66,0.77,5.3,-553501,5.62,26.36
09-07-2026 23:01:00,48.06,19.5,103153.35,26.47,85.61,100354.55,182.89,100,-20305.66,0.72,4.71,-552999,5.54,26.34
09-07-2026 23:02:00,48.01,19.55,103148.06,26.75,84.57,100358.57,182.89,100,-20305.66,0.63,5.16,-554364,5.63,26.39
09-07-2026 23:03:00,48.03,19.53,103153.05,26.63,85.31,100360.07,182.89,100,-20305.66,0.69,4.62,-553957,5.64,26.37
09-07-2026 23:04:01,47.98,19.56,103172.44,26.55,85.58,100358.24,182.89,100,-20305.66,0.79,4.16,-553423,5.55,26.35
09-07-2026 23:05:01,47.96,19.57,103144.37,26.51,85.66,100357.73,182.89,100,-20305.66,0.71,5.38,-552464,5.66,26.32
09-07-2026 23:06:01,47.95,19.58,103148.1,26.54,85.57,100359.51,182.89,100,-20305.66,0.7,4.97,-552334,5.56,26.31
09-07-2026 23:07:01,47.92,19.63,103153.89,26.65,85.34,100356.83,182.89,100,-20305.66,0.7,4.84,-551525,5.63,26.28
09-07-2026 23:08:01,47.98,19.58,103152.74,26.92,83.57,100355.07,182.89,100,-20305.66,0.72,5,-553300,5.59,26.35
09-07-2026 23:09:01,47.97,19.61,103148.92,26.67,85.37,100355.76,182.89,100,-20305.66,0.72,4.37,-553410,5.65,26.35
09-07-2026 23:10:01,47.94,19.55,103140.67,26.34,86.28,100351.64,182.89,100,-20305.66,0.85,5.41,-552733,5.57,26.33
09-07-2026 23:11:01,47.89,19.67,103148.22,26.54,85.64,100356.49,182.89,100,-20305.66,0.69,4.46,-552778,5.61,26.33
09-07-2026 23:12:01,47.85,19.62,103161.33,26.43,85.76,100356.5,182.89,100,-20305.66,0.78,5.23,-551612,5.66,26.29
09-07-2026 23:13:01,47.82,19.59,103149.17,26.42,85.67,100350.3,182.89,100,-20305.66,0.8,4.75,-551902,5.63,26.30
09-07-2026 23:14:01,47.79,19.63,103157.66,26.5,85.08,100355.13,182.89,100,-20305.66,0.8,5.08,-552142,5.6,26.31
09-07-2026 23:15:01,47.79,19.67,103152.69,26.56,85.25,100358.38,182.89,100,-20305.66,0.7,3.87,-552249,5.61,26.31
09-07-2026 23:16:01,47.75,19.66,103154.14,26.5,84.88,100352.32,182.89,100,-20305.66,0.86,5.2,-552739,5.63,26.33
09-07-2026 23:17:01,47.69,19.62,103162.39,26.38,85.4,100352.05,182.89,100,-20305.66,0.71,5.26,-552053,5.66,26.30
09-07-2026 23:18:01,47.7,19.65,103142.65,26.3,85.93,100348.4,182.89,100,-20305.66,0.81,4.79,-552915,5.6,26.33
09-07-2026 23:19:01,47.64,19.63,103150.3,26.49,85.09,100351.57,182.89,100,-20305.66,0.67,4.69,-550856,5.59,26.26
09-07-2026 23:20:01,47.68,19.66,103154.24,26.56,84.75,100352.91,182.89,100,-20305.66,0.84,5.03,-551339,5.67,26.28
09-07-2026 23:21:01,47.67,19.68,103133.57,26.41,85.48,100347.07,182.89,100,-20305.66,0.81,4.87,-552670,5.6,26.33
09-07-2026 23:22:01,47.64,19.69,103149.39,26.37,85.46,100348.49,182.89,100,-20305.66,0.8,4.92,-552326,5.63,26.31
09-07-2026 23:23:01,47.57,19.74,103150.78,26.3,85.59,100351.02,182.89,100,-20305.66,0.71,5.4,-551698,5.67,26.29
09-07-2026 23:24:01,47.59,19.7,103160.19,26.62,84.35,100353.32,182.89,100,-20305.66,0.83,5.22,-552547,5.69,26.32
09-07-2026 23:25:01,47.57,19.71,103155.66,26.58,84.43,100359.22,182.89,100,-20305.66,0.64,4.96,-552320,5.67,26.31
09-07-2026 23:26:01,47.58,19.69,103160.6,26.33,85.62,100359.77,182.89,100,-20305.66,0.77,4.87,-552598,5.65,26.32
09-07-2026 23:27:01,47.55,19.75,103159.67,26.32,85.6,100364.65,182.89,100,-20305.66,0.74,5.15,-552284,5.71,26.31
09-07-2026 23:28:01,47.52,19.75,103175.47,26.43,85.08,100362.11,182.89,100,-20305.66,0.74,4.38,-551565,5.61,26.28
09-07-2026 23:29:01,47.53,19.72,103168.72,26.74,83.46,100369.1,182.89,100,-20305.66,0.72,5.06,-551695,5.71,26.29
09-07-2026 23:30:01,47.59,19.75,103165.06,26.55,84.64,100375.05,182.89,100,-20305.66,0.72,4.91,-552706,5.64,26.33
09-07-2026 23:31:02,47.66,19.69,103187.07,27.06,82.42,100378.35,182.89,100,-20305.66,0.68,5.25,-552946,5.62,26.34
09-07-2026 23:32:02,47.71,19.63,103187.33,26.82,83.14,100378.78,182.89,100,-20305.66,0.71,5.26,-552658,5.69,26.32
09-07-2026 23:33:02,47.76,19.65,103181.61,26.69,84.09,100383.8,182.89,100,-20305.66,0.78,5.26,-552968,5.63,26.34
09-07-2026 23:34:02,47.75,19.66,103182.33,26.68,84.16,100380.61,182.89,100,-20305.66,0.73,5.53,-553075,5.62,26.34
09-07-2026 23:35:02,47.74,19.67,103179,26.44,85.38,100379.49,182.89,100,-20305.66,0.78,4.94,-553034,5.7,26.34
09-07-2026 23:36:02,47.73,19.63,103174.69,26.7,83.72,100380.26,182.89,100,-20305.66,0.8,4.69,-552319,5.61,26.31
09-07-2026 23:37:02,47.66,19.66,103196.36,26.6,84,100381.03,182.89,100,-20305.66,0.74,3.47,-552803,5.6,26.33
09-07-2026 23:38:02,47.64,19.64,103184.67,26.67,83.66,100383.38,182.89,100,-20305.66,0.67,4.75,-552756,5.6,26.33
09-07-2026 23:39:02,47.66,19.67,103186.7,26.7,83.71,100383.58,182.89,100,-20305.66,0.78,4.46,-552851,5.63,26.33
09-07-2026 23:40:02,47.68,19.67,103175.52,26.87,81.86,100380.27,182.89,100,-20305.66,1.01,4.87,-552905,5.62,26.33
09-07-2026 23:41:02,47.63,19.72,103190.36,26.36,85.17,100382.67,182.89,100,-20305.66,0.69,4.81,-553015,5.63,26.34
09-07-2026 23:42:02,47.61,19.73,103193.72,26.61,84.18,100382.73,182.89,100,-20305.66,0.64,4.83,-553196,5.68,26.34
09-07-2026 23:43:02,47.66,19.69,103181.83,26.84,83.09,100388.08,182.89,100,-20305.66,0.83,5.11,-551622,5.71,26.29
09-07-2026 23:44:02,47.64,19.68,103181.25,26.53,84.4,100386.08,182.89,100,-20305.66,0.71,5.25,-552468,5.7,26.32
09-07-2026 23:46:02,47.61,19.67,103194.5,26.39,85.27,100392.64,182.89,100,-20305.66,0.81,5.05,-553065,5.68,26.34
09-07-2026 23:47:02,47.62,19.68,103194.95,26.44,84.9,100394.03,182.89,100,-20305.66,0.78,4.77,-553224,5.62,26.35
09-07-2026 23:48:02,47.64,19.74,103205.67,26.74,83.88,100402.59,182.89,100,-20305.66,0.71,4.49,-552804,5.6,26.33
09-07-2026 23:49:02,47.61,19.7,103203.75,26.51,84.78,100395.3,182.89,100,-20305.66,0.79,5.47,-553297,5.65,26.35
09-07-2026 23:50:02,47.59,19.73,103209.33,26.37,85.38,100402.55,182.89,100,-20305.66,0.71,4.72,-552577,5.69,26.32
09-07-2026 23:51:02,47.57,19.7,103199.99,26.29,85.83,100402.45,182.89,100,-20305.66,0.69,5.03,-551755,5.68,26.29
09-07-2026 23:52:02,47.61,19.69,103201.53,26.34,85.58,100405.08,182.89,100,-20305.66,0.8,5.62,-552273,5.66,26.31
09-07-2026 23:53:02,47.59,19.68,103198.12,26.32,85.56,100403.38,182.89,100,-20305.66,0.72,5.07,-551926,5.61,26.30
09-07-2026 23:54:02,47.61,19.7,103202.5,26.37,85.43,100407.42,182.89,100,-20305.66,0.71,5.02,-551837,5.6,26.29
09-07-2026 23:55:02,47.63,19.69,103201.6,26.59,84.61,100404.46,182.89,100,-20305.66,0.77,4.49,-551642,5.62,26.29
09-07-2026 23:56:02,47.64,19.67,103206.27,26.47,84.97,100409.85,182.89,100,-20305.66,0.83,4.13,-553066,5.67,26.34
09-07-2026 23:57:02,47.67,19.72,103201.11,26.65,84.23,100403.42,182.89,100,-20305.66,0.77,4.92,-550882,5.7,26.26
09-07-2026 23:58:02,47.65,19.72,103198.03,26.32,85.94,100405.35,182.89,100,-20305.66,0.77,4.87,-552579,5.71,26.32
09-07-2026 23:59:02,47.66,19.72,103211,26.41,85.75,100407.42,182.89,100,-20305.66,0.73,4.67,-552052,5.68,26.30
10-07-2026 0:00:01,47.68,19.69,103203.31,26.6,84.84,100415.42,182.89,100,-20305.66,0.69,4.13,-552748,5.68,26.33
10-07-2026 0:01:01,47.71,19.67,103207.8,26.81,83.38,100412.74,182.89,100,-20305.66,0.67,5.03,-552009,5.64,26.30
10-07-2026 0:02:01,47.67,19.68,103208.07,26.64,83.75,100411.21,182.89,100,-20305.66,0.88,4.39,-551732,5.63,26.29
10-07-2026 0:03:01,47.64,19.72,103208.13,26.49,85.02,100409.99,182.89,100,-20305.66,0.69,4.6,-551615,5.65,26.29
10-07-2026 0:04:01,47.65,19.76,103217.21,26.75,83.94,100414.77,182.89,100,-20305.66,0.71,5,-552081,5.72,26.30
10-07-2026 0:05:01,47.64,19.73,103212.9,26.41,85.24,100414.86,182.89,100,-20305.66,0.89,4.25,-552227,5.7,26.31
10-07-2026 0:06:01,47.66,19.66,103212,26.58,84.62,100414.92,182.89,100,-20305.66,0.71,5.4,-551575,5.67,26.29
10-07-2026 0:07:01,47.63,19.73,103214.89,26.28,86.08,100416.57,182.89,100,-20305.66,0.75,5.23,-551840,5.64,26.29
10-07-2026 0:08:01,47.58,19.71,103212.54,26.25,86.22,100420.03,182.89,100,-20305.66,0.78,5.07,-551531,5.61,26.28
10-07-2026 0:09:01,47.61,19.71,103218.8,26.41,85.29,100418.71,182.89,100,-20305.66,0.92,4.98,-553123,5.64,26.34
10-07-2026 0:10:01,47.61,19.74,103223.85,26.34,85.78,100420.6,182.89,100,-20305.66,0.72,5.31,-551607,5.73,26.29
10-07-2026 0:11:01,47.63,19.72,103211.96,26.46,84.93,100418.46,182.89,100,-20305.66,0.76,5.04,-551226,5.68,26.27
10-07-2026 0:12:01,47.63,19.74,103216.88,26.36,85.63,100418.07,182.89,100,-20305.66,0.76,4.48,-553007,5.63,26.34
10-07-2026 0:13:01,47.59,19.68,103213.82,26.53,84.61,100418.66,182.89,100,-20305.66,0.79,5.03,-551822,5.72,26.29
10-07-2026 0:14:01,47.61,19.7,103203.47,26.51,84.6,100417.74,182.89,100,-20305.66,0.71,4.77,-552335,5.67,26.31
10-07-2026 0:15:01,47.64,19.75,103212.22,26.64,84.36,100411.68,182.89,100,-20305.66,0.78,5.36,-551496,5.71,26.28
10-07-2026 0:16:01,47.63,19.73,103200.96,26.62,84.42,100406.06,182.89,100,-20305.66,0.7,5.51,-551512,5.63,26.28
10-07-2026 0:17:01,47.64,19.69,103218.66,26.44,85.39,100410.64,182.89,100,-20305.66,0.58,5.25,-551074,5.72,26.27
10-07-2026 0:18:01,47.61,19.71,103205.56,26.5,85.02,100407.99,182.89,100,-20305.66,0.74,5.82,-551367,5.66,26.28
10-07-2026 0:20:01,47.62,19.76,103210.64,26.38,85.78,100402.61,182.89,100,-20305.66,0.83,5.5,-550995,5.74,26.26
10-07-2026 0:21:01,47.63,19.73,103199.92,26.41,85.53,100406.32,182.89,100,-20305.66,0.65,4.45,-552086,5.66,26.30
10-07-2026 0:22:01,47.7,19.72,103222.63,26.76,83.81,100401.33,182.89,100,-20305.66,0.73,5.2,-550479,5.71,26.24
10-07-2026 0:23:01,47.69,19.72,103212.21,26.57,84.85,100410.78,182.89,100,-20305.66,0.84,5.11,-551343,5.71,26.28
10-07-2026 0:24:01,47.63,19.76,103201.19,26.29,85.64,100407.17,182.89,100,-20305.66,0.84,4.94,-551357,5.65,26.28
10-07-2026 0:25:01,47.63,19.76,103217.89,26.52,84.74,100410.42,182.89,100,-20305.66,0.75,4.44,-550614,5.7,26.25
10-07-2026 0:26:01,47.62,19.75,103224.89,26.66,83.6,100414.03,182.89,100,-20305.66,0.77,4.76,-549849,5.75,26.22
10-07-2026 0:27:01,47.67,19.77,103209.75,26.82,83.36,100412.63,182.89,100,-20305.66,0.77,4.55,-550943,5.76,26.26
10-07-2026 0:28:02,47.65,19.72,103210.07,26.59,84.63,100412.78,182.89,100,-20305.66,0.74,4.99,-549741,5.77,26.22
10-07-2026 0:29:02,47.62,19.78,103210.46,26.78,83.47,100411.82,182.89,100,-20305.66,0.75,4.51,-550275,5.77,26.24
10-07-2026 0:30:02,47.68,19.74,103215.89,26.9,82.85,100417.49,182.89,100,-20305.66,0.81,5.32,-550006,5.76,26.23
10-07-2026 0:31:02,47.66,19.81,103223.38,26.54,84.95,100421.63,182.89,100,-20305.66,0.71,4.48,-550388,5.76,26.24
10-07-2026 0:32:02,47.66,19.78,103212.08,26.49,85.48,100418.6,182.89,100,-20305.66,0.74,5.16,-549818,5.76,26.22
10-07-2026 0:33:02,47.67,19.75,103209.88,26.6,83.87,100416.23,182.89,100,-20305.66,0.71,4.7,-549909,5.77,26.22
10-07-2026 0:34:02,47.62,19.79,103200.49,26.28,86.26,100415.88,182.89,100,-20305.66,0.73,4.17,-550084,5.76,26.23
10-07-2026 0:35:02,47.63,19.79,103219.72,26.54,84.74,100418.14,182.89,100,-20305.66,0.72,4.76,-550018,5.69,26.23
10-07-2026 0:36:02,47.67,19.78,103210.11,26.59,84.99,100415.85,182.89,100,-20305.66,0.74,5.34,-550471,5.69,26.24
10-07-2026 0:37:02,47.69,19.77,103213.39,26.51,85.38,100415.18,182.89,100,-20305.66,0.63,4.25,-550425,5.73,26.24
10-07-2026 0:38:02,47.72,19.73,103208.53,26.54,85.23,100419.13,182.89,100,-20305.66,0.77,4.98,-551360,5.77,26.28
10-07-2026 0:39:02,47.73,19.74,103222.09,26.69,84.22,100418.24,182.89,100,-20305.66,0.81,4.8,-548136,5.79,26.16
10-07-2026 0:40:02,47.74,19.73,103226.68,26.64,84.51,100420.12,182.89,100,-20305.66,0.79,5.31,-548889,5.71,26.19
10-07-2026 0:41:02,47.61,19.81,103219.35,26.37,85.72,100421.55,182.89,100,-20305.66,0.72,5.42,-549935,5.81,26.23
10-07-2026 0:42:02,47.64,19.84,103216.25,26.6,84.45,100425.94,182.89,100,-20305.66,0.73,5.38,-550209,5.83,26.24
10-07-2026 0:43:02,47.68,19.81,103225.51,26.89,83.35,100422.83,182.89,100,-20305.66,0.75,4.68,-550569,5.85,26.25
10-07-2026 0:44:02,47.73,19.8,103233.33,26.61,84.84,100427.13,182.89,100,-20305.66,0.8,3.84,-550037,5.82,26.23
10-07-2026 0:45:02,47.69,19.82,103222.96,26.56,84.49,100430.13,182.89,100,-20305.66,0.79,5.47,-549665,5.76,26.22
10-07-2026 0:46:02,47.66,19.83,103217.67,26.41,85.74,100430.5,182.89,100,-20305.66,0.8,5.36,-550296,5.77,26.24
10-07-2026 0:47:02,47.66,19.83,103223.92,26.72,83.91,100436.07,182.89,100,-20305.66,0.73,4.97,-549249,5.79,26.20
10-07-2026 0:48:02,47.68,19.79,103240.49,26.87,83.09,100435.93,182.89,100,-20305.66,0.78,5.15,-550156,5.8,26.23
10-07-2026 0:49:02,47.64,19.83,103226.89,26.38,85.83,100437.27,182.89,100,-20305.66,0.76,5.71,-552494,5.85,26.32
10-07-2026 0:50:02,47.67,19.79,103242.22,26.66,84.18,100443.52,182.89,100,-20305.66,0.78,4.97,-550542,5.85,26.25
10-07-2026 0:51:02,47.61,19.86,103238.21,26.36,85.84,100449.58,182.89,100,-20305.66,0.77,5.29,-550369,5.82,26.24
10-07-2026 0:52:02,47.61,19.82,103235.03,26.51,84.88,100444.36,182.89,100,-20305.66,0.79,5.31,-549968,5.76,26.23
10-07-2026 0:53:02,47.61,19.87,103244.33,26.34,86.16,100450.47,182.89,100,-20305.66,0.72,5.14,-548936,5.76,26.19
10-07-2026 0:54:02,47.59,19.86,103244.32,26.2,86.91,100447.68,182.89,100,-20305.66,0.77,4.73,-550418,5.82,26.24
10-07-2026 0:55:02,47.62,19.85,103244.19,26.44,85.92,100447.45,182.89,100,-20305.66,0.79,4.76,-548861,5.87,26.19
10-07-2026 0:56:02,47.66,19.85,103248.71,26.64,84.82,100450.14,182.89,100,-20305.66,0.79,4.37,-549469,5.78,26.21
10-07-2026 0:57:02,47.66,19.86,103248.89,26.79,83.59,100448.71,182.89,100,-20305.66,0.71,4.64,-549168,5.78,26.20
10-07-2026 0:58:03,47.65,19.85,103239.76,26.92,82.84,100447.3,182.89,100,-20305.66,0.91,4.87,-548564,5.89,26.17
10-07-2026 0:59:03,47.63,19.86,103247.01,26.49,85.27,100445.22,182.89,100,-20305.66,0.8,4.77,-548659,5.78,26.18
10-07-2026 1:00:00,47.57,19.89,103239.96,26.38,85.7,100448.67,182.89,100,-20305.66,0.82,5.27,-549113,5.78,26.19
10-07-2026 1:01:00,47.6,19.9,103255.46,26.68,84.03,100447.38,182.89,100,-20305.66,0.79,5.02,-548520,5.78,26.17
10-07-2026 1:02:01,47.59,19.91,103244.02,26.42,85.66,100447.91,182.89,100,-20305.66,0.68,5.47,-548925,5.85,26.19
10-07-2026 1:03:01,47.59,19.86,103237.63,26.54,85.05,100446.33,182.89,100,-20305.66,0.7,5.74,-547895,5.77,26.15
10-07-2026 1:04:01,47.6,19.82,103241.93,26.7,83.8,100442.75,182.89,100,-20305.66,0.82,4.11,-548470,5.87,26.17
10-07-2026 1:05:01,47.58,19.83,103233.83,26.65,84.32,100444.78,182.89,100,-20305.66,0.79,5.02,-548420,5.76,26.17
10-07-2026 1:06:01,47.52,19.84,103247.39,26.21,86.29,100445.08,182.89,100,-20305.66,0.89,4.68,-549120,5.87,26.20
10-07-2026 1:07:01,47.48,19.89,103233.82,26.26,86.1,100443.1,182.89,100,-20305.66,0.79,4.05,-548330,5.78,26.17
10-07-2026 1:08:01,47.43,19.93,103237.64,26.2,86.4,100442.5,182.89,100,-20305.66,0.65,4.86,-548419,5.78,26.17
10-07-2026 1:09:01,47.44,19.88,103245.07,26.38,85.49,100443.38,182.89,100,-20305.66,0.8,4.88,-549047,5.83,26.19
10-07-2026 1:10:01,47.41,19.94,103243.68,26.42,85.25,100442.09,182.89,100,-20305.66,0.79,5.28,-548648,5.85,26.18
10-07-2026 1:11:01,47.44,19.9,103236.42,26.32,85.66,100438.89,182.89,100,-20305.66,0.85,5.52,-549555,5.86,26.21
10-07-2026 1:12:01,47.42,19.97,103250.08,26.25,86.38,100442.05,182.89,100,-20305.66,0.79,5.16,-547405,5.83,26.13
10-07-2026 1:13:01,47.45,19.89,103245.03,26.56,84.67,100439.33,182.89,100,-20305.66,0.71,5.47,-548973,5.82,26.19
10-07-2026 1:14:01,47.48,19.93,103231.11,26.44,85.28,100441.01,182.89,100,-20305.66,0.8,4.91,-548366,5.79,26.17
10-07-2026 1:15:01,47.51,19.86,103237.66,26.52,84.94,100442.53,182.89,100,-20305.66,0.78,4.91,-548794,5.81,26.18
10-07-2026 1:16:01,47.46,19.88,103241.05,26.4,85.3,100439.38,182.89,100,-20305.66,0.85,4.83,-548325,5.78,26.17
10-07-2026 1:17:01,47.45,19.9,103227.07,26.22,86.27,100439.86,182.89,100,-20305.66,0.79,4.89,-548457,5.79,26.17
10-07-2026 1:18:01,47.42,19.9,103234.28,26.4,85.12,100439.14,182.89,100,-20305.66,0.77,5.42,-548645,5.86,26.18
10-07-2026 1:19:01,47.43,19.91,103243.42,26.29,85.73,100437.44,182.89,100,-20305.66,0.78,5.14,-548538,5.87,26.17
10-07-2026 1:20:01,47.44,19.91,103232.92,26.61,84.34,100439.52,182.89,100,-20305.66,1.21,4.74,-548958,5.9,26.19
10-07-2026 1:21:01,47.42,19.94,103241.07,26.4,85.4,100443.67,182.89,100,-20305.66,0.82,4.5,-547923,5.83,26.15
10-07-2026 1:22:01,47.42,19.9,103236.56,26.55,84.25,100443.14,182.89,100,-20305.66,0.84,5.28,-548117,5.8,26.16
10-07-2026 1:23:01,47.41,19.92,103232.42,26.47,84.78,100446.48,182.89,100,-20305.66,0.71,4.54,-547728,5.79,26.14
10-07-2026 1:24:01,47.41,19.92,103226.42,26.29,85.99,100437.46,182.89,100,-20305.66,0.75,5.33,-548588,5.84,26.18
10-07-2026 1:25:01,47.45,19.95,103243.67,26.53,84.87,100444.75,182.89,100,-20305.66,0.8,4.39,-547795,5.89,26.15
10-07-2026 1:26:01,47.39,19.89,103228.49,26.36,85.05,100438.94,182.89,100,-20305.66,0.76,5.03,-547874,5.86,26.15
10-07-2026 1:27:01,47.39,19.95,103224.16,26.35,85.44,100435.96,182.89,100,-20305.66,0.92,5.1,-547473,5.84,26.13
10-07-2026 1:28:01,47.42,19.92,103231.75,26.53,84.31,100439.7,182.89,100,-20305.66,0.74,4.94,-547573,5.9,26.14
10-07-2026 1:29:01,47.42,19.95,103235.71,26.44,85.04,100436.52,182.89,100,-20305.66,0.78,5.34,-547598,5.83,26.14
10-07-2026 1:30:02,47.42,19.95,103230.47,26.52,84.52,100436.66,182.89,100,-20305.66,0.75,5.07,-548112,5.89,26.16
10-07-2026 1:31:02,47.43,19.93,103229.77,26.35,85.44,100435.83,182.89,100,-20305.66,0.71,4.99,-547747,5.88,26.14
10-07-2026 1:32:02,47.37,19.93,103233.83,26.49,84.49,100433.32,182.89,100,-20305.66,0.84,5.08,-547573,5.83,26.14
10-07-2026 1:33:02,47.35,19.95,103223.75,26.26,85.59,100430.07,182.89,100,-20305.66,0.8,5.78,-548082,5.91,26.16
10-07-2026 1:34:02,47.33,19.95,103230.34,26.23,85.96,100431.42,182.89,100,-20305.66,0.74,4.93,-547352,5.88,26.13
10-07-2026 1:35:02,47.39,19.98,103240.21,26.37,85.58,100436.08,182.89,100,-20305.66,0.8,5.43,-548159,5.92,26.16
10-07-2026 1:36:02,47.34,20.02,103228.11,26.06,87.25,100434.36,182.89,100,-20305.66,0.72,5.13,-549790,5.94,26.22
10-07-2026 1:37:02,47.35,20.02,103223.82,26.26,86,100436.19,182.89,100,-20305.66,0.84,4.86,-547943,5.9,26.15
10-07-2026 1:38:02,47.33,20.05,103228.28,26.48,84.3,100436.61,182.89,100,-20305.66,0.7,5.38,-547942,5.88,26.15
10-07-2026 1:39:02,47.34,20.03,103228.76,26.49,84.98,100435.28,182.89,100,-20305.66,0.8,5.38,-548614,5.97,26.18
10-07-2026 1:40:02,47.39,20,103235.83,26.18,86.73,100436.38,182.89,100,-20305.66,0.77,4.9,-550079,5.98,26.23
10-07-2026 1:41:02,47.33,20.07,103232.48,26.19,86.57,100435.33,182.89,100,-20305.66,0.83,4.89,-547657,5.89,26.14
10-07-2026 1:42:02,47.35,20.02,103222.85,26.5,85,100434.67,182.89,100,-20305.66,0.77,5.14,-545796,5.91,26.07
10-07-2026 1:43:02,47.33,20.08,103223.46,26.18,86.75,100432.59,182.89,100,-20305.66,1.02,4.75,-547867,6,26.15
10-07-2026 1:44:02,47.35,20.05,103243.96,26.26,86.62,100436.35,182.89,100,-20305.66,0.79,5.23,-547964,5.89,26.15
10-07-2026 1:45:02,47.36,20.01,103228.93,26.06,87.28,100438.89,182.89,100,-20305.66,1.07,4.99,-547756,6.01,26.15
10-07-2026 1:46:02,47.37,19.98,103236.66,26.32,86.04,100442.03,182.89,100,-20305.66,0.79,4.54,-547172,5.93,26.12
10-07-2026 1:47:02,47.45,20,103243.85,26.62,84.8,100440.78,182.89,100,-20305.66,0.89,5,-547672,5.82,26.14
10-07-2026 1:48:02,47.46,19.99,103233.78,26.33,86.22,100444.63,182.89,100,-20305.66,0.82,4.82,-547495,5.92,26.14
10-07-2026 1:49:02,47.42,19.94,103238.17,26.23,86.82,100441.61,182.89,100,-20305.66,0.66,5.22,-547865,5.83,26.15
10-07-2026 1:50:02,47.43,19.97,103238.3,26.27,86.57,100438.82,182.89,100,-20305.66,0.69,5.68,-548073,5.89,26.16
10-07-2026 1:51:02,47.45,19.95,103225.09,26.56,84.5,100436.53,182.89,100,-20305.66,0.88,5.16,-547244,5.87,26.13
10-07-2026 1:52:02,47.46,19.95,103227.88,26.46,85.37,100430.86,182.89,100,-20305.66,0.82,5.01,-547389,5.84,26.13
10-07-2026 1:53:02,47.46,19.96,103218.81,26.26,86.61,100427.28,182.89,100,-20305.66,0.9,4.24,-548093,5.91,26.16
10-07-2026 1:54:02,47.44,19.97,103222.22,26.11,87.54,100425.13,182.89,100,-20305.66,0.82,5.13,-548136,5.81,26.16
10-07-2026 1:55:02,47.45,20,103212.96,26.25,86.69,100421.24,182.89,100,-20305.66,0.8,5.45,-547695,5.91,26.14
10-07-2026 1:56:02,47.45,20,103213.49,26.25,86.74,100421.3,182.89,100,-20305.66,0.77,5.21,-547720,5.88,26.14
10-07-2026 1:57:02,47.45,19.97,103214.74,26.27,86.88,100418.64,182.89,100,-20305.66,1.04,4.68,-548079,5.82,26.16
10-07-2026 1:58:02,47.48,19.99,103205.25,26.49,85.62,100420.86,182.89,100,-20305.66,0.44,5.19,-548178,5.93,26.16
10-07-2026 1:59:02,47.5,19.94,103219,26.35,86.21,100418.1,182.89,100,-20305.66,0.84,5.12,-549799,5.86,26.22
10-07-2026 2:00:01,47.5,19.95,103207.92,26.22,86.82,100419.11,182.89,100,-20305.66,0.74,5.03,-549806,5.86,26.22
10-07-2026 2:01:01,47.51,19.95,103224.86,26.25,86.84,100415.26,182.89,100,-20305.66,0.82,4.53,-549509,5.86,26.21
10-07-2026 2:02:01,47.51,19.94,103201.25,26.06,87.81,100414.13,182.89,100,-20305.66,0.83,5.13,-551936,5.84,26.30
10-07-2026 2:03:01,47.5,19.98,103212.19,26.25,86.99,100416.55,182.89,100,-20305.66,0.76,5.25,-550501,5.96,26.25
10-07-2026 2:04:01,47.48,19.94,103204.37,26.18,87.2,100414.36,182.89,100,-20305.66,0.77,4.43,-548933,5.85,26.19
10-07-2026 2:05:01,47.43,19.93,103213.85,26.07,87.38,100409.97,182.89,100,-20305.66,0.85,5.23,-547808,5.9,26.15
10-07-2026 2:06:01,47.36,19.98,103197.55,25.98,87.93,100409.24,182.89,100,-20305.66,0.73,4.95,-547279,5.88,26.13
10-07-2026 2:07:01,47.35,19.98,103203.03,26.04,87.8,100408.34,182.89,100,-20305.66,0.8,5.06,-548133,5.81,26.16
10-07-2026 2:08:01,47.4,20.01,103208.53,26.15,87.23,100408.25,182.89,100,-20305.66,0.83,5.34,-549021,5.84,26.19
10-07-2026 2:09:01,47.39,19.98,103204.5,26.08,87.47,100410.19,182.89,100,-20305.66,0.83,4.89,-548493,5.88,26.17
10-07-2026 2:10:01,47.4,19.97,103211.67,25.97,88.09,100407.54,182.89,100,-20305.66,0.84,4.73,-548299,5.78,26.17
10-07-2026 2:11:01,47.34,19.99,103202.97,26.03,87.84,100408.97,182.89,100,-20305.66,0.84,5.08,-548330,5.88,26.17
10-07-2026 2:12:01,47.39,19.97,103215.22,26.1,87.21,100417.85,182.89,100,-20305.66,0.77,4.93,-547906,5.85,26.15
10-07-2026 2:13:01,47.37,20,103226.15,26.15,87.31,100416.74,182.89,100,-20305.66,0.7,4.41,-549634,5.79,26.21
10-07-2026 2:14:01,47.36,20.02,103228.99,26.3,86.43,100420.71,182.89,100,-20305.66,0.79,5.17,-548408,5.9,26.17
10-07-2026 2:15:01,47.41,20,103221.27,26.13,87.33,100425.72,182.89,100,-20305.66,0.74,4.93,-548174,5.83,26.16
10-07-2026 2:16:01,47.41,19.98,103226.19,26.12,87.4,100426.07,182.89,100,-20305.66,0.83,4.81,-547642,5.83,26.14
10-07-2026 2:17:01,47.4,20,103223.03,25.94,88.39,100426.56,182.89,100,-20305.66,0.87,5.09,-547704,5.88,26.14
10-07-2026 2:18:01,47.41,19.99,103232.07,26.43,85.75,100433.08,182.89,100,-20305.66,0.91,5.27,-548343,5.81,26.17
10-07-2026 2:19:01,47.41,20,103233.33,26.19,86.98,100429.92,182.89,100,-20305.66,0.79,4.74,-547191,5.9,26.12
10-07-2026 2:20:01,47.41,20.03,103234.96,26.12,87.26,100433.97,182.89,100,-20305.66,0.86,4.28,-547211,5.82,26.13
10-07-2026 2:21:01,47.42,20.03,103222.38,26.03,88.08,100433.22,182.89,100,-20305.66,0.92,5.5,-548132,5.92,26.16
10-07-2026 2:22:01,47.37,20.01,103229.86,25.78,89.54,100437.34,182.89,100,-20305.66,0.77,5.59,-548238,5.82,26.16
10-07-2026 2:23:01,47.41,20,103239.17,26.13,87.7,100437.47,182.89,100,-20305.66,0.85,5.23,-548000,5.85,26.15
10-07-2026 2:24:01,47.42,20,103230.96,26.26,86.73,100435.42,182.89,100,-20305.66,0.78,5.09,-548737,5.87,26.18
10-07-2026 2:25:01,47.44,19.99,103246.57,26.37,86.2,100435.39,182.89,100,-20305.66,0.71,4.92,-549778,5.84,26.22
10-07-2026 2:26:01,47.44,19.97,103229.39,26.24,86.65,100439.11,182.89,100,-20305.66,0.76,5.41,-544326,5.86,26.02
10-07-2026 2:27:01,47.44,20,103234.02,26.59,84.84,100433.36,182.89,100,-20305.66,0.76,4.61,-547302,5.86,26.13
10-07-2026 2:28:01,47.44,20.03,103226.44,26.18,87.26,100436.77,182.89,100,-20305.66,0.65,4.94,-549629,5.94,26.21
10-07-2026 2:29:01,47.46,20.01,103238.97,26.25,87.14,100434.38,182.89,100,-20305.66,0.79,5,-546829,5.82,26.11
10-07-2026 2:30:02,47.46,20.01,103231.02,26.02,88.55,100434.75,182.89,100,-20305.66,0.75,5.11,-547388,5.91,26.13
10-07-2026 2:31:02,47.49,19.99,103234.27,26.05,88.37,100435.32,182.89,100,-20305.66,0.76,5.1,-548326,5.84,26.17
10-07-2026 2:32:02,47.46,19.95,103227.23,26.14,87.72,100430.75,182.89,100,-20305.66,0.73,5.52,-547955,5.84,26.15
10-07-2026 2:33:02,47.44,19.99,103222.58,26.27,86.76,100428.6,182.89,100,-20305.66,0.73,5.66,-547157,5.85,26.12
10-07-2026 2:34:02,47.44,19.94,103229.44,26.36,86.1,100428.59,182.89,100,-20305.66,0.78,4.92,-547626,5.9,26.14
10-07-2026 2:35:02,47.4,20,103220.85,26.19,87.06,100426.38,182.89,100,-20305.66,0.95,5.29,-547723,5.84,26.14
10-07-2026 2:36:02,47.34,20.02,103213.74,25.82,89.19,100427.14,182.89,100,-20305.66,0.82,4.58,-548572,5.84,26.18
10-07-2026 2:37:02,47.35,20.03,103233.79,26.17,87.57,100428.17,182.89,100,-20305.66,0.73,4.62,-549592,5.84,26.21
10-07-2026 2:38:02,47.42,20.01,103221.64,26.19,87.46,100426.09,182.89,100,-20305.66,0.74,5.46,-548014,5.82,26.15
10-07-2026 2:39:02,47.45,20.02,103217.99,26.26,86.97,100422.41,182.89,100,-20305.66,0.74,4.56,-547150,5.84,26.12
10-07-2026 2:40:02,47.45,20,103217.28,26.12,87.66,100417.75,182.89,100,-20305.66,0.72,5.01,-548178,5.87,26.16
10-07-2026 2:41:02,47.42,20,103203.63,26.23,87,100415.17,182.89,100,-20305.66,0.78,5.16,-549003,5.86,26.19
10-07-2026 2:42:02,47.4,20.02,103222.47,26.06,87.91,100409.49,182.89,100,-20305.66,0.78,4.68,-546399,5.83,26.10
10-07-2026 2:43:02,47.39,20.04,103201.03,26.31,86.33,100408.06,182.89,100,-20305.66,0.73,4.91,-548373,5.88,26.17
10-07-2026 2:44:02,47.4,20,103203.92,26.28,86.1,100414.25,182.89,100,-20305.66,0.74,4.84,-547839,5.95,26.15
10-07-2026 2:45:02,47.37,20.01,103200.53,26.08,87.67,100412.94,182.89,100,-20305.66,0.79,5.3,-547756,5.89,26.15
10-07-2026 2:46:02,47.41,20.03,103222.53,26.28,86.74,100411.24,182.89,100,-20305.66,0.81,5.38,-547152,5.83,26.12
10-07-2026 2:47:02,47.39,20.02,103206.31,26.19,86.56,100409.99,182.89,100,-20305.66,0.95,4.03,-545381,5.89,26.06
10-07-2026 2:48:02,47.34,20.01,103218.85,26.12,86.91,100412.17,182.89,100,-20305.66,0.78,4.87,-547569,5.96,26.14
10-07-2026 2:49:02,47.37,20.03,103215.88,26.33,86.33,100411.14,182.89,100,-20305.66,0.75,4.8,-547440,5.87,26.13
10-07-2026 2:50:02,47.43,20.01,103204.02,26.35,86.25,100410.19,182.89,100,-20305.66,0.76,5.4,-549525,5.84,26.21
10-07-2026 2:51:02,47.44,19.97,103201.02,26.31,86.2,100406.78,182.89,100,-20305.66,0.81,5.2,-546996,5.84,26.12
10-07-2026 2:52:02,47.37,19.96,103201.86,26.23,86.31,100404.06,182.89,100,-20305.66,0.79,4.89,-546622,5.86,26.10
10-07-2026 2:53:02,47.3,20.06,103200.1,26.01,87.7,100401.49,182.89,100,-20305.66,0.78,4.65,-547624,5.95,26.14
10-07-2026 2:54:02,47.33,20.04,103199.25,26.12,87.5,100405.19,182.89,100,-20305.66,0.75,5.2,-547772,5.87,26.15
10-07-2026 2:55:02,47.3,20.05,103189.51,26,88.16,100396.55,182.89,100,-20305.66,0.85,5.16,-548536,5.9,26.17
10-07-2026 2:56:02,47.27,20.05,103186.5,26.01,87.59,100402.21,182.89,100,-20305.66,0.78,4.67,-548293,5.93,26.16
10-07-2026 2:57:02,47.29,20.05,103198,26.13,87.35,100400.16,182.89,100,-20305.66,0.84,4.72,-547908,5.89,26.15
10-07-2026 2:58:03,47.29,20.03,103194.47,25.86,88.72,100398.7,182.89,100,-20305.66,0.78,4.87,-549035,5.91,26.19
10-07-2026 2:59:03,47.26,20.09,103185.97,25.77,89.4,100398.6,182.89,100,-20305.66,0.85,5.59,-547659,5.89,26.14
10-07-2026 3:00:00,47.28,20.03,103197.1,26.04,87.57,100396.2,182.89,100,-20305.66,0.74,6.07,-548179,5.89,26.16
10-07-2026 3:01:01,47.28,20.1,103196.14,25.93,88.48,100397.05,182.89,100,-20305.66,0.83,5.05,-548308,5.87,26.17
10-07-2026 3:02:01,47.29,20.05,103188.35,26.03,87.69,100394.81,182.89,100,-20305.66,0.75,5.26,-548185,5.95,26.16
10-07-2026 3:03:01,47.29,20.08,103182.01,26.19,87.26,100398.83,182.89,100,-20305.66,0.75,5.29,-548360,5.93,26.17
10-07-2026 3:04:01,47.26,20.06,103193.24,25.98,87.81,100394.66,182.89,100,-20305.66,0.81,5.65,-548327,5.86,26.17
10-07-2026 3:05:01,47.24,20.04,103182.94,25.96,87.92,100391.7,182.89,100,-20305.66,0.83,5.66,-549251,5.97,26.20
10-07-2026 3:06:01,47.22,20.09,103193.25,26.01,87.35,100386.15,182.89,100,-20305.66,0.82,5.3,-548423,5.95,26.17
10-07-2026 3:07:01,47.23,20.06,103188.07,25.95,88.09,100389.17,182.89,100,-20305.66,0.8,5.41,-548250,5.86,26.16
10-07-2026 3:08:01,47.19,20.07,103183.44,26.19,86.74,100387.1,182.89,100,-20305.66,0.79,5.02,-548396,5.87,26.17
10-07-2026 3:09:01,47.21,20.1,103185.26,26.12,86.42,100384.63,182.89,100,-20305.66,0.91,4.52,-548069,5.9,26.16
10-07-2026 3:10:01,47.24,20.11,103177.89,26.11,87.35,100383.85,182.89,100,-20305.66,0.79,5.2,-548164,5.95,26.16
10-07-2026 3:11:01,47.24,20.12,103169.83,25.87,88.66,100385.8,182.89,100,-20305.66,0.83,5.06,-548646,5.97,26.18
10-07-2026 3:12:01,47.25,20.09,103176.25,26.23,86.71,100382.2,182.89,100,-20305.66,0.79,5.48,-547897,5.96,26.15
10-07-2026 3:13:01,47.24,20.1,103172.71,26.22,86.82,100382.78,182.89,100,-20305.66,0.9,5.01,-547920,5.9,26.15
10-07-2026 3:14:01,47.24,20.09,103173.67,26.18,86.89,100380.98,182.89,100,-20305.66,0.8,5.31,-547666,5.91,26.14
10-07-2026 3:15:01,47.23,20.15,103170.46,26.04,87.76,100378.77,182.89,100,-20305.66,0.78,4.49,-547667,5.93,26.14
10-07-2026 3:16:01,47.28,20.1,103163.99,26.17,86.88,100372.78,182.89,100,-20305.66,0.81,4.86,-547648,5.89,26.14
10-07-2026 3:17:01,47.27,20.1,103162.16,25.94,88.22,100374.5,182.89,100,-20305.66,0.73,4.78,-547384,5.87,26.13
10-07-2026 3:18:01,47.27,20.09,103170.14,26.04,87.86,100375.16,182.89,100,-20305.66,0.78,4.87,-548803,5.85,26.18
10-07-2026 3:19:01,47.28,20.08,103161.57,26.27,86.48,100370.28,182.89,100,-20305.66,0.82,5.33,-546358,5.89,26.09
10-07-2026 3:20:01,47.25,20.11,103165.85,26.16,86.86,100369.5,182.89,100,-20305.66,0.78,5.15,-548095,5.94,26.16
10-07-2026 3:21:01,47.22,20.08,103167.78,25.93,87.87,100372.11,182.89,100,-20305.66,0.77,5.45,-548536,5.98,26.17
10-07-2026 3:22:01,47.21,20.08,103162.8,26.08,87.36,100371.79,182.89,100,-20305.66,0.72,5.36,-548224,5.99,26.16
10-07-2026 3:23:01,47.25,20.05,103159.62,26.14,87.04,100370.95,182.89,100,-20305.66,0.81,4.65,-547101,5.97,26.12
10-07-2026 3:24:01,47.25,20.06,103168.1,26.47,85.14,100363.79,182.89,100,-20305.66,0.76,4.48,-547239,5.93,26.13
10-07-2026 3:25:01,47.24,20.12,103161.3,26.08,87.02,100370.22,182.89,100,-20305.66,0.74,5.12,-547189,6.02,26.12
10-07-2026 3:26:01,47.27,20.05,103170.09,26.32,85.18,100368.67,182.89,100,-20305.66,0.73,4.44,-547912,5.89,26.15
10-07-2026 3:27:01,47.28,20.02,103162.06,26.5,84.88,100364.14,182.89,100,-20305.66,0.82,5.2,-547991,5.82,26.15
10-07-2026 3:28:01,47.3,20.02,103158.55,25.94,88,100362.25,182.89,100,-20305.66,0.72,4.92,-546665,5.89,26.11
10-07-2026 3:29:01,47.3,20.03,103156.46,26.13,87.03,100363.77,182.89,100,-20305.66,0.75,4.87,-547006,5.93,26.12
10-07-2026 3:30:01,47.29,20.03,103151.61,26.02,87.54,100363.39,182.89,100,-20305.66,0.85,5.26,-547026,5.9,26.12
10-07-2026 3:31:02,47.27,20.01,103146.42,26.1,87.05,100358.51,182.89,100,-20305.66,0.86,5.06,-547320,5.84,26.13
10-07-2026 3:32:02,47.25,20.06,103154.66,26.16,86.85,100357.19,182.89,100,-20305.66,0.84,5.15,-547117,5.82,26.12
10-07-2026 3:33:02,47.25,20.06,103146.1,26.22,86.62,100356.5,182.89,100,-20305.66,0.86,5,-547157,5.92,26.12
10-07-2026 3:34:02,47.22,20.06,103134.17,25.81,88.69,100354.13,182.89,100,-20305.66,0.78,5.1,-546763,5.82,26.11
10-07-2026 3:35:02,47.23,20.07,103151.95,25.91,88.42,100351.75,182.89,100,-20305.66,0.89,5.12,-546702,5.85,26.11
10-07-2026 3:36:02,47.24,20.07,103148.86,25.92,88.34,100356.85,182.89,100,-20305.66,0.81,4.58,-547075,5.9,26.12
10-07-2026 3:37:02,47.24,20.04,103145.91,25.99,87.84,100359.01,182.89,100,-20305.66,0.78,4.94,-546860,5.8,26.11
10-07-2026 3:38:02,47.24,20,103148.12,25.9,87.75,100357.53,182.89,100,-20305.66,0.87,4.65,-546429,5.89,26.10
10-07-2026 3:39:02,47.22,20,103150.76,26.07,87,100361.74,182.89,100,-20305.66,0.79,4.9,-546700,5.84,26.11
10-07-2026 3:40:02,47.21,20.07,103157.03,26.13,86.92,100362.85,182.89,100,-20305.66,0.76,4.74,-546423,5.93,26.10
10-07-2026 3:41:02,47.19,20.08,103160.5,26.01,87.34,100361.64,182.89,100,-20305.66,0.87,5,-546494,5.97,26.10
10-07-2026 3:42:02,47.2,20.07,103157.17,26.19,86.76,100365,182.89,100,-20305.66,0.47,5.44,-546145,5.95,26.09
10-07-2026 3:43:02,47.19,20.07,103160.57,26.29,85.82,100362.97,182.89,100,-20305.66,0.83,5.41,-546162,5.9,26.09
10-07-2026 3:44:02,47.2,20.06,103162.04,26.18,86.47,100365.99,182.89,100,-20305.66,0.88,4.81,-546455,5.84,26.10
10-07-2026 3:45:02,47.21,20.08,103163.8,25.96,87.79,100362.07,182.89,100,-20305.66,0.73,4.82,-547092,5.85,26.12
10-07-2026 3:46:02,47.24,20.05,103152.47,26.05,87.4,100365.94,182.89,100,-20305.66,0.75,4.75,-546009,5.94,26.08
10-07-2026 3:47:02,47.25,20.04,103158.59,26.14,86.8,100362.52,182.89,100,-20305.66,0.8,5.09,-545324,5.85,26.06
10-07-2026 3:48:02,47.22,20.04,103149.52,25.94,87.95,100358.71,182.89,100,-20305.66,0.7,5.26,-545754,5.86,26.07
10-07-2026 3:49:02,47.24,20.05,103158.42,26.2,86.56,100359.03,182.89,100,-20305.66,0.8,5.48,-546144,5.94,26.09
10-07-2026 3:50:02,47.23,20.06,103152.13,26.08,87.23,100355.28,182.89,100,-20305.66,0.79,4.89,-546370,5.83,26.09
10-07-2026 3:51:02,47.26,20.06,103142.22,26.1,87.21,100354.16,182.89,100,-20305.66,0.8,4.2,-546084,5.91,26.08
10-07-2026 3:52:02,47.25,20.03,103139.88,25.99,87.87,100350.18,182.89,100,-20305.66,0.73,4.56,-545787,5.93,26.07
10-07-2026 3:53:02,47.24,20.04,103151.55,25.96,88.12,100347.08,182.89,100,-20305.66,0.74,4.82,-545456,5.84,26.06
10-07-2026 3:54:02,47.29,20.03,103136.6,26.04,87.57,100346.57,182.89,100,-20305.66,0.74,4.88,-545856,5.95,26.08
10-07-2026 3:55:02,47.28,20.03,103134.36,25.92,88.23,100342.07,182.89,100,-20305.66,0.7,5.25,-547592,5.84,26.14
10-07-2026 3:56:02,47.31,20.03,103130.35,26.21,86.44,100335.23,182.89,100,-20305.66,0.79,4.43,-545938,5.97,26.08
10-07-2026 3:57:02,47.3,20.04,103122.36,26.32,86.25,100334.13,182.89,100,-20305.66,0.79,4.57,-546634,5.84,26.10
10-07-2026 3:58:02,47.32,20.03,103129.11,26.29,85.94,100333.93,182.89,100,-20305.66,0.8,5.23,-547294,5.97,26.13
10-07-2026 3:59:03,47.28,20.05,103122.44,26.28,86.22,100332.28,182.89,100,-20305.66,0.88,4.97,-546105,5.89,26.08
10-07-2026 4:00:00,47.26,20.04,103136.64,25.94,87.98,100339.89,182.89,100,-20305.66,0.79,4.73,-546729,5.89,26.11
10-07-2026 4:01:00,47.23,20.09,103142.08,26,87.25,100334.85,182.89,100,-20305.66,0.8,4.57,-546310,5.92,26.09
10-07-2026 4:02:01,47.22,20.11,103144.29,25.93,88.33,100337.97,182.89,100,-20305.66,0.81,5.92,-546576,5.87,26.10
10-07-2026 4:03:01,47.24,20.1,103158.06,25.96,88.23,100344.29,182.89,100,-20305.66,0.76,5.07,-546483,5.84,26.10
10-07-2026 4:04:01,47.24,20.06,103132.44,26.05,87.34,100343.11,182.89,100,-20305.66,0.75,5.2,-545822,5.93,26.07
10-07-2026 4:05:01,47.27,20.06,103138.12,26.36,85.99,100342.65,182.89,100,-20305.66,0.73,4.99,-546857,5.94,26.11
10-07-2026 4:06:01,47.27,20.04,103138.46,26.09,87.46,100350.13,182.89,100,-20305.66,0.88,5.87,-546270,5.86,26.09
10-07-2026 4:07:01,47.28,20.1,103149.26,26.15,87.48,100352.34,182.89,100,-20305.66,0.7,5.04,-546842,5.92,26.11
10-07-2026 4:08:01,47.34,20.04,103143.17,26.17,87.23,100351.92,182.89,100,-20305.66,0.76,5.34,-545681,5.91,26.07
10-07-2026 4:09:01,47.32,20.07,103154.24,26.01,87.85,100348.33,182.89,100,-20305.66,0.76,5.24,-546900,5.87,26.11
10-07-2026 4:10:01,47.27,20.08,103135.64,25.96,88.34,100348.58,182.89,100,-20305.66,0.82,5.47,-548043,5.97,26.16
10-07-2026 4:11:01,47.28,20.08,103134.71,25.82,89.34,100343.06,182.89,100,-20305.66,0.88,4.72,-546156,5.89,26.09
10-07-2026 4:12:01,47.33,20.07,103141.73,26.17,87.63,100342.8,182.89,100,-20305.66,0.77,5.37,-546228,5.9,26.09
10-07-2026 4:13:01,47.33,20.03,103131.19,26.16,87.51,100342.77,182.89,100,-20305.66,0.81,4.88,-546402,5.93,26.10
10-07-2026 4:14:01,47.3,20.08,103135.42,26.51,85.37,100343.36,182.89,100,-20305.66,0.73,5.03,-546370,5.86,26.09
10-07-2026 4:15:01,47.32,20.04,103134.89,26.19,87.01,100343.5,182.89,100,-20305.66,0.86,4.61,-544975,5.87,26.04
10-07-2026 4:16:01,47.33,20.05,103126.83,26.32,86.39,100334.72,182.89,100,-20305.66,0.82,5.51,-545203,5.92,26.05
10-07-2026 4:17:01,47.36,20.04,103137.92,26.29,86.67,100336.72,182.89,100,-20305.66,0.68,6.05,-547569,6,26.14
10-07-2026 4:18:01,47.36,20.06,103125.07,26.04,88,100341.77,182.89,100,-20305.66,0.75,5.25,-545852,5.94,26.08
10-07-2026 4:19:01,47.4,20.04,103124.03,26.23,87.23,100336.28,182.89,100,-20305.66,0.72,4.95,-544916,5.87,26.04
10-07-2026 4:20:01,47.41,20.03,103140.03,26.2,87.18,100334.35,182.89,100,-20305.66,0.69,5.29,-545414,5.94,26.06
10-07-2026 4:21:01,47.43,20.03,103128.82,26.05,88.35,100336.3,182.89,100,-20305.66,0.76,4.53,-546048,5.97,26.08
10-07-2026 4:22:01,47.38,20.03,103132.75,25.81,89.43,100337.75,182.89,100,-20305.66,0.77,5.42,-546685,5.86,26.11
10-07-2026 4:23:01,47.32,20,103117.27,25.62,90.34,100334.42,182.89,100,-20305.66,0.94,5.11,-545332,5.94,26.06
10-07-2026 4:24:01,47.3,20.08,103134.26,26.03,88.46,100334.89,182.89,100,-20305.66,0.76,4.28,-545643,5.98,26.07
10-07-2026 4:25:01,47.37,20.04,103122.82,26.09,87.83,100337.28,182.89,100,-20305.66,0.9,5.44,-545006,5.97,26.04
10-07-2026 4:26:01,47.38,20.07,103126.63,26.06,88.34,100335.91,182.89,100,-20305.66,0.77,4.92,-549054,5.88,26.19
10-07-2026 4:27:01,47.42,20.05,103132.86,26.05,88.07,100338.17,182.89,100,-20305.66,0.75,5.37,-544962,5.94,26.04
10-07-2026 4:28:01,47.41,20.06,103135.53,26,88.33,100339.03,182.89,100,-20305.66,0.8,4.98,-545132,5.98,26.05
10-07-2026 4:29:01,47.4,20.04,103129.6,25.95,88.9,100338.81,182.89,100,-20305.66,0.77,5.44,-545400,5.88,26.06
10-07-2026 4:30:02,47.42,20.05,103138.35,26.02,88.51,100341.1,182.89,100,-20305.66,0.81,4.87,-546224,5.93,26.09
10-07-2026 4:31:02,47.44,20.03,103135.74,26.03,88.32,100341.57,182.89,100,-20305.66,0.85,4.64,-544936,6.01,26.04
10-07-2026 4:32:02,47.42,20.05,103122.83,26.21,87.24,100335.11,182.89,100,-20305.66,0.74,5.57,-545177,5.95,26.05
10-07-2026 4:33:02,47.42,20,103130.69,26.25,87.14,100336.67,182.89,100,-20305.66,0.8,5.7,-544884,5.9,26.04
10-07-2026 4:34:02,47.35,20.05,103134.78,26.09,88.04,100339.21,182.89,100,-20305.66,0.78,5.14,-545101,5.91,26.05
10-07-2026 4:35:02,47.38,20.09,103125.02,26.19,87.34,100339.61,182.89,100,-20305.66,0.8,5.19,-546285,5.92,26.09
10-07-2026 4:36:02,47.39,20.04,103134.89,26.19,87.32,100334.61,182.89,100,-20305.66,0.76,4.75,-544884,5.88,26.04
10-07-2026 4:37:02,47.4,20.04,103124.08,26.12,87.87,100338.78,182.89,100,-20305.66,0.79,5.76,-547267,5.89,26.13
10-07-2026 4:38:02,47.33,20.04,103116.17,26.2,87.01,100334.39,182.89,100,-20305.66,0.77,4.67,-544672,5.89,26.03
10-07-2026 4:39:02,47.33,20.07,103123.75,26.2,86.88,100328.42,182.89,100,-20305.66,0.77,5.01,-545580,5.88,26.07
10-07-2026 4:40:02,47.38,20.06,103124.84,26.19,87.02,100328.34,182.89,100,-20305.66,0.8,5.59,-545713,5.89,26.07
10-07-2026 4:41:02,47.32,20.03,103123.89,26.11,87.35,100328.6,182.89,100,-20305.66,0.76,5.02,-545237,5.9,26.05
10-07-2026 4:42:02,47.33,20.03,103122.97,26.13,87.41,100328.33,182.89,100,-20305.66,0.82,4.72,-544822,5.92,26.04
10-07-2026 4:43:02,47.35,20.01,103116.27,26.15,87.08,100321.13,182.89,100,-20305.66,0.7,5.33,-544771,5.96,26.04
10-07-2026 4:44:02,47.34,20.02,103113.12,25.97,88.32,100323.47,182.89,100,-20305.66,0.8,5.59,-545851,5.96,26.08
10-07-2026 4:45:02,47.32,20.04,103113.3,25.91,88.7,100319.45,182.89,100,-20305.66,0.84,4.46,-545613,5.87,26.07
10-07-2026 4:46:02,47.34,19.99,103108.61,26.06,87.79,100318.96,182.89,100,-20305.66,0.73,5.12,-544272,5.85,26.02
10-07-2026 4:47:02,47.24,20,103111.18,25.78,88.78,100316.41,182.89,100,-20305.66,0.75,4.91,-548143,5.88,26.16
10-07-2026 4:48:02,47.23,20.05,103109.28,26.26,86.47,100314.12,182.89,100,-20305.66,0.78,4.86,-545085,5.85,26.05
10-07-2026 4:49:02,47.28,20.02,103116.5,26.5,84.49,100314.25,182.89,100,-20305.66,0.78,5.86,-544907,5.85,26.04
10-07-2026 4:50:02,47.27,20.05,103104.57,26.32,85.73,100312.5,182.89,100,-20305.66,0.81,4.82,-545187,5.87,26.05
10-07-2026 4:51:02,47.29,20.04,103099.5,26.38,85.73,100310.24,182.89,100,-20305.66,0.89,4.95,-544733,5.88,26.03
10-07-2026 4:52:02,47.23,20.03,103106.08,26.22,86.05,100313.03,182.89,100,-20305.66,0.8,4.12,-544482,5.86,26.03
10-07-2026 4:53:02,47.19,20.05,103102.32,26.33,85.33,100310.41,182.89,100,-20305.66,0.88,4.76,-547629,5.85,26.14
10-07-2026 4:54:02,47.23,20.04,103105.31,26.32,85.79,100314.08,182.89,100,-20305.66,0.74,4.61,-545611,5.85,26.07
10-07-2026 4:55:02,47.23,20.03,103102.6,26.24,85.9,100313.28,182.89,100,-20305.66,0.79,4.92,-545291,5.87,26.06
10-07-2026 4:56:02,47.22,20.04,103101.98,25.85,88.1,100315.38,182.89,100,-20305.66,0.83,5.8,-545563,5.89,26.06
10-07-2026 4:57:02,47.22,20.07,103110.02,26.15,86.77,100309.74,182.89,100,-20305.66,0.81,5.47,-543482,5.94,25.99
10-07-2026 4:58:02,47.26,20.06,103096.36,26.31,86.15,100310.28,182.89,100,-20305.66,0.81,5.2,-545123,5.96,26.05
10-07-2026 4:59:02,47.26,20.03,103114.71,26.16,86.68,100308.42,182.89,100,-20305.66,0.77,5.32,-544541,5.97,26.03
10-07-2026 5:00:01,47.22,20.05,103102.27,26.03,87.36,100313.4,182.89,100,-20305.66,0.74,5.59,-544767,5.96,26.04
10-07-2026 5:01:01,47.2,20.05,103095.86,25.97,87.58,100310.35,182.89,100,-20305.66,0.92,5.51,-545901,5.89,26.08
10-07-2026 5:02:01,47.18,20.02,103101.38,26.17,86.33,100307.05,182.89,100,-20305.66,0.87,4.99,-544349,5.96,26.02
10-07-2026 5:03:01,47.21,20.07,103114.35,26.21,86.52,100308.21,182.89,100,-20305.66,0.73,5.19,-543727,5.96,26.00
10-07-2026 5:04:01,47.27,20.04,103091.71,26.2,86.74,100306.21,182.89,100,-20305.66,0.82,5.05,-543984,5.95,26.01
10-07-2026 5:05:01,47.26,20.06,103097.88,25.95,87.85,100301.8,182.89,100,-20305.66,0.71,5.22,-542954,5.95,25.97
10-07-2026 5:06:01,47.22,20.03,103089.1,26.39,85.46,100298.35,182.89,100,-20305.66,0.86,4.91,-543332,5.97,25.98
10-07-2026 5:07:01,47.24,20.05,103090.56,26.25,86.48,100296.97,182.89,100,-20305.66,0.85,5.17,-543727,5.95,26.00
10-07-2026 5:08:01,47.21,20.05,103083.3,26.02,87.36,100288.79,182.89,100,-20305.66,0.75,5.02,-543267,5.96,25.98
10-07-2026 5:09:01,47.21,20.07,103087.09,26.26,86.39,100292.43,182.89,100,-20305.66,0.8,4.57,-543615,5.96,25.99
10-07-2026 5:10:01,47.26,20.04,103078.41,26.21,86.17,100286.58,182.89,100,-20305.66,0.77,5.25,-544673,5.96,26.03
10-07-2026 5:11:01,47.27,20.08,103082.41,26.08,87.32,100289.91,182.89,100,-20305.66,0.75,5.25,-544089,5.96,26.01
10-07-2026 5:12:01,47.27,20.04,103069.78,26.09,87.25,100284.35,182.89,100,-20305.66,0.8,4.58,-543891,5.95,26.00
10-07-2026 5:13:01,47.24,20.04,103076.26,26.38,85.18,100285.24,182.89,100,-20305.66,0.74,4.89,-543414,5.89,25.99
10-07-2026 5:14:01,47.25,20.03,103069.66,26.08,86.73,100285.61,182.89,100,-20305.66,0.81,5.44,-543758,5.83,26.00
10-07-2026 5:15:01,47.23,20.09,103074.07,25.96,88.01,100284.85,182.89,100,-20305.66,0.81,4.61,-544897,5.83,26.04
10-07-2026 5:16:01,47.22,20.07,103081.66,26.02,87.8,100288.97,182.89,100,-20305.66,0.75,4.46,-543298,5.85,25.98
10-07-2026 5:17:01,47.22,20.06,103086.47,25.99,87.98,100290.11,182.89,100,-20305.66,0.86,5.17,-544127,5.84,26.01
10-07-2026 5:18:01,47.27,20.03,103079.94,26.26,86.38,100287.42,182.89,100,-20305.66,0.75,4.88,-543573,5.88,25.99
10-07-2026 5:19:01,47.29,20.03,103083.46,26.1,87.28,100291.87,182.89,100,-20305.66,0.77,4.77,-543033,5.95,25.97
10-07-2026 5:20:01,47.3,20.03,103080.42,26.08,87.57,100292.58,182.89,100,-20305.66,0.71,5.29,-542382,5.9,25.95
10-07-2026 5:21:01,47.3,20.06,103078.99,25.96,88.37,100288.8,182.89,100,-20305.66,0.8,5,-544008,5.85,26.01
10-07-2026 5:22:01,47.29,20.05,103081.76,26.21,86.49,100290.53,182.89,100,-20305.66,0.89,4.69,-543293,5.86,25.98
10-07-2026 5:23:01,47.27,20.08,103076.21,26.06,87.48,100281.99,182.89,100,-20305.66,0.82,4.66,-544112,5.93,26.01
10-07-2026 5:24:01,47.27,20.05,103079.63,25.91,88.42,100289.3,182.89,100,-20305.66,0.83,5.38,-543966,5.97,26.01
10-07-2026 5:25:01,47.27,20.08,103071.05,25.99,88.05,100280.16,182.89,100,-20305.66,0.8,4.94,-543423,5.94,25.99
10-07-2026 5:26:01,47.25,20.06,103069.66,25.88,88.46,100279.92,182.89,100,-20305.66,0.69,5.28,-542682,5.91,25.96
10-07-2026 5:27:01,47.21,20.11,103071.5,25.9,88.65,100282.78,182.89,100,-20305.66,0.69,4.94,-543343,5.86,25.98
10-07-2026 5:28:01,47.26,20.08,103082.13,26.21,86.94,100284.49,182.89,100,-20305.66,0.94,5.44,-543134,5.85,25.98
10-07-2026 5:29:01,47.29,20.05,103081.17,26.33,86.06,100284.71,182.89,100,-20305.66,0.76,4.39,-543547,5.86,25.99
10-07-2026 5:30:02,47.3,20.08,103073.52,26.22,86.5,100283.44,182.89,100,-20305.66,0.72,5.27,-543607,5.86,25.99
10-07-2026 5:31:02,47.32,19.99,103071.06,26.03,87.68,100277.73,182.89,100,-20305.66,0.79,5.28,-543293,5.89,25.98
10-07-2026 5:32:02,47.26,20.04,103063.14,25.92,88.33,100278.92,182.89,100,-20305.66,0.86,5.4,-542485,5.91,25.95
10-07-2026 5:33:02,47.18,20.05,103072,25.91,87.99,100276.35,182.89,100,-20305.66,0.83,5.7,-543329,5.88,25.98
10-07-2026 5:34:02,47.18,20.06,103070.56,25.88,88.46,100273.7,182.89,100,-20305.66,0.72,4.5,-543371,5.85,25.98
10-07-2026 5:35:02,47.21,20.04,103068.51,26.18,86.06,100273.23,182.89,100,-20305.66,0.81,5.12,-543147,5.87,25.98
10-07-2026 5:36:02,47.23,20.05,103057.61,26.2,86.82,100273.85,182.89,100,-20305.66,0.8,5.46,-543290,5.88,25.98
10-07-2026 5:37:02,47.24,20.06,103057.25,26.11,87.47,100271.17,182.89,100,-20305.66,0.76,5.65,-543322,5.9,25.98
10-07-2026 5:38:02,47.25,20.03,103049.33,25.93,87.75,100262.67,182.89,100,-20305.66,0.82,5.16,-542672,5.87,25.96
10-07-2026 5:39:02,47.21,20.04,103061.3,26.08,87.22,100266.61,182.89,100,-20305.66,0.9,5.16,-542598,5.86,25.96
10-07-2026 5:40:02,47.21,20.05,103053.65,26.12,86.56,100268.04,182.89,100,-20305.66,0.78,4.36,-543434,5.84,25.99
10-07-2026 5:41:02,47.2,20.04,103053.99,25.96,87.58,100267.08,182.89,100,-20305.66,0.78,3.97,-542654,5.85,25.96
10-07-2026 5:42:02,47.21,20.1,103060.94,26.12,87.14,100269.15,182.89,100,-20305.66,0.75,5.1,-543239,5.85,25.98
10-07-2026 5:43:02,47.23,20.04,103058.13,26.07,87.19,100265.21,182.89,100,-20305.66,0.78,5.07,-542761,5.85,25.96
10-07-2026 5:44:02,47.22,20.05,103063.76,26.09,86.99,100267.39,182.89,100,-20305.66,0.77,4.99,-542585,5.87,25.96
10-07-2026 5:45:02,47.23,20.07,103064.1,25.9,88.43,100263.61,182.89,100,-20305.66,0.82,4.89,-538735,5.86,25.82
10-07-2026 5:46:02,47.28,20.05,103047.52,26.36,85.69,100265.39,182.89,100,-20305.66,0.83,4.67,-541971,5.85,25.93
10-07-2026 5:47:02,47.31,20.02,103052.64,26.01,87.9,100268.03,182.89,100,-20305.66,0.74,4.8,-542726,5.84,25.96
10-07-2026 5:48:02,47.3,20.04,103050.49,26.02,87.86,100262.64,182.89,100,-20305.66,0.77,5.13,-542498,5.85,25.95
10-07-2026 5:49:02,47.29,20.04,103058.94,26.21,86.79,100258.97,182.89,100,-20305.66,0.85,4.95,-542337,5.89,25.95
10-07-2026 5:50:02,47.26,20.03,103049.91,25.77,89.41,100257.74,182.89,100,-20305.66,0.68,4.89,-542216,5.95,25.94
10-07-2026 5:51:02,47.26,20.05,103045.53,25.69,89.88,100256.53,182.89,100,-20305.66,0.8,5.36,-542282,5.94,25.94
10-07-2026 5:52:02,47.24,20.07,103058.52,25.85,89.29,100253.11,182.89,100,-20305.66,0.77,4.95,-542184,5.91,25.94
10-07-2026 5:53:02,47.29,20.08,103049.21,26.04,88.28,100255.13,182.89,100,-20305.66,0.77,5.35,-542403,5.88,25.95
10-07-2026 5:54:02,47.31,20.08,103053.59,25.95,88.61,100257.4,182.89,100,-20305.66,0.78,4.89,-542546,5.85,25.95
10-07-2026 5:55:02,47.33,20.04,103047.32,26.13,87.97,100258.36,182.89,100,-20305.66,0.74,5.46,-542478,5.84,25.95
10-07-2026 5:56:03,47.36,20.06,103048.3,25.85,89.47,100255.5,182.89,100,-20305.66,0.77,4.75,-542058,5.91,25.94
10-07-2026 5:57:03,47.36,20.04,103047.17,25.72,90.26,100252.74,182.89,100,-20305.66,0.77,4.68,-541723,5.97,25.92
10-07-2026 5:58:03,47.39,20.02,103039.22,25.92,89.2,100254.02,182.89,100,-20305.66,0.79,5.4,-541784,5.89,25.93
10-07-2026 5:59:03,47.38,20.03,103035.46,25.83,89.61,100253.32,182.89,100,-20305.66,0.79,5.04,-541813,5.87,25.93
10-07-2026 6:00:01,47.37,20.02,103040.28,26.05,88.46,100255.71,182.89,100,-20305.66,0.77,5.09,-541546,5.86,25.92
10-07-2026 6:01:01,47.37,20.01,103044.54,25.74,89.93,100249.53,182.89,100,-20305.66,0.84,5.76,-542036,5.84,25.94
10-07-2026 6:02:01,47.34,20.03,103040.86,26.06,88.29,100248.69,182.89,100,-20305.66,0.81,5.06,-541798,5.89,25.93
10-07-2026 6:03:01,47.36,20.02,103031.35,26.18,87.22,100245.35,182.89,100,-20305.66,0.78,5.27,-541546,5.94,25.92
10-07-2026 6:04:01,47.47,19.87,103025.71,26.01,88.57,100249.51,182.89,100,-20305.66,0.75,5.15,-541496,5.83,25.92
10-07-2026 6:05:01,47.51,19.83,103048.12,25.96,88.35,100242.67,182.89,100,-20305.66,0.86,5,-541334,5.74,25.91
10-07-2026 6:06:01,47.47,19.83,103028.11,25.94,88.65,100242.35,182.89,100,-20305.66,0.74,5.28,-540940,5.82,25.90
10-07-2026 6:07:01,47.46,19.85,103022.77,26.05,88.2,100243.27,182.89,100,-20305.66,0.73,4.79,-541786,5.73,25.93
10-07-2026 6:08:01,47.45,19.87,103036.99,25.87,89.21,100243.66,182.89,100,-20305.66,0.74,4.41,-541587,5.77,25.92
10-07-2026 6:09:01,47.45,19.89,103032.11,25.94,88.87,100242.35,182.89,100,-20305.66,0.81,4.96,-541389,5.79,25.91
10-07-2026 6:10:01,47.43,19.82,103026.74,25.97,88.67,100241.44,182.89,100,-20305.66,0.81,4.04,-541582,5.71,25.92
10-07-2026 6:11:01,47.42,19.85,103033.49,25.91,88.99,100238.6,182.89,100,-20305.66,0.73,4.81,-541888,5.81,25.93
10-07-2026 6:12:01,47.44,19.84,103040.33,25.82,89.64,100241.82,182.89,100,-20305.66,0.74,5.23,-541697,5.7,25.92
10-07-2026 6:13:01,47.38,19.84,103025.58,25.67,89.94,100234.46,182.89,100,-20305.66,0.81,5.25,-542019,5.81,25.94
10-07-2026 6:14:01,47.32,19.87,103020.99,25.87,88.53,100239.64,182.89,100,-20305.66,0.78,4.68,-542218,5.75,25.94
10-07-2026 6:15:01,47.34,19.87,103026.07,25.94,88.47,100241.71,182.89,100,-20305.66,0.78,4.16,-540222,5.72,25.87
10-07-2026 6:16:01,47.33,19.92,103022.25,25.79,89.74,100238.56,182.89,100,-20305.66,0.77,5.09,-541689,5.78,25.92
10-07-2026 6:18:01,47.37,19.89,103022,25.96,88.68,100240.05,182.89,100,-20305.66,0.85,5.45,-541739,5.71,25.92
10-07-2026 6:19:01,47.34,19.9,103028.96,25.88,89.03,100237.28,182.89,100,-20305.66,0.72,4.78,-539941,5.73,25.86
10-07-2026 6:21:01,47.33,19.86,103030.53,25.62,90.53,100237.75,182.89,100,-20305.66,0.78,5.45,-541856,5.73,25.93
10-07-2026 6:22:01,47.31,19.88,103021.8,25.54,90.42,100238.57,182.89,100,-20305.66,0.75,5.07,-540926,5.72,25.90
10-07-2026 6:23:01,47.25,19.91,103032.51,25.64,89.98,100239.99,182.89,100,-20305.66,0.73,5.6,-542756,5.74,25.96
10-07-2026 6:24:01,47.21,19.93,103024.57,25.59,90.55,100242.82,182.89,100,-20305.66,0.72,4.57,-541853,5.8,25.93
10-07-2026 6:25:01,47.22,19.94,103028.53,25.8,89.16,100239.16,182.89,100,-20305.66,0.74,4.63,-541319,5.81,25.91
10-07-2026 6:26:01,47.22,19.92,103024.58,25.81,88.97,100234.66,182.89,100,-20305.66,0.92,5.15,-541973,5.72,25.93
10-07-2026 6:27:01,47.17,20,103028.85,25.57,90.89,100238.63,182.89,100,-20305.66,0.77,4.41,-539546,5.82,25.84
10-07-2026 6:28:01,47.19,19.94,103034.89,25.51,90.92,100235.92,182.89,100,-20305.66,0.83,4.24,-541190,5.79,25.90
10-07-2026 6:29:02,47.2,19.96,103023.46,25.86,89,100235.07,182.89,100,-20305.66,0.81,5.18,-542171,5.73,25.94
10-07-2026 6:30:02,47.2,19.96,103019.27,25.8,88.9,100233.69,182.89,100,-20305.66,0.68,5.21,-541076,5.84,25.90
10-07-2026 6:31:02,47.19,19.98,103036.7,25.65,90.02,100232.08,182.89,100,-20305.66,0.85,5.27,-540800,5.73,25.89
10-07-2026 6:32:02,47.13,20,103009.23,25.46,91.02,100228.67,182.89,100,-20305.66,0.75,5.55,-540173,5.84,25.87
10-07-2026 6:33:02,47.15,19.96,103016.35,25.52,90.57,100226.14,182.89,100,-20305.66,0.82,4.65,-541011,5.71,25.90
10-07-2026 6:34:02,47.11,19.97,103021.19,25.39,91.55,100223.82,182.89,100,-20305.66,0.74,4.87,-539253,5.83,25.83
10-07-2026 6:35:02,47.12,20.02,103034.07,25.67,89.92,100223.94,182.89,100,-20305.66,0.82,4.74,-543803,5.74,26.00
10-07-2026 6:36:02,47.15,19.99,103016.61,25.58,90.32,100218.53,182.89,100,-20305.66,0.85,4.98,-541527,5.83,25.92
10-07-2026 6:37:02,47.12,20,103015.82,25.62,90.16,100218.71,182.89,100,-20305.66,0.81,5.09,-541002,5.79,25.90
10-07-2026 6:38:02,47.13,19.99,103010.21,25.69,89.8,100223.38,182.89,100,-20305.66,0.8,4.69,-541040,5.75,25.90
10-07-2026 6:39:02,47.08,19.96,103014.35,25.67,89.73,100224.11,182.89,100,-20305.66,0.78,4.94,-540003,5.83,25.86
10-07-2026 6:40:02,47.11,20,103013.93,25.92,88.26,100223.86,182.89,100,-20305.66,0.72,4.1,-540313,5.81,25.87
10-07-2026 6:41:02,47.13,19.96,103012.91,25.79,88.9,100224.39,182.89,100,-20305.66,0.72,5.19,-541502,5.72,25.92
10-07-2026 6:42:02,47.13,19.98,103026.74,25.64,89.91,100225.72,182.89,100,-20305.66,0.78,5.26,-540992,5.82,25.90
10-07-2026 6:43:02,47.16,20.01,103017.64,25.85,88.92,100227.44,182.89,100,-20305.66,0.9,4.25,-539751,5.79,25.85
10-07-2026 6:44:02,47.13,19.95,103010.62,25.67,89.82,100224.92,182.89,100,-20305.66,0.71,4.86,-540836,5.74,25.89
10-07-2026 6:45:02,47.13,19.95,103023.78,25.82,89.01,100229.03,182.89,100,-20305.66,0.82,4.48,-540929,5.79,25.90
10-07-2026 6:46:02,47.09,20.01,103012.09,25.81,88.91,100229.6,182.89,100,-20305.66,0.81,5.1,-540152,5.82,25.87
10-07-2026 6:47:02,47.14,20,103010.06,26.04,87.93,100224.2,182.89,100,-20305.66,0.74,5.38,-540498,5.86,25.88
10-07-2026 6:48:02,47.15,20.02,103019.72,25.78,89.09,100228.03,182.89,100,-20305.66,0.7,4.99,-540645,5.78,25.88
10-07-2026 6:49:02,47.12,20,103011,25.75,89.25,100232.34,182.89,100,-20305.66,0.77,5.23,-540768,5.74,25.89
10-07-2026 6:50:02,47.13,20.01,103022.92,25.56,90.35,100230.08,182.89,100,-20305.66,0.88,4.98,-540293,5.79,25.87
10-07-2026 6:51:02,47.14,20.02,103014.97,25.82,89,100235.13,182.89,100,-20305.66,0.75,5.18,-540043,5.85,25.86
10-07-2026 6:52:02,47.18,19.99,103017.55,25.55,90.84,100231.39,182.89,100,-20305.66,0.82,4.9,-540159,5.77,25.87
10-07-2026 6:53:02,47.17,20.01,103034.46,25.72,89.93,100228.81,182.89,100,-20305.66,0.88,4.98,-540707,5.76,25.89
10-07-2026 6:54:02,47.15,19.97,103023.39,25.49,91.08,100236.56,182.89,100,-20305.66,0.8,5.3,-540189,5.86,25.87
10-07-2026 6:55:02,47.15,20,103019.26,25.58,90.6,100234.14,182.89,100,-20305.66,0.8,5.26,-539833,5.76,25.86
10-07-2026 6:56:02,47.13,20,103025.99,25.68,90.1,100232.82,182.89,100,-20305.66,0.77,5.55,-540554,5.76,25.88
10-07-2026 6:57:02,47.14,20.02,103021.9,25.63,90.42,100233.41,182.89,100,-20305.66,0.75,4.49,-540289,5.83,25.87
10-07-2026 6:58:02,47.15,20.01,103017.25,25.81,89.39,100233.55,182.89,100,-20305.66,0.82,5.36,-540064,5.84,25.86
10-07-2026 6:59:03,47.13,20.01,103038.14,25.53,90.8,100235.21,182.89,100,-20305.66,0.79,5.09,-542058,5.75,25.94
10-07-2026 7:00:00,47.13,20,103023.91,25.77,89.33,100233.24,182.89,100,-20305.66,0.72,4.76,-540488,5.76,25.88
10-07-2026 7:01:00,47.06,20.05,103026.33,25.79,89.11,100232.07,182.89,100,-20305.66,0.74,4.48,-541560,5.87,25.92
10-07-2026 7:02:00,47.13,19.97,103021.07,25.77,89.27,100231.96,182.89,100,-20305.66,0.69,4.93,-542072,5.83,25.94
10-07-2026 7:03:01,47.13,20,103028.36,25.67,89.83,100228.42,182.89,100,-20305.66,0.79,4.75,-540192,5.74,25.87
10-07-2026 7:04:01,47.11,19.98,103026.96,25.55,90.44,100228.37,182.89,100,-20305.66,0.86,5.12,-540141,5.8,25.87
10-07-2026 7:05:01,47.04,20.03,103020.66,25.49,90.89,100233.41,182.89,100,-20305.66,0.9,4.82,-539605,5.84,25.85
10-07-2026 7:06:01,47.02,20.03,103022.36,25.51,90.74,100236.68,182.89,100,-20305.66,0.82,5.29,-539793,5.85,25.85
10-07-2026 7:07:01,47.04,20.03,103016.71,25.55,90.39,100232.67,182.89,100,-20305.66,0.78,5.13,-539281,5.86,25.83
10-07-2026 7:08:01,47.07,20.02,103019.24,25.78,88.71,100231.91,182.89,100,-20305.66,1.15,4.91,-539602,5.77,25.85
10-07-2026 7:09:01,47.04,19.99,103018.85,25.82,88.99,100228.75,182.89,100,-20305.66,0.74,4.92,-539313,5.74,25.84
10-07-2026 7:10:01,47.07,19.99,103019.24,25.91,88.28,100233.35,182.89,100,-20305.66,0.75,4.55,-539674,5.8,25.85
10-07-2026 7:11:01,47.04,20.02,103018.16,25.65,89.51,100228.44,182.89,100,-20305.66,0.69,4.95,-539715,5.84,25.85
10-07-2026 7:12:01,47.05,20.01,103014.92,25.93,87.99,100231.42,182.89,100,-20305.66,0.76,4.29,-538877,5.81,25.82
10-07-2026 7:13:01,47.06,19.99,103021.88,25.88,88.02,100230.32,182.89,100,-20305.66,0.74,5.02,-539690,5.76,25.85
10-07-2026 7:14:01,47.08,20.02,103016.33,25.79,88.93,100232.58,182.89,100,-20305.66,0.7,5.09,-539550,5.76,25.84
10-07-2026 7:15:01,47.1,20.02,103022.5,25.95,88.04,100233.19,182.89,100,-20305.66,0.68,4.94,-539306,5.8,25.84
10-07-2026 7:16:01,47.08,20.03,103022.25,25.65,90.09,100232.14,182.89,100,-20305.66,0.89,5.34,-539647,5.86,25.85
10-07-2026 7:17:01,47.11,20.04,103021.07,25.65,89.92,100233.36,182.89,100,-20305.66,0.72,4.38,-539637,5.78,25.85
10-07-2026 7:18:01,47.16,20,103032.61,25.79,89.31,100238.8,182.89,100,-20305.66,0.75,5.11,-539406,5.79,25.84
10-07-2026 7:19:01,47.14,19.92,103029.39,25.95,87.86,100238.41,182.89,100,-20305.66,0.82,4.53,-539584,5.76,25.85
10-07-2026 7:20:01,47.11,19.97,103030.39,25.52,90.63,100243.02,182.89,100,-20305.66,0.65,5.14,-539444,5.77,25.84
10-07-2026 7:21:01,47.13,19.97,103032.5,25.81,89,100246.33,182.89,100,-20305.66,0.74,5.33,-539080,5.86,25.83
10-07-2026 7:22:01,47.11,20,103028.69,25.56,90.29,100246.5,182.89,100,-20305.66,0.78,5.37,-538857,5.73,25.82
10-07-2026 7:23:01,34.34,52.97,103097.24,25.67,89.88,100250.53,182.89,100,-20305.66,0.82,5.33,-539321,0.47,25.84
10-07-2026 7:24:01,29.03,70.51,103174.1,25.75,90.01,100253.83,182.89,100,-20305.66,0,0.19,-539232,0.25,25.83
10-07-2026 7:25:01,28.18,73.84,103182.42,25.99,89.25,100254.08,182.89,100,-20305.66,0,0.18,-538429,0.25,25.80
10-07-2026 7:26:01,41.21,28.39,103078.91,25.81,89.25,100257.14,182.89,100,-20305.66,0.81,5,-540870,5.57,25.89
10-07-2026 7:27:01,45.63,21.9,103066.63,25.7,89.69,100260.57,182.89,100,-20305.66,0.86,3.91,-537768,5.81,25.78
10-07-2026 7:28:01,46.37,20.93,103047.83,25.63,90.13,100259.24,182.89,100,-20305.66,0.8,4.99,-537850,5.79,25.78
10-07-2026 7:29:01,46.6,20.61,103048.57,25.67,89.77,100259.89,182.89,100,-20305.66,0.83,4.51,-536120,5.83,25.72
10-07-2026 7:30:02,46.72,20.47,103056.85,25.94,88.03,100259.08,182.89,100,-20305.66,0.73,4.68,-536380,5.84,25.73
10-07-2026 7:31:02,46.81,20.41,103054.37,26.1,87.53,100263.04,182.89,100,-20305.66,0.71,5.13,-535420,5.79,25.69
10-07-2026 7:32:02,46.9,20.34,103057.89,25.78,89.34,100259.63,182.89,100,-20305.66,0.71,4.73,-534604,5.85,25.66
10-07-2026 7:33:02,46.95,20.27,103068.36,25.77,89.21,100264.41,182.89,100,-20305.66,0.74,4.14,-536164,5.82,25.72
10-07-2026 7:34:02,46.9,20.28,103066.42,25.52,90.95,100267.39,182.89,100,-20305.66,0.83,4.58,-536048,5.75,25.72
10-07-2026 7:35:02,46.94,20.24,103057.39,25.63,90.14,100271.5,182.89,100,-20305.66,0.76,5.55,-535941,5.81,25.71
10-07-2026 7:36:02,46.98,20.17,103061.44,25.69,89.66,100268.38,182.89,100,-20305.66,0.78,5.02,-535637,5.79,25.70
10-07-2026 7:37:02,47.01,20.17,103073.23,25.76,89.33,100266.42,182.89,100,-20305.66,0.86,4.63,-536261,5.77,25.72
10-07-2026 7:38:02,46.99,20.17,103082.07,25.69,89.66,100271.47,182.89,100,-20305.66,0.77,5.96,-536340,5.79,25.73
10-07-2026 7:39:02,46.98,20.16,103079.82,25.45,91.02,100271.78,182.89,100,-20305.66,0.77,4.98,-536210,5.77,25.72
10-07-2026 7:40:02,47.01,20.12,103067.16,25.67,90,100275.46,182.89,100,-20305.66,0.74,5.38,-535579,5.77,25.70
10-07-2026 7:41:02,47.04,20.11,103073.31,25.77,89,100274.64,182.89,100,-20305.66,0.8,4.79,-536930,5.78,25.75
10-07-2026 7:42:02,47.05,20.11,103080.55,25.84,88.93,100273.66,182.89,100,-20305.66,0.82,5.43,-536690,5.77,25.74
10-07-2026 7:43:02,47.07,20.08,103075.47,25.91,88.45,100272.05,182.89,100,-20305.66,0.84,5.05,-536548,5.82,25.73
10-07-2026 7:44:02,47.08,20.07,103083.2,25.93,88.01,100273.99,182.89,100,-20305.66,0.81,5.06,-537213,5.73,25.76
10-07-2026 7:45:02,47.07,20.08,103077.56,25.89,88.66,100273.03,182.89,100,-20305.66,0.7,4.79,-536335,5.85,25.73
10-07-2026 7:46:02,47.06,20.12,103071.67,25.72,89.59,100274.8,182.89,100,-20305.66,0.76,4.74,-537200,5.74,25.76
10-07-2026 7:47:02,47.05,20.13,103066.47,25.65,89.74,100276.35,182.89,100,-20305.66,0.92,4.73,-537634,5.86,25.77
10-07-2026 7:48:02,47.01,20.09,103067.82,25.57,90.17,100272.94,182.89,100,-20305.66,0.93,5.35,-536428,5.74,25.73
10-07-2026 7:49:02,46.96,20.11,103075.5,25.52,90.33,100274.67,182.89,100,-20305.66,0.79,4.91,-537232,5.84,25.76
10-07-2026 7:50:02,46.94,20.06,103067.97,25.36,91.04,100274.44,182.89,100,-20305.66,0.84,4.91,-537464,5.74,25.77
10-07-2026 7:51:02,46.96,20.1,103076.39,25.85,88.6,100275.47,182.89,100,-20305.66,0.76,4.67,-538000,5.84,25.79
10-07-2026 7:52:02,46.97,20.06,103076.73,25.89,87.88,100275.01,182.89,100,-20305.66,0.75,4.9,-537047,5.76,25.75
10-07-2026 7:53:02,46.98,20.08,103082.03,25.72,89.18,100280.42,182.89,100,-20305.66,0.72,5.1,-536906,5.81,25.75
10-07-2026 7:54:02,46.93,20.1,103085.85,25.46,90.53,100278.31,182.89,100,-20305.66,0.83,4.91,-536681,5.81,25.74
10-07-2026 7:55:02,46.91,20.12,103091.39,25.61,89.77,100282.21,182.89,100,-20305.66,0.73,5.71,-536682,5.74,25.74
10-07-2026 7:56:02,46.91,20.1,103085.02,25.92,87.44,100282.71,182.89,100,-20305.66,0.84,4.92,-537289,5.81,25.76
10-07-2026 7:57:02,46.93,20.11,103080.32,25.67,89.35,100288.28,182.89,100,-20305.66,0.74,5.03,-537200,5.84,25.76
10-07-2026 7:58:02,46.93,20.11,103084.21,25.62,89.45,100290.19,182.89,100,-20305.66,0.73,4.9,-535753,5.76,25.71
10-07-2026 7:59:03,46.94,20.09,103097.05,25.54,89.74,100291.05,182.89,100,-20305.66,0.84,5.27,-536991,5.82,25.75
10-07-2026 8:00:00,46.89,20.16,103104.89,25.57,89.62,100289.55,182.89,100,-20305.66,0.75,5.74,-540535,5.82,25.88
10-07-2026 8:01:00,46.91,20.1,103094.05,25.82,88.58,100291.22,182.89,100,-20305.66,0.81,5.53,-537578,5.76,25.77
10-07-2026 8:02:00,46.97,20.01,103085.97,25.65,89.09,100289.39,182.89,100,-20305.66,0.71,4.63,-538100,5.65,25.79
10-07-2026 8:03:01,47.05,19.95,103092.42,25.82,88.18,100295.77,182.89,100,-20305.66,0.74,5,-537404,5.61,25.77
10-07-2026 8:04:01,47.04,19.96,103091.69,25.57,89.71,100293.3,182.89,100,-20305.66,0.8,4.35,-537141,5.61,25.76
10-07-2026 8:05:01,47.06,19.97,103096.08,25.64,89.7,100299.39,182.89,100,-20305.66,0.78,4.94,-539144,5.64,25.83
10-07-2026 8:06:01,47.03,19.93,103107,25.4,91.06,100300.32,182.89,100,-20305.66,0.67,5.05,-538369,5.7,25.80
10-07-2026 8:07:01,47.01,19.92,103101.27,25.87,87.85,100301.04,182.89,100,-20305.66,0.79,5.29,-538848,5.71,25.82
10-07-2026 8:08:01,47.01,19.89,103102.19,25.9,87.94,100304.45,182.89,100,-20305.66,0.66,4.29,-537240,5.67,25.76
10-07-2026 8:09:01,46.99,19.94,103107.79,25.79,88.42,100302.21,182.89,100,-20305.66,0.75,4.55,-537842,5.61,25.78
10-07-2026 8:10:01,47.02,19.97,103117.83,25.83,88.28,100306.92,182.89,100,-20305.66,0.69,4.97,-537262,5.61,25.76
10-07-2026 8:11:01,47.04,19.92,103108.69,25.64,89.35,100309.84,182.89,100,-20305.66,0.76,4.91,-537366,5.61,25.76
10-07-2026 8:12:01,47.01,19.96,103108.5,25.68,89.18,100312.97,182.89,100,-20305.66,0.76,5.65,-538246,5.62,25.80
10-07-2026 8:13:01,46.98,19.97,103104.33,25.51,90.12,100314.64,182.89,100,-20305.66,0.8,4.75,-537809,5.72,25.78
10-07-2026 8:14:01,46.98,19.99,103108.07,25.7,89.34,100311.78,182.89,100,-20305.66,0.84,5.3,-536895,5.63,25.75
10-07-2026 8:15:01,47.01,19.98,103105.49,25.65,89.55,100313.67,182.89,100,-20305.66,0.85,5,-536730,5.71,25.74
10-07-2026 8:16:01,47.02,19.97,103105.35,25.66,89.6,100316.42,182.89,100,-20305.66,0.75,4.05,-537482,5.72,25.77
10-07-2026 8:17:01,47.03,20,103111.82,25.82,88.52,100315.97,182.89,100,-20305.66,0.76,5.23,-537519,5.63,25.77
10-07-2026 8:18:01,47.02,19.98,103106.38,25.68,89.36,100314.88,182.89,100,-20305.66,0.75,4.92,-536793,5.73,25.74
10-07-2026 8:19:01,46.94,19.99,103109.13,26.13,86.37,100317.11,182.89,100,-20305.66,0.74,4.85,-537227,5.71,25.76
10-07-2026 8:20:01,47,19.96,103118.61,25.94,87.6,100321.64,182.89,100,-20305.66,0.71,5.9,-537385,5.68,25.77
10-07-2026 8:21:01,46.99,19.99,103110.62,25.87,88.05,100324.11,182.89,100,-20305.66,0.72,4.22,-537380,5.75,25.77
10-07-2026 8:22:01,47.03,19.92,103115.06,25.98,87.17,100323.61,182.89,100,-20305.66,0.75,4.65,-536714,5.65,25.74
10-07-2026 8:23:01,47.03,19.96,103125.25,25.76,88.22,100323.75,182.89,100,-20305.66,0.74,5.42,-536381,5.76,25.73
10-07-2026 8:24:01,47.04,19.97,103123.21,25.8,88.29,100323.63,182.89,100,-20305.66,0.73,4.84,-537190,5.65,25.76
10-07-2026 8:25:01,47.03,19.97,103122.82,25.6,89.64,100326.45,182.89,100,-20305.66,0.73,5.43,-536746,5.74,25.74
10-07-2026 8:26:01,47.03,19.93,103126.52,25.67,88.97,100332.53,182.89,100,-20305.66,0.79,4.32,-537446,5.66,25.77
10-07-2026 8:28:01,47.03,19.94,103130.12,25.86,88.2,100335.53,182.89,100,-20305.66,0.67,4.81,-537813,5.65,25.78
10-07-2026 8:29:01,47.02,19.97,103138.14,25.83,88.47,100334.05,182.89,100,-20305.66,0.73,4.71,-537141,5.75,25.76
10-07-2026 8:30:01,47.02,19.97,103147.8,25.71,89.19,100332.25,182.89,100,-20305.66,0.8,4.96,-537017,5.63,25.75
10-07-2026 8:31:01,47.04,19.97,103134.69,25.83,88.47,100336.25,182.89,100,-20305.66,0.75,4.81,-537108,5.74,25.76
10-07-2026 8:32:02,47.05,19.95,103137.78,25.76,88.91,100334.16,182.89,100,-20305.66,0.68,5.17,-536882,5.64,25.75
10-07-2026 8:33:02,47.07,19.9,103136.93,25.79,88.95,100334.44,182.89,100,-20305.66,0.75,4.92,-536870,5.65,25.75
10-07-2026 8:34:02,47.07,19.92,103134.32,25.68,89.4,100336.67,182.89,100,-20305.66,0.69,4.32,-535972,5.73,25.71
10-07-2026 8:35:02,47.07,19.91,103142.08,25.71,89.1,100339.1,182.89,100,-20305.66,0.77,5.84,-536741,5.67,25.74
10-07-2026 8:36:02,47.06,19.98,103142.69,25.75,89.05,100337.82,182.89,100,-20305.66,0.78,5.39,-535673,5.71,25.70
10-07-2026 8:37:02,47.07,19.97,103160,25.71,89.38,100339.27,182.89,100,-20305.66,0.73,5.31,-534958,5.69,25.68
10-07-2026 8:38:02,47.05,19.92,103142.42,25.6,89.51,100343.19,182.89,100,-20305.66,0.8,5.32,-536867,5.65,25.75
10-07-2026 8:39:02,47.04,19.92,103139.63,25.82,88.43,100340.14,182.89,100,-20305.66,0.72,5.22,-535449,5.72,25.69
10-07-2026 8:40:02,47.05,19.96,103137.5,25.71,89.18,100349.32,182.89,100,-20305.66,0.67,4.77,-537454,5.64,25.77
10-07-2026 8:41:02,47.06,19.9,103143.71,25.67,89.25,100348.8,182.89,100,-20305.66,0.69,5.06,-536746,5.74,25.74
10-07-2026 8:42:02,47.03,19.97,103146.05,25.56,90.1,100348,182.89,100,-20305.66,0.74,5.21,-537635,5.64,25.77
10-07-2026 8:43:02,47.05,19.92,103149.82,25.73,89.32,100347.93,182.89,100,-20305.66,0.79,5.73,-536651,5.65,25.74
10-07-2026 8:44:02,47.08,19.91,103162.67,25.91,87.86,100352.86,182.89,100,-20305.66,0.71,4.85,-536337,5.72,25.73
10-07-2026 8:45:02,47.08,19.87,103155.94,25.66,89.41,100347.38,182.89,100,-20305.66,0.8,5.33,-536499,5.73,25.73
10-07-2026 8:46:02,47.04,19.91,103148.64,25.75,89,100349.3,182.89,100,-20305.66,0.69,4.33,-536109,5.66,25.72
10-07-2026 8:47:02,47.07,19.93,103143.06,25.72,89.43,100350.77,182.89,100,-20305.66,0.66,4.83,-536584,5.63,25.74
10-07-2026 8:48:02,47.05,19.92,103147.64,25.63,89.65,100349.89,182.89,100,-20305.66,0.7,4.94,-536335,5.71,25.73
10-07-2026 8:49:02,47.05,19.96,103159.28,25.61,89.63,100353.97,182.89,100,-20305.66,0.7,4.38,-536089,5.69,25.72
10-07-2026 8:50:02,47.04,19.94,103158.92,25.75,89.21,100354.17,182.89,100,-20305.66,0.61,5.24,-536864,5.62,25.75
10-07-2026 8:51:02,47.05,19.98,103156.12,25.68,88.95,100355.03,182.89,100,-20305.66,0.74,4.72,-536768,5.73,25.74
10-07-2026 8:52:02,47.04,19.98,103152.07,25.76,88.62,100355.94,182.89,100,-20305.66,0.79,4.24,-536500,5.66,25.73
10-07-2026 8:53:02,47.07,19.97,103154.71,25.75,88.78,100354.3,182.89,100,-20305.66,0.72,4.8,-536576,5.64,25.74
10-07-2026 8:54:02,47.07,19.95,103150.36,25.67,89.24,100358.14,182.89,100,-20305.66,0.74,5.54,-536137,5.73,25.72
10-07-2026 8:55:02,47.05,19.96,103152.92,25.78,88.72,100358.12,182.89,100,-20305.66,0.75,4.18,-536139,5.63,25.72
10-07-2026 8:56:02,47.06,19.96,103176.64,25.65,89.5,100357.99,182.89,100,-20305.66,0.75,5.15,-535671,5.74,25.70
10-07-2026 8:57:02,47.04,19.97,103156.32,25.66,89.58,100362.29,182.89,100,-20305.66,0.74,5.25,-536122,5.66,25.72
10-07-2026 8:58:02,47.05,19.97,103156.61,25.65,89.55,100360.08,182.89,100,-20305.66,0.73,4.73,-536064,5.64,25.72
10-07-2026 8:59:02,47.05,19.96,103173.71,25.79,88.54,100365.36,182.89,100,-20305.66,0.79,4.7,-536078,5.65,25.72
10-07-2026 9:00:00,47.03,19.99,103188.42,25.83,88.7,100367.11,182.89,100,-20305.66,0.74,5.17,-536217,5.65,25.72
10-07-2026 9:01:00,47.07,19.98,103177.17,25.66,89.88,100368.35,182.89,100,-20305.66,0.73,4.51,-536014,5.68,25.72
10-07-2026 9:02:00,47.07,19.96,103163.42,25.81,88.18,100371.21,182.89,100,-20305.66,0.92,4.87,-536170,5.65,25.72
10-07-2026 9:04:01,47.06,19.96,103171.66,25.74,89.45,100375.6,182.89,100,-20305.66,0.7,4.57,-535603,5.75,25.70
10-07-2026 9:05:01,47.07,19.95,103184.99,25.6,90.15,100378.77,182.89,100,-20305.66,0.73,5.26,-535703,5.67,25.70
10-07-2026 9:07:01,47.05,19.95,103176.96,25.71,89.16,100380.46,182.89,100,-20305.66,0.7,4.73,-534539,5.68,25.66
10-07-2026 9:08:01,47.03,19.94,103179.75,25.96,87.57,100381.07,182.89,100,-20305.66,0.77,5.42,-535895,5.74,25.71
10-07-2026 9:06:01,47.06,20.02,103178.32,25.96,88.02,100379.31,182.89,100,-20305.66,0.78,5.28,-535884,5.63,25.71
10-07-2026 9:09:01,47.02,19.97,103188.49,25.75,88.71,100385.36,182.89,100,-20305.66,0.88,4.02,-535039,5.74,25.68
10-07-2026 9:10:01,46.98,19.98,103192.64,26.01,86.95,100385.63,182.89,100,-20305.66,0.77,5.26,-535026,5.74,25.68
10-07-2026 9:11:01,46.98,19.99,103195.47,25.81,88.13,100387.24,182.89,100,-20305.66,0.81,5.26,-536108,5.74,25.72
10-07-2026 9:12:01,46.99,19.99,103198,25.83,88.39,100394.8,182.89,100,-20305.66,0.8,5.22,-535031,5.74,25.68
10-07-2026 9:13:01,47.01,19.98,103189.96,25.78,88.72,100392.4,182.89,100,-20305.66,0.91,5.1,-535306,5.75,25.69
10-07-2026 9:14:01,46.98,20.03,103204.28,25.96,87.7,100394.12,182.89,100,-20305.66,0.84,5.28,-536391,5.72,25.73
10-07-2026 9:15:01,47.01,19.98,103200.78,25.66,89.58,100395.81,182.89,100,-20305.66,0.79,5.11,-535215,5.71,25.69
10-07-2026 9:16:01,47.03,19.96,103203.42,26.01,87.06,100398.31,182.89,100,-20305.66,0.71,4.72,-535405,5.64,25.69
10-07-2026 9:17:01,47.02,19.96,103202.41,25.96,87.51,100398.83,182.89,100,-20305.66,0.8,5.03,-534935,5.64,25.68
10-07-2026 9:18:01,47.01,19.98,103188.57,25.9,87.91,100397.22,182.89,100,-20305.66,0.87,5.25,-534913,5.72,25.68
10-07-2026 9:19:01,47.05,19.92,103198.3,25.86,88.11,100401.64,182.89,100,-20305.66,0.75,5.57,-535539,5.62,25.70
10-07-2026 9:20:01,47.05,19.94,103201.3,25.97,87.33,100402.03,182.89,100,-20305.66,0.77,4.92,-533178,5.71,25.61
10-07-2026 9:21:01,47.05,19.91,103216.42,25.87,88.15,100402.58,182.89,100,-20305.66,0.81,5.32,-534824,5.62,25.67
10-07-2026 9:22:01,47.04,19.94,103209.02,25.56,89.5,100405.77,182.89,100,-20305.66,0.75,4.26,-534240,5.72,25.65
10-07-2026 9:23:01,46.97,19.95,103202.64,25.58,89.82,100407.17,182.89,100,-20305.66,0.74,5.34,-534241,5.68,25.65
10-07-2026 9:24:01,46.96,19.95,103202.69,25.66,89.17,100407.78,182.89,100,-20305.66,0.72,4.72,-534461,5.66,25.66
10-07-2026 9:25:01,47.02,19.96,103223.86,26.17,86.1,100410.56,182.89,100,-20305.66,0.82,4.89,-534601,5.62,25.66
10-07-2026 9:26:01,47.03,19.94,103212.07,25.94,87.9,100413.09,182.89,100,-20305.66,0.73,5.34,-534201,5.64,25.65
10-07-2026 9:27:01,47.01,19.97,103220.3,25.81,88.34,100414.07,182.89,100,-20305.66,0.65,5.19,-534128,5.71,25.65
10-07-2026 9:28:01,46.95,19.96,103221.36,25.64,89.26,100421.05,182.89,100,-20305.66,0.83,4.68,-533378,5.71,25.62
10-07-2026 9:29:01,46.98,19.95,103220.68,25.65,89.34,100422.28,182.89,100,-20305.66,0.74,4.94,-533587,5.64,25.63
10-07-2026 9:30:01,47.02,19.97,103215.93,25.77,88.62,100418.85,182.89,100,-20305.66,0.63,5.48,-532969,5.62,25.60
10-07-2026 9:31:02,47,19.98,103218.69,25.58,89.92,100419.55,182.89,100,-20305.66,0.92,4.71,-533263,5.62,25.61
10-07-2026 9:32:02,47.03,19.94,103226.62,25.64,89.58,100418.37,182.89,100,-20305.66,0.76,5.44,-532806,5.64,25.60
10-07-2026 9:33:02,47.02,19.97,103217.8,25.63,89.75,100419.86,182.89,100,-20305.66,0.77,5.25,-532723,5.7,25.59
10-07-2026 9:34:02,47.03,19.92,103229.69,25.89,88.27,100424.19,182.89,100,-20305.66,0.8,5.23,-532359,5.73,25.58
10-07-2026 9:35:02,47.04,19.96,103220.07,25.68,89.46,100418.6,182.89,100,-20305.66,0.75,4.8,-532388,5.68,25.58
10-07-2026 9:36:02,47.05,19.96,103232.42,25.71,89.34,100420.87,182.89,100,-20305.66,0.83,4.96,-532389,5.63,25.58
10-07-2026 9:37:02,47.04,19.93,103219.11,25.51,90.19,100421.52,182.89,100,-20305.66,0.67,4.89,-533015,5.63,25.61
10-07-2026 9:38:02,47.02,19.94,103232.33,25.64,89.53,100425.53,182.89,100,-20305.66,0.8,5.5,-534292,5.66,25.65
10-07-2026 9:39:02,47.03,19.98,103241.14,25.86,88.11,100427.89,182.89,100,-20305.66,0.83,5.29,-531965,5.72,25.57
10-07-2026 9:40:02,47.02,19.94,103238.12,25.39,91.04,100425.53,182.89,100,-20305.66,0.77,4.94,-533348,5.71,25.62
10-07-2026 9:41:02,47.02,19.96,103237.03,25.63,89.02,100431.49,182.89,100,-20305.66,0.66,4.63,-532628,5.63,25.59
10-07-2026 9:42:02,47,19.96,103232.21,25.68,89.13,100432.65,182.89,100,-20305.66,0.7,4.51,-531408,5.65,25.55
10-07-2026 9:43:02,47.03,19.96,103243.2,25.74,88.7,100432.92,182.89,100,-20305.66,0.85,5.18,-531685,5.74,25.56
10-07-2026 9:44:02,47.03,19.93,103238.52,25.81,88.62,100438.92,182.89,100,-20305.66,0.7,4.48,-531596,5.66,25.55
10-07-2026 9:45:02,47.07,19.95,103248.02,25.75,89.04,100441.07,182.89,100,-20305.66,0.78,5.32,-531380,5.63,25.55
10-07-2026 9:46:02,47.04,19.94,103239.6,25.7,89.48,100443.66,182.89,100,-20305.66,0.85,5.55,-531403,5.72,25.55
10-07-2026 9:47:02,47.06,19.92,103245.38,25.81,88.43,100442.42,182.89,100,-20305.66,0.8,4.44,-531021,5.62,25.53
10-07-2026 9:48:02,47.06,19.96,103250.58,25.81,88.8,100444.33,182.89,100,-20305.66,0.68,5.16,-531582,5.68,25.55
10-07-2026 9:49:02,47.06,19.9,103266.69,25.72,88.98,100444.57,182.89,100,-20305.66,0.75,4.94,-530715,5.63,25.52
10-07-2026 9:50:02,47.07,19.9,103251.8,25.63,89.82,100445.11,182.89,100,-20305.66,0.73,4.85,-531069,5.69,25.53
10-07-2026 9:51:02,47.07,19.91,103258.47,25.84,88.59,100445.47,182.89,100,-20305.66,0.77,3.83,-530777,5.62,25.52
10-07-2026 9:52:02,47.08,19.91,103247.39,25.93,87.9,100447.35,182.89,100,-20305.66,0.76,5.37,-531168,5.69,25.54
10-07-2026 9:53:02,47.08,19.95,103245.66,25.61,89.8,100446.82,182.89,100,-20305.66,0.73,5.38,-530793,5.64,25.52
10-07-2026 9:54:02,47.06,19.93,103265.02,25.69,89.36,100443.6,182.89,100,-20305.66,0.75,5.53,-531238,5.63,25.54
10-07-2026 9:55:02,47.06,19.91,103241,25.71,89.27,100445.89,182.89,100,-20305.66,0.55,5.42,-531039,5.72,25.53
10-07-2026 9:56:02,47.05,19.91,103256.52,25.93,87.89,100447.53,182.89,100,-20305.66,0.76,4.35,-530369,5.7,25.51
10-07-2026 9:57:02,47.05,19.96,103248.94,25.76,89.08,100445.72,182.89,100,-20305.66,0.72,5.17,-531009,5.64,25.53
10-07-2026 9:58:02,47.04,19.94,103252.64,25.79,88.82,100449.05,182.89,100,-20305.66,0.77,4.68,-531968,5.61,25.57
10-07-2026 9:59:02,47.07,19.97,103252.65,25.84,88.45,100447.5,182.89,100,-20305.66,0.72,4.54,-530573,5.62,25.52
10-07-2026 10:00:00,47.07,19.95,103246.97,25.68,89.49,100449.46,182.89,100,-20305.66,0.81,5.03,-530672,5.62,25.52
10-07-2026 10:01:00,47.01,20.04,103247.15,25.73,89.39,100451.25,182.89,100,-20305.66,0.8,5.04,-530945,5.76,25.53
10-07-2026 10:02:01,47.03,19.97,103248.89,25.93,87.8,100448.06,182.89,100,-20305.66,0.74,5.68,-529889,5.68,25.49
10-07-2026 10:03:01,47.01,20,103255.91,26.03,87.07,100449.48,182.89,100,-20305.66,0.72,5.27,-530752,5.69,25.52
10-07-2026 10:04:01,47.02,20.03,103249.89,25.65,89.69,100449.14,182.89,100,-20305.66,0.9,4.03,-530115,5.74,25.50
10-07-2026 10:05:01,47.04,19.97,103244.89,26.15,86.1,100446.77,182.89,100,-20305.66,0.83,4.58,-529541,5.78,25.48
10-07-2026 10:06:01,46.99,20.03,103253,25.65,89.56,100447.88,182.89,100,-20305.66,0.73,4.47,-529893,5.74,25.49
10-07-2026 10:07:01,47.03,19.99,103248.25,25.98,87.27,100447.3,182.89,100,-20305.66,0.82,5,-528716,5.73,25.45
10-07-2026 10:08:01,47,20.03,103251.73,25.79,88.64,100451.01,182.89,100,-20305.66,0.8,4.66,-531404,5.74,25.55
10-07-2026 10:09:01,47.01,19.97,103240.61,26.18,86.37,100446.53,182.89,100,-20305.66,0.81,4.89,-529547,5.72,25.48
10-07-2026 10:10:01,47.06,19.99,103233.42,26.2,86.08,100450.64,182.89,100,-20305.66,0.82,4.89,-530069,5.74,25.50
10-07-2026 10:11:01,47.08,19.98,103244.44,25.86,88.38,100452,182.89,100,-20305.66,0.78,5.71,-529720,5.78,25.48
10-07-2026 10:12:01,47.06,19.97,103255.75,25.8,88.23,100452.57,182.89,100,-20305.66,0.83,5.24,-529689,5.8,25.48
10-07-2026 10:13:01,47.05,20.02,103264.38,25.96,87.34,100453.69,182.89,100,-20305.66,0.89,4.97,-529357,5.78,25.47
10-07-2026 10:14:01,47.1,19.98,103248.92,25.94,88.26,100450.46,182.89,100,-20305.66,0.7,5.25,-529271,5.72,25.47
10-07-2026 10:15:01,47.14,19.95,103262.11,26.09,87.17,100451.13,182.89,100,-20305.66,0.79,5.14,-529302,5.68,25.47
10-07-2026 10:16:01,47.13,19.96,103244.91,26.07,87.41,100449.99,182.89,100,-20305.66,0.72,5.08,-529302,5.79,25.47
10-07-2026 10:17:01,47.16,19.95,103244.99,25.99,87.8,100453.78,182.89,100,-20305.66,0.86,5.23,-529035,5.67,25.46
10-07-2026 10:18:01,47.12,19.92,103254.89,25.92,88.22,100456.01,182.89,100,-20305.66,0.76,4.99,-528461,5.76,25.44
10-07-2026 10:19:01,47.14,19.96,103251.38,25.89,88.13,100452.3,182.89,100,-20305.66,0.72,4.82,-529838,5.69,25.49
10-07-2026 10:20:01,47.17,19.91,103269.82,26.05,86.92,100458.86,182.89,100,-20305.66,0.73,5.26,-529131,5.69,25.46
10-07-2026 10:21:01,47.18,19.92,103268.86,26.08,87.29,100458.44,182.89,100,-20305.66,0.77,4.85,-528121,5.77,25.43
10-07-2026 10:23:01,47.17,19.93,103272.89,26.16,86.29,100461.35,182.89,100,-20305.66,0.78,4.71,-527413,5.66,25.40
10-07-2026 10:24:01,47.16,19.88,103269.07,26.09,87,100466.07,182.89,100,-20305.66,0.7,4.93,-528956,5.77,25.46
10-07-2026 10:25:01,47.13,19.96,103277.35,25.92,87.9,100466.8,182.89,100,-20305.66,0.83,4.7,-527498,5.68,25.40
10-07-2026 10:26:01,47.14,19.91,103275.89,25.78,89.01,100466.61,182.89,100,-20305.66,0.78,5.06,-528900,5.67,25.45
10-07-2026 10:28:01,47.16,19.95,103277.36,25.8,88.72,100469.24,182.89,100,-20305.66,0.87,5.27,-528808,5.65,25.45
10-07-2026 10:27:01,47.17,19.91,103264.72,26.03,87.5,100465.63,182.89,100,-20305.66,0.85,4.76,-528955,5.76,25.46
10-07-2026 10:29:02,47.2,19.94,103268.7,25.95,88.42,100470.8,182.89,100,-20305.66,0.72,4.89,-529699,5.65,25.48
10-07-2026 10:30:02,47.23,19.92,103274.32,26.05,87.82,100473.03,182.89,100,-20305.66,0.76,4.9,-526395,5.65,25.36
10-07-2026 10:31:02,47.21,19.9,103258.36,25.88,87.9,100470.75,182.89,100,-20305.66,0.68,4.75,-527964,5.66,25.42
10-07-2026 10:32:02,47.19,19.88,103281.64,26.02,87.78,100478.22,182.89,100,-20305.66,0.76,5.28,-527282,5.72,25.40
10-07-2026 10:33:02,47.13,19.95,103278.72,25.91,88.27,100479.22,182.89,100,-20305.66,0.69,4.59,-528091,5.74,25.43
10-07-2026 10:34:02,47.2,19.92,103275.08,25.96,88.33,100477.74,182.89,100,-20305.66,0.73,4.45,-528282,5.74,25.43
10-07-2026 10:35:02,47.24,19.88,103291.89,26.02,87.85,100480.53,182.89,100,-20305.66,0.81,5.09,-528735,5.71,25.45
10-07-2026 10:36:02,47.23,19.86,103291.07,25.82,88.64,100480.64,182.89,100,-20305.66,0.78,4.96,-528946,5.61,25.46
10-07-2026 10:37:02,47.22,19.86,103275.54,25.88,88.36,100482.85,182.89,100,-20305.66,0.68,4.82,-528417,5.72,25.44
10-07-2026 10:38:02,47.21,19.84,103275.71,25.9,87.93,100483.08,182.89,100,-20305.66,0.71,5.15,-528483,5.65,25.44
10-07-2026 10:39:02,47.21,19.87,103282.14,26.09,87.22,100485,182.89,100,-20305.66,0.83,4.86,-527657,5.62,25.41
10-07-2026 10:40:02,47.22,19.86,103269.03,26,88.11,100485.05,182.89,100,-20305.66,0.73,5.61,-527176,5.73,25.39
10-07-2026 10:41:02,47.25,19.87,103290.92,25.98,88.28,100487.74,182.89,100,-20305.66,0.9,4.98,-528758,5.62,25.45
10-07-2026 10:42:02,47.22,19.86,103289.89,25.96,87.32,100485.07,182.89,100,-20305.66,0.73,5.1,-526727,5.71,25.38
10-07-2026 10:43:02,47.2,19.89,103291.24,26.17,87.16,100487.8,182.89,100,-20305.66,0.75,4.54,-527208,5.66,25.39
10-07-2026 10:44:02,47.25,19.88,103301.52,25.89,88.5,100487.33,182.89,100,-20305.66,0.79,5.22,-528222,5.66,25.43
10-07-2026 10:45:02,47.25,19.83,103291.15,26.03,87.61,100491.25,182.89,100,-20305.66,0.67,4.52,-526480,5.7,25.37
10-07-2026 10:46:02,47.26,19.85,103293.86,26.11,87.5,100494.34,182.89,100,-20305.66,0.71,4.61,-527361,5.63,25.40
10-07-2026 10:47:02,47.28,19.86,103292,25.88,88.68,100495.44,182.89,100,-20305.66,0.77,5.61,-527767,5.74,25.41
10-07-2026 10:48:02,47.25,19.87,103295.38,25.87,88.87,100495.49,182.89,100,-20305.66,0.67,4.61,-526926,5.64,25.38
10-07-2026 10:49:02,47.26,19.87,103287.74,26.02,87.55,100489.14,182.89,100,-20305.66,0.77,4.72,-527077,5.72,25.39
10-07-2026 10:50:02,47.24,19.83,103287.92,26.03,87.34,100493.01,182.89,100,-20305.66,0.78,4.77,-526478,5.62,25.37
10-07-2026 10:51:02,47.19,19.84,103287.92,25.91,88,100492.51,182.89,100,-20305.66,0.76,4.69,-528677,5.7,25.45
10-07-2026 10:52:02,47.16,19.9,103298.89,25.92,87.89,100490.67,182.89,100,-20305.66,0.77,5.2,-527011,5.73,25.39
10-07-2026 10:53:02,47.21,19.88,103289,25.98,87.74,100489.55,182.89,100,-20305.66,0.85,5.21,-526527,5.64,25.37
10-07-2026 10:54:02,47.23,19.84,103292.35,26.14,87.16,100491.36,182.89,100,-20305.66,0.74,4.76,-526906,5.66,25.38
10-07-2026 10:55:02,47.26,19.81,103291.94,26,87.7,100489.11,182.89,100,-20305.66,0.84,5.55,-526806,5.66,25.38
10-07-2026 10:56:02,47.25,19.82,103292.05,25.96,87.93,100488.2,182.89,100,-20305.66,0.74,5.41,-527460,5.68,25.40
10-07-2026 10:57:02,47.26,19.86,103290.07,25.94,88.39,100489.25,182.89,100,-20305.66,0.71,4.37,-527004,5.61,25.39
10-07-2026 10:58:02,47.29,19.82,103283.6,26.12,87.11,100484.35,182.89,100,-20305.66,0.8,4.98,-526602,5.65,25.37
10-07-2026 10:59:02,47.3,19.81,103299.78,26.19,86.81,100485.72,182.89,100,-20305.66,0.66,4.75,-526165,5.68,25.35
10-07-2026 11:00:00,47.27,19.81,103293.05,25.92,88.09,100487.19,182.89,100,-20305.66,0.82,4.58,-526481,5.67,25.37
10-07-2026 11:01:00,47.27,19.8,103288.85,26.14,86.93,100484.1,182.89,100,-20305.66,0.81,3.54,-526501,5.68,25.37
10-07-2026 11:02:00,47.26,19.83,103301.06,26.02,87.8,100490.89,182.89,100,-20305.66,0.72,5.21,-526370,5.68,25.36
10-07-2026 11:03:00,47.28,19.81,103290.51,25.93,88.29,100488.49,182.89,100,-20305.66,0.67,3.68,-526683,5.67,25.37
10-07-2026 11:04:01,47.28,19.8,103282.82,25.93,88.13,100489.59,182.89,100,-20305.66,0.77,5.29,-526644,5.66,25.37
10-07-2026 11:05:01,47.27,19.81,103307.05,25.82,88.94,100488.32,182.89,100,-20305.66,0.71,5.39,-526235,5.61,25.36
10-07-2026 11:06:01,47.28,19.76,103300.23,25.94,87.77,100488.32,182.89,100,-20305.66,0.74,4.54,-526696,5.55,25.37
10-07-2026 11:07:01,47.25,19.77,103299.17,25.85,88.63,100490.35,182.89,100,-20305.66,0.78,5.04,-526874,5.58,25.38
10-07-2026 11:08:01,47.29,19.79,103284.27,25.94,88.37,100492.57,182.89,100,-20305.66,0.68,4.63,-526573,5.66,25.37
10-07-2026 11:09:01,47.29,19.79,103291.64,25.96,88.05,100494.93,182.89,100,-20305.66,0.78,4.89,-527332,5.55,25.40
10-07-2026 11:10:01,47.27,19.77,103308.67,26,87.85,100489.63,182.89,100,-20305.66,0.73,4.13,-525577,5.64,25.33
10-07-2026 11:11:01,47.29,19.8,103310.75,25.96,88.26,100492.96,182.89,100,-20305.66,0.74,4.51,-525813,5.61,25.34
10-07-2026 11:12:01,47.3,19.8,103295.66,25.84,88.74,100493.53,182.89,100,-20305.66,0.78,4.61,-526859,5.55,25.38
10-07-2026 11:13:01,47.29,19.77,103295.07,25.76,89.4,100489.99,182.89,100,-20305.66,0.81,5.29,-526489,5.67,25.37
10-07-2026 11:14:01,47.31,19.76,103288,26.07,87.8,100491.14,182.89,100,-20305.66,0.85,4.25,-525619,5.56,25.33
10-07-2026 11:15:01,47.32,19.74,103295.73,25.9,88.62,100492.45,182.89,100,-20305.66,0.75,5.18,-525812,5.65,25.34
10-07-2026 11:16:01,47.33,19.75,103295.49,25.94,88.5,100491.46,182.89,100,-20305.66,0.76,5.04,-525827,5.53,25.34
10-07-2026 11:17:01,47.34,19.76,103285.21,26.08,87.41,100490.34,182.89,100,-20305.66,0.72,5.05,-526133,5.65,25.35
10-07-2026 11:18:01,47.38,19.73,103290.72,26.24,86.81,100493.65,182.89,100,-20305.66,0.7,4.25,-525629,5.56,25.34
10-07-2026 11:19:01,47.37,19.75,103290.53,26.13,87.07,100492.67,182.89,100,-20305.66,0.82,5.07,-525209,5.55,25.32
10-07-2026 11:20:01,47.36,19.74,103290.3,26.06,87.69,100495.49,182.89,100,-20305.66,0.77,5.5,-526280,5.64,25.36
10-07-2026 11:21:01,47.38,19.74,103298.42,26.12,86.99,100496.53,182.89,100,-20305.66,0.78,4.69,-525496,5.61,25.33
10-07-2026 11:22:01,47.4,19.71,103295.05,26.15,86.64,100499.27,182.89,100,-20305.66,0.77,5.6,-525422,5.56,25.33
10-07-2026 11:23:01,47.39,19.66,103300.63,26.1,87.06,100495.85,182.89,100,-20305.66,0.82,4.92,-525530,5.55,25.33
10-07-2026 11:24:01,47.38,19.69,103308.96,26.33,86.01,100500.61,182.89,100,-20305.66,0.73,5.33,-524908,5.61,25.31
10-07-2026 11:25:01,47.37,19.73,103303.14,26.21,86.87,100501.29,182.89,100,-20305.66,0.71,5.13,-525061,5.63,25.31
10-07-2026 11:26:01,47.4,19.73,103299.97,26.07,87.44,100497.25,182.89,100,-20305.66,0.79,4.77,-525305,5.58,25.32
10-07-2026 11:27:01,47.41,19.69,103300.24,26.15,87.38,100493.85,182.89,100,-20305.66,0.71,5.37,-524592,5.55,25.30
10-07-2026 11:28:01,47.43,19.71,103309.61,26.28,86.29,100492.08,182.89,100,-20305.66,0.8,4.91,-525055,5.54,25.31
10-07-2026 11:29:01,47.43,19.7,103293.38,26.46,85.33,100492.44,182.89,100,-20305.66,0.5,4.92,-525850,5.55,25.34
10-07-2026 11:30:01,47.43,19.67,103309.71,26.26,86.17,100495.28,182.89,100,-20305.66,0.81,5.46,-526224,5.54,25.36
10-07-2026 11:31:02,47.36,19.69,103289.65,26.44,85.34,100497.92,182.89,100,-20305.66,0.74,5.51,-527333,5.58,25.40
10-07-2026 11:32:02,47.39,19.69,103289.7,26.13,87.19,100493.2,182.89,100,-20305.66,0.75,4.79,-525403,5.63,25.33
10-07-2026 11:33:02,47.4,19.69,103293.24,26.26,86.57,100496.05,182.89,100,-20305.66,0.83,4.67,-524562,5.65,25.30
10-07-2026 11:34:02,47.4,19.69,103293.53,26.12,87.13,100495.85,182.89,100,-20305.66,0.76,4.46,-525403,5.63,25.33
10-07-2026 11:35:02,47.36,19.73,103293.49,26.2,86.81,100493.53,182.89,100,-20305.66,0.78,4.8,-525821,5.61,25.34
10-07-2026 11:36:02,47.38,19.72,103292.36,26.13,86.58,100492.09,182.89,100,-20305.66,0.86,4.96,-524662,5.57,25.30
10-07-2026 11:37:02,47.38,19.69,103293.2,26.25,86.13,100492.91,182.89,100,-20305.66,0.67,4.7,-524568,5.55,25.30
10-07-2026 11:38:02,47.43,19.66,103294.51,26.35,85.8,100491.49,182.89,100,-20305.66,0.71,4.08,-524841,5.56,25.31
10-07-2026 11:39:02,47.46,19.67,103295.42,26.29,86.23,100492.61,182.89,100,-20305.66,0.75,5.5,-525214,5.61,25.32
10-07-2026 11:40:02,47.48,19.66,103295.33,26.15,87.24,100492,182.89,100,-20305.66,0.67,5.27,-525618,5.63,25.33
10-07-2026 11:41:02,47.46,19.66,103292.88,25.97,87.99,100490.97,182.89,100,-20305.66,0.78,4.42,-524901,5.54,25.31
10-07-2026 11:42:02,47.44,19.67,103296.24,26.2,86.8,100492.85,182.89,100,-20305.66,0.75,3.41,-524782,5.52,25.30
10-07-2026 11:43:02,47.46,19.61,103289.38,26.17,87.1,100491.94,182.89,100,-20305.66,0.79,4.99,-525034,5.55,25.31
10-07-2026 11:44:02,47.45,19.66,103293.73,26.22,86.88,100492.5,182.89,100,-20305.66,0.74,3.89,-525901,5.62,25.35
10-07-2026 11:45:02,47.5,19.65,103299.67,26.1,87.8,100496.35,182.89,100,-20305.66,0.75,4.67,-524745,5.53,25.30
10-07-2026 11:46:02,47.5,19.67,103304.17,26.34,86.45,100491.23,182.89,100,-20305.66,0.78,5.3,-524600,5.54,25.30
10-07-2026 11:47:02,47.53,19.67,103296.74,26.29,86.71,100497.14,182.89,100,-20305.66,0.74,4.76,-524133,5.6,25.28
10-07-2026 11:48:02,47.55,19.65,103292.53,26.54,84.93,100497.17,182.89,100,-20305.66,0.76,4.88,-524932,5.53,25.31
10-07-2026 11:49:02,47.56,19.63,103299.57,26.52,85.14,100493.28,182.89,100,-20305.66,0.75,5.15,-525343,5.56,25.32
10-07-2026 11:50:02,47.54,19.63,103294.14,26.1,87.74,100497.58,182.89,100,-20305.66,0.77,4.74,-527003,5.58,25.39
10-07-2026 11:51:02,47.55,19.63,103295,26.3,86.5,100493.96,182.89,100,-20305.66,0.86,4.96,-524576,5.51,25.30
10-07-2026 11:52:02,47.57,19.62,103292.89,26.44,85.61,100495.2,182.89,100,-20305.66,0.72,5.12,-524493,5.57,25.29
10-07-2026 11:53:02,47.58,19.6,103296.35,26.2,86.81,100491.33,182.89,100,-20305.66,0.79,4.76,-524596,5.61,25.30
10-07-2026 11:54:02,47.54,19.58,103285.67,26.56,85.04,100492.02,182.89,100,-20305.66,0.71,4.86,-525876,5.51,25.34
10-07-2026 11:55:02,47.57,19.6,103290.41,26.51,84.27,100491.99,182.89,100,-20305.66,0.84,4.76,-527246,5.56,25.39
10-07-2026 11:56:02,47.54,19.59,103297.68,26.35,86.4,100493.23,182.89,100,-20305.66,0.69,4.75,-527452,5.55,25.40
10-07-2026 11:57:02,47.61,19.57,103289.8,26.17,87.13,100494.71,182.89,100,-20305.66,0.79,4.35,-525619,5.51,25.33
10-07-2026 11:58:02,47.59,19.59,103293.03,26.05,87.91,100494.25,182.89,100,-20305.66,0.83,4.91,-525379,5.59,25.33
10-07-2026 11:59:02,47.59,19.58,103287.96,26.25,86.91,100497.67,182.89,100,-20305.66,0.79,4.35,-525538,5.57,25.33
10-07-2026 12:00:00,47.62,19.56,103289.91,26.2,87.33,100492.19,182.89,100,-20305.66,0.83,5.35,-525337,5.58,25.32
10-07-2026 12:01:00,47.66,19.6,103302.83,26.36,86.4,100491.44,182.89,100,-20305.66,0.78,5.39,-526005,5.5,25.35
10-07-2026 12:02:01,47.68,19.56,103289.38,26.36,86.51,100490.89,182.89,100,-20305.66,0.77,4.3,-527143,5.5,25.39
10-07-2026 12:03:01,47.73,19.5,103299.42,26.77,83.93,100494.01,182.89,100,-20305.66,0.79,4.92,-526181,5.49,25.36
10-07-2026 12:04:01,47.68,19.52,103289.68,26.52,85.59,100487.66,182.89,100,-20305.66,0.64,4.48,-527575,5.49,25.41
10-07-2026 12:05:01,47.7,19.56,103297.4,26.55,85.2,100493.05,182.89,100,-20305.66,0.77,4.78,-525249,5.5,25.32
10-07-2026 12:06:01,47.72,19.57,103295,26.62,85.28,100492.66,182.89,100,-20305.66,0.7,5.01,-526123,5.5,25.35
10-07-2026 12:07:01,47.69,19.49,103289.35,26.42,85.74,100490.41,182.89,100,-20305.66,0.74,4.43,-526261,5.5,25.36
10-07-2026 12:08:01,47.73,19.56,103286.38,26.76,84.59,100493.3,182.89,100,-20305.66,0.8,4.31,-526042,5.5,25.35
10-07-2026 12:09:01,47.8,19.52,103274.27,26.76,84.65,100489.5,182.89,100,-20305.66,0.74,4.11,-527665,5.51,25.41
10-07-2026 12:10:01,47.84,19.55,103287.32,26.75,84.85,100489.99,182.89,100,-20305.66,0.71,4.82,-527849,5.5,25.42
10-07-2026 12:11:01,47.9,19.5,103290.1,26.81,83.84,100485.57,182.89,100,-20305.66,0.71,5.75,-528293,5.51,25.43
10-07-2026 12:12:01,47.77,19.83,103291.05,26.68,84.61,100482.69,182.89,100,-20305.66,0.71,5.4,-527453,5.55,25.40
10-07-2026 12:13:01,47.74,19.79,103274.42,26.67,84.92,100485.17,182.89,100,-20305.66,0.7,4.75,-531701,5.55,25.56
10-07-2026 12:14:01,47.79,19.55,103279.88,26.34,86.51,100483.54,182.89,100,-20305.66,0.71,5.08,-544072,5.59,26.01
10-07-2026 12:15:01,47.81,19.54,103274.97,26.43,86.09,100484.67,182.89,100,-20305.66,0.9,4.76,-531136,5.61,25.54
10-07-2026 12:16:01,47.83,19.55,103281.32,26.7,84.82,100486.07,182.89,100,-20305.66,0.74,5.31,-529843,5.6,25.49
10-07-2026 12:17:01,47.92,19.57,103288.82,26.9,84.55,100487.46,182.89,100,-20305.66,0.74,4.88,-529553,5.51,25.48
10-07-2026 12:18:01,48.03,19.44,103288.92,27.03,83.88,100485.99,182.89,100,-20305.66,0.74,5.16,-528600,5.61,25.44
10-07-2026 12:19:01,48.01,19.5,103286.43,26.82,84.21,100487.91,182.89,100,-20305.66,1.08,4.41,-523079,5.55,25.24
10-07-2026 12:20:01,47.92,19.47,103282.09,26.96,83.11,100488.82,182.89,100,-20305.66,0.72,4.85,-526982,5.49,25.38
10-07-2026 12:21:01,47.96,19.44,103303.61,27.06,82.58,100487.19,182.89,100,-20305.66,0.7,4.82,-527801,5.58,25.41
10-07-2026 12:22:01,47.94,19.38,103295.07,27,82.48,100488.69,182.89,100,-20305.66,0.8,5.4,-499489,5.53,24.38
10-07-2026 12:24:01,47.89,19.51,103286.55,26.63,85.17,100488.91,182.89,100,-20305.66,0.88,4.6,-503901,5.47,24.54
10-07-2026 12:25:01,47.9,19.51,103296.46,26.68,84.6,100492.69,182.89,100,-20305.66,0.82,4.88,-507483,5.55,24.67
10-07-2026 12:26:01,47.9,19.48,103298.03,26.77,84.13,100496.17,182.89,100,-20305.66,0.83,5.18,-499752,5.57,24.39
10-07-2026 12:27:01,47.89,19.47,103295.76,26.72,84.78,100496.1,182.89,100,-20305.66,0.73,5.49,-502357,5.48,24.48
10-07-2026 12:28:01,47.91,19.44,103294.74,26.63,84.96,100497.33,182.89,100,-20305.66,0.78,5.21,-487844,5.46,23.95
10-07-2026 12:29:01,47.92,19.45,103289.67,26.67,84.24,100496.11,182.89,100,-20305.66,0.83,4.8,-487985,5.47,23.96
10-07-2026 12:30:01,47.87,19.45,103305.67,26.5,85.54,100499.33,182.89,100,-20305.66,0.76,5.46,-487670,5.45,23.95
10-07-2026 12:31:01,47.9,19.39,103308.5,26.75,84.5,100496.74,182.89,100,-20305.66,0.8,4.72,-399515,5.44,20.72
10-07-2026 12:32:02,47.98,19.34,103294.27,27.09,81.98,100498.08,182.89,100,-20305.66,0.71,4.76,-193912,5.51,13.19
10-07-2026 12:33:02,47.99,19.38,103293.46,26.99,83.22,100490.89,182.89,100,-20305.66,0.87,4.55,6332,5.46,5.86
10-07-2026 12:34:02,48,19.34,103291.22,26.65,85,100490.55,182.89,100,-20305.66,0.76,4.96,31868,5.51,4.93
10-07-2026 12:35:02,48.04,19.37,103299.03,26.85,84.42,100493.53,182.89,100,-20305.66,0.63,4.76,30681,5.43,4.97
10-07-2026 12:36:02,48.13,19.33,103291.16,26.96,84.02,100496.39,182.89,100,-20305.66,0.8,5.02,31433,5.49,4.94
10-07-2026 12:37:02,48.21,19.33,103302.85,27.15,82.85,100495.62,182.89,100,-20305.66,0.75,4.51,31823,5.48,4.93
10-07-2026 12:38:02,48.25,19.32,103296.88,27.2,83.34,100492.94,182.89,100,-20305.66,0.66,5.15,30340,5.45,4.98
10-07-2026 12:39:02,48.33,19.26,103301.36,27.23,82.97,100494.94,182.89,100,-20305.66,0.75,4.46,-264251,5.48,15.77
10-07-2026 12:40:02,48.35,19.25,103298.66,27.28,82.05,100489.64,182.89,100,-20305.66,0.81,5.04,-237064,5.49,14.77
10-07-2026 12:41:02,48.24,19.22,103300.61,26.88,83.88,100499.08,182.89,100,-20305.66,0.72,5.79,-238629,5.44,14.83
10-07-2026 12:42:02,48.22,19.26,103299.24,27.14,82.55,100499.88,182.89,100,-20305.66,0.75,5.08,-238571,5.48,14.83
10-07-2026 12:43:02,48.24,19.32,103297.36,27.04,83.43,100498.75,182.89,100,-20305.66,0.71,4.89,-238970,5.52,14.84
10-07-2026 12:44:02,48.29,19.2,103294.17,27,83.14,100499.69,182.89,100,-20305.66,0.71,4.68,-285701,5.47,16.55
10-07-2026 12:45:02,48.13,19.28,103295.21,26.66,84.57,100497.72,182.89,100,-20305.66,0.82,5.23,-346048,5.48,18.76
10-07-2026 12:46:02,48.02,19.53,103289.74,26.72,84.27,100496.62,182.89,100,-20305.66,0.66,4.6,-398516,5.52,20.68
10-07-2026 12:47:02,48.05,19.62,103292.25,26.84,83.85,100502.36,182.89,100,-20305.66,0.78,5.21,-413371,5.51,21.23
10-07-2026 12:48:02,48.07,19.38,103297.14,26.79,84.38,100498.47,182.89,100,-20305.66,0.8,5.08,-422757,5.47,21.57
10-07-2026 12:49:02,48.11,19.34,103294.75,26.95,83.48,100498.75,182.89,100,-20305.66,0.73,4.37,-427501,5.44,21.74
10-07-2026 12:50:02,48.13,19.37,103291.46,27,83.17,100502.21,182.89,100,-20305.66,0.75,5.25,-433995,5.47,21.98
10-07-2026 12:51:02,48.09,19.35,103301.83,27.2,82.1,100499.88,182.89,100,-20305.66,0.66,5.02,-440224,5.52,22.21
10-07-2026 12:52:02,48.04,19.35,103309.79,26.92,83.18,100504.55,182.89,100,-20305.66,0.67,4.62,-444022,5.47,22.35
10-07-2026 12:53:02,48.08,19.33,103316.3,27.2,81.89,100507.39,182.89,100,-20305.66,0.87,5.98,-447851,5.44,22.49
10-07-2026 12:54:02,48.1,19.34,103320.72,27.16,82.27,100508.97,182.89,100,-20305.66,0.78,5.01,-449019,5.53,22.53
10-07-2026 12:55:02,48.09,19.37,103308.77,27,82.78,100508.19,182.89,100,-20305.66,0.72,4.47,-452060,5.5,22.64
10-07-2026 12:56:02,48.11,19.32,103303.25,27.05,82.51,100507.36,182.89,100,-20305.66,0.72,4.89,-453739,5.45,22.70
10-07-2026 12:57:02,48.13,19.31,103296.08,27.19,82.46,100510.33,182.89,100,-20305.66,0.65,5.08,-454425,5.45,22.73
10-07-2026 12:58:02,48.15,19.3,103313.1,26.91,83.49,100512.21,182.89,100,-20305.66,0.76,5.45,-451324,5.47,22.62
10-07-2026 12:59:03,48.12,19.31,103310.03,27.03,82.64,100511.31,182.89,100,-20305.66,0.74,4.79,-449852,5.47,22.56
10-07-2026 13:00:00,48.09,19.36,103307.49,26.98,82.86,100507.11,182.89,100,-20305.66,0.8,4.83,-452828,5.48,22.67
10-07-2026 13:01:00,48.04,19.33,103321.71,26.68,84.66,100513.46,182.89,100,-20305.66,0.78,5.18,-464503,5.42,23.10
10-07-2026 13:02:00,48.02,19.36,103300.85,26.84,83.58,100513.23,182.89,100,-20305.66,0.8,5.62,-448798,5.44,22.52
10-07-2026 13:03:01,47.97,19.33,103315.7,26.97,82.74,100518.21,182.89,100,-20305.66,0.75,4.88,-458769,5.52,22.89
10-07-2026 13:04:01,47.93,19.33,103318.25,26.68,83.43,100510.61,182.89,100,-20305.66,0.82,4.83,-455735,5.42,22.78
10-07-2026 13:05:01,47.97,19.35,103310.46,27.01,82.38,100512.38,182.89,100,-20305.66,0.77,4.78,-455980,5.52,22.79
10-07-2026 13:06:01,48.04,19.37,103315.15,27.13,82.73,100516.15,182.89,100,-20305.66,0.73,4.73,-457161,5.42,22.83
10-07-2026 13:07:01,48,19.36,103309.67,26.75,84.06,100512.25,182.89,100,-20305.66,0.86,4.16,-459289,5.46,22.91
10-07-2026 13:08:01,47.97,19.32,103307.39,26.69,84.19,100510.08,182.89,100,-20305.66,0.74,5.31,-459747,5.48,22.92
10-07-2026 13:09:01,48.04,19.33,103316.11,26.86,83.76,100508.96,182.89,100,-20305.66,0.66,4.93,-460497,5.41,22.95
10-07-2026 13:10:01,47.97,19.32,103301.44,26.61,84.34,100510.53,182.89,100,-20305.66,0.77,4.81,-468254,5.5,23.23
10-07-2026 13:11:01,47.94,19.37,103316.16,26.8,83.7,100506.25,182.89,100,-20305.66,0.77,4.85,-490258,5.46,24.04
10-07-2026 13:12:01,47.92,19.33,103305.86,27.14,81.44,100510.6,182.89,100,-20305.66,0.83,4.72,-514257,5.48,24.92
10-07-2026 13:13:01,47.89,19.39,103298.21,26.85,83.36,100502.25,182.89,100,-20305.66,0.99,4.96,-522952,5.43,25.24
10-07-2026 13:14:01,47.96,19.33,103305.53,27.03,81.89,100499.56,182.89,100,-20305.66,0.7,4.51,-542737,5.5,25.96
10-07-2026 13:15:01,47.94,19.34,103292.96,26.79,83.65,100503.4,182.89,100,-20305.66,0.76,5.56,-550012,5.43,26.23
10-07-2026 13:16:01,47.96,19.4,103308.31,26.97,83.67,100505.48,182.89,100,-20305.66,0.68,5.46,-577362,5.48,27.23
10-07-2026 13:17:01,48.09,19.35,103293.66,26.96,83.72,100501.33,182.89,100,-20305.66,0.58,4.98,-579418,5.52,27.30
10-07-2026 13:18:01,48.1,19.38,103300.91,26.68,85.44,100501.42,182.89,100,-20305.66,0.77,4.66,169554,5.51,-0.11
10-07-2026 13:19:01,48.15,19.36,103300.94,26.74,85.37,100504,182.89,100,-20305.66,0.73,5.63,169755,5.51,-0.12
10-07-2026 13:20:01,48.23,19.28,103302.75,26.71,85.48,100501.99,182.89,100,-20305.66,0.76,5.12,170182,5.6,-0.14
10-07-2026 13:21:01,48.22,19.35,103315.02,26.96,84.11,100504.54,182.89,100,-20305.66,0.69,5.39,170547,5.43,-0.15
10-07-2026 13:22:01,48.22,19.32,103312.24,27,83.63,100505.75,182.89,100,-20305.66,0.69,5.32,170113,5.51,-0.13
10-07-2026 13:23:01,48.22,19.35,103308.44,26.64,86.26,100506.96,182.89,100,-20305.66,0.72,4.77,170760,5.43,-0.16
10-07-2026 13:24:01,48.22,19.27,103307.24,26.44,86.92,100505.72,182.89,100,-20305.66,0.73,4.82,170390,5.46,-0.14
10-07-2026 13:25:01,48.23,19.3,103310.53,26.72,85.46,100507.52,182.89,100,-20305.66,0.7,5.2,171050,5.52,-0.17
10-07-2026 13:26:01,48.25,19.33,103306.44,26.72,85.82,100507.96,182.89,100,-20305.66,0.73,4.78,170300,5.45,-0.14
10-07-2026 13:27:01,48.29,19.32,103307.05,26.95,84.28,100511.8,182.89,100,-20305.66,0.67,4.52,171002,5.52,-0.17
10-07-2026 13:28:01,48.23,19.24,103303.91,27.03,82.92,100504.43,182.89,100,-20305.66,0.79,4.88,171214,5.56,-0.17
10-07-2026 13:29:01,48.2,19.33,103313.64,26.69,85.74,100507,182.89,100,-20305.66,0.73,5.25,170743,5.52,-0.16
10-07-2026 13:30:01,48.29,19.31,103306.86,26.88,85.28,100508.22,182.89,100,-20305.66,0.77,5.69,171596,5.45,-0.19
10-07-2026 13:31:01,48.37,19.3,103304.51,26.89,85.49,100506.56,182.89,100,-20305.66,0.67,4.73,171315,5.53,-0.18
10-07-2026 13:32:02,48.41,19.29,103306.78,26.75,86.15,100509.29,182.89,100,-20305.66,0.75,3.91,171737,5.49,-0.19
10-07-2026 13:33:02,48.35,19.25,103307.88,26.76,85.35,100508.02,182.89,100,-20305.66,0.76,5.14,73421,5.44,3.41
10-07-2026 13:34:02,48.34,19.22,103308.21,27.09,83.34,100511.37,182.89,100,-20305.66,0.7,5.28,74309,5.48,3.37
10-07-2026 13:35:02,48.34,19.24,103306.86,26.99,84.18,100508.64,182.89,100,-20305.66,0.77,5.27,73682,5.51,3.40
10-07-2026 13:36:02,48.34,19.24,103305.67,26.82,84.67,100511.77,182.89,100,-20305.66,0.78,5.06,73827,5.42,3.39
10-07-2026 13:37:02,48.34,19.27,103308,26.84,84.45,100511.38,182.89,100,-20305.66,0.71,4.96,74403,5.47,3.37
10-07-2026 13:39:02,48.29,19.3,103317.63,26.71,85.65,100506,182.89,100,-20305.66,0.79,4.56,74622,5.48,3.36
10-07-2026 13:40:02,48.32,19.27,103320.27,26.86,84.5,100505.69,182.89,100,-20305.66,0.7,4.47,73527,5.45,3.40
10-07-2026 13:41:02,48.32,19.26,103322.3,26.89,85.08,100507.67,182.89,100,-20305.66,0.68,4.86,74428,5.48,3.37
10-07-2026 13:42:02,48.38,19.21,103306,26.95,84.4,100506.44,182.89,100,-20305.66,0.71,4.87,73288,5.47,3.41
10-07-2026 13:38:02,48.26,19.25,103303.62,26.86,84.7,100506.64,182.89,100,-20305.66,0.73,5.42,73400,5.52,3.41
10-07-2026 13:43:02,48.34,19.21,103313.24,26.93,83.83,100511.96,182.89,100,-20305.66,0.81,4.9,74327,5.49,3.37
10-07-2026 13:44:02,48.3,19.31,103315.8,26.82,85.04,100506.89,182.89,100,-20305.66,0.74,5.5,73777,5.44,3.39
10-07-2026 13:45:02,48.3,19.25,103317.78,27.29,81.9,100505.67,182.89,100,-20305.66,0.73,4.51,71815,5.46,3.46
10-07-2026 13:46:02,48.37,19.25,103300.97,27.09,83.77,100507.92,182.89,100,-20305.66,0.61,5.23,74201,5.53,3.38
10-07-2026 13:47:02,48.41,19.21,103301.07,26.84,84.78,100505.96,182.89,100,-20305.66,0.74,4.85,74666,5.44,3.36
10-07-2026 13:48:02,48.35,19.22,103298.17,27.12,83.34,100504.21,182.89,100,-20305.66,0.71,5.03,73461,5.45,3.40
10-07-2026 13:49:02,48.36,19.25,103305.46,27.84,79.79,100506,182.89,100,-20305.66,0.68,4.72,73658,5.46,3.40
10-07-2026 13:50:02,48.38,19.27,103304.92,27.34,81.99,100502.86,182.89,100,-20305.66,0.75,4.65,73913,5.47,3.39
10-07-2026 13:51:02,48.41,19.24,103320.09,27.09,83.51,100503.5,182.89,100,-20305.66,0.65,4.7,73926,5.47,3.39
10-07-2026 13:52:02,48.46,19.25,103324.94,27.14,83.4,100506.58,182.89,100,-20305.66,0.78,5.37,74508,5.47,3.37
10-07-2026 13:53:02,48.49,19.19,103304.52,27.34,82.34,100501.75,182.89,100,-20305.66,0.76,4.6,69850,5.45,3.54
10-07-2026 13:54:02,48.44,19.2,103304.22,27.16,83.09,100504.65,182.89,100,-20305.66,0.71,5.25,70743,5.48,3.50
10-07-2026 13:55:02,48.47,19.25,103312.83,27.14,83.73,100505.12,182.89,100,-20305.66,0.7,4.95,71475,5.5,3.48
10-07-2026 13:56:02,48.49,19.21,103306.15,27.1,83.75,100504.57,182.89,100,-20305.66,0.63,4.2,72597,5.54,3.44
10-07-2026 13:57:02,48.53,19.24,103306.38,27.21,83.51,100498.85,182.89,100,-20305.66,0.69,4.96,73202,5.46,3.41
10-07-2026 13:58:02,48.55,19.17,103294.41,27.3,82.59,100496.64,182.89,100,-20305.66,0.72,4.79,70522,5.53,3.51
10-07-2026 13:59:02,48.52,19.11,103302.53,27.37,81.81,100496.42,182.89,100,-20305.66,0.75,4.75,68560,5.42,3.58
10-07-2026 14:00:00,48.53,19.16,103297.52,27.39,82,100500.76,182.89,100,-20305.66,0.65,5.74,68896,5.42,3.57
10-07-2026 14:02:01,48.58,19.12,103292.32,27.58,80.91,100493.07,182.89,100,-20305.66,0.71,3.49,66420,5.45,3.66
10-07-2026 14:03:01,48.58,19.19,103292.8,27.5,81.43,100491.95,182.89,100,-20305.66,0.72,4.7,64814,5.51,3.72
10-07-2026 14:04:01,48.52,19.15,103292.31,27.21,82.46,100487.08,182.89,100,-20305.66,0.74,4.43,58413,5.44,3.95
10-07-2026 14:05:01,48.48,19.12,103289.19,27.11,82.84,100488.63,182.89,100,-20305.66,0.79,4.65,63174,5.49,3.78
10-07-2026 14:06:01,48.43,19.11,103298.92,26.98,83.45,100487.21,182.89,100,-20305.66,0.85,5.08,62437,5.52,3.81
10-07-2026 14:07:01,48.48,19.12,103286.66,27.45,81.55,100485.78,182.89,100,-20305.66,0.76,4.53,59888,5.53,3.90
10-07-2026 14:08:01,48.58,19.09,103275.61,27.59,81.04,100485.83,182.89,100,-20305.66,0.75,4.15,63032,5.43,3.79
10-07-2026 14:09:01,48.6,19.08,103273.32,27.4,81.52,100482.41,182.89,100,-20305.66,0.74,4.86,57703,5.54,3.98
10-07-2026 14:10:01,48.57,19.09,103275.32,27.54,80.85,100479.41,182.89,100,-20305.66,0.77,5.38,56161,5.44,4.04
10-07-2026 14:11:01,48.57,19.09,103276.77,27.54,80.74,100479.47,182.89,100,-20305.66,0.71,4.89,55568,5.49,4.06
10-07-2026 14:12:01,48.61,19.09,103281.33,27.47,81.45,100481.03,182.89,100,-20305.66,0.75,5.16,53549,5.51,4.13
10-07-2026 14:13:01,48.65,19.12,103281.67,27.62,80.58,100481.38,182.89,100,-20305.66,0.78,4.63,52449,5.49,4.17
10-07-2026 14:14:01,48.64,19.07,103281.8,27.72,79.72,100481.02,182.89,100,-20305.66,0.74,5.03,53370,5.48,4.14
10-07-2026 14:15:01,48.66,19.04,103280.18,27.81,79.66,100480.92,182.89,100,-20305.66,0.62,5.05,51020,5.49,4.23
10-07-2026 14:16:01,48.7,19.04,103291.3,27.63,80.22,100482.32,182.89,100,-20305.66,0.81,4.81,50009,5.45,4.26
10-07-2026 14:17:01,48.68,19.08,103280.27,27.53,80.75,100478.46,182.89,100,-20305.66,0.79,5.53,48054,5.43,4.33
10-07-2026 14:18:01,48.69,19,103266.21,27.61,80.44,100482.84,182.89,100,-20305.66,0.76,5.14,46323,5.41,4.40
10-07-2026 14:19:01,48.56,18.98,103280.42,27.51,80.31,100481.35,182.89,100,-20305.66,0.85,4.51,44148,5.39,4.48
10-07-2026 14:20:01,48.56,19.04,103282.21,27.62,80.14,100481.5,182.89,100,-20305.66,0.72,4.97,45173,5.45,4.44
10-07-2026 14:21:01,48.63,19.01,103280.74,27.68,79.74,100480.57,182.89,100,-20305.66,0.74,5.04,43363,5.38,4.51
10-07-2026 14:22:01,48.69,19.01,103275.07,27.49,81.15,100477.38,182.89,100,-20305.66,0.71,4.96,42085,5.36,4.55
10-07-2026 14:23:01,48.71,18.95,103264.94,27.78,79.46,100474.72,182.89,100,-20305.66,0.77,5.25,40943,5.44,4.59
10-07-2026 14:24:01,48.69,18.92,103278.34,27.6,80.2,100476.3,182.89,100,-20305.66,0.66,5.42,41351,5.32,4.58
10-07-2026 14:25:01,48.63,18.93,103265.97,27.6,79.83,100473.33,182.89,100,-20305.66,0.83,4.31,40078,5.41,4.63
10-07-2026 14:26:01,48.65,18.93,103274.69,27.68,79.77,100471.49,182.89,100,-20305.66,0.71,5.14,37503,5.33,4.72
10-07-2026 14:27:01,48.66,18.95,103270.07,27.55,80.49,100470.08,182.89,100,-20305.66,0.66,5.03,35335,5.41,4.80
10-07-2026 14:28:01,48.7,18.95,103278.42,27.43,81.16,100466.57,182.89,100,-20305.66,0.73,4.84,33165,5.37,4.88
10-07-2026 14:29:02,48.7,18.95,103266.85,27.48,80.99,100467.11,182.89,100,-20305.66,0.63,5.24,33404,5.36,4.87
10-07-2026 14:30:02,48.73,18.94,103259.92,27.57,80.2,100460.55,182.89,100,-20305.66,0.74,5.09,33403,5.43,4.87
10-07-2026 14:31:02,48.76,18.95,103257.46,27.92,78.65,100460.49,182.89,100,-20305.66,0.76,4.81,30448,5.36,4.98
10-07-2026 14:32:02,48.83,18.92,103249.66,27.95,78.99,100461.61,182.89,100,-20305.66,0.71,4.7,29060,5.35,5.03
10-07-2026 14:33:02,48.83,18.83,103256.96,27.62,79.99,100453.77,182.89,100,-20305.66,0.75,5.28,28451,5.43,5.05
10-07-2026 14:34:02,48.76,18.88,103255.15,27.6,80.35,100459.3,182.89,100,-20305.66,0.72,4.26,27439,5.4,5.09
10-07-2026 14:35:02,48.78,18.95,103247.75,27.67,80.03,100451.42,182.89,100,-20305.66,0.73,5.34,26176,5.4,5.13
10-07-2026 14:36:02,48.81,18.82,103246.81,27.69,79.19,100451.27,182.89,100,-20305.66,0.69,4.76,24677,5.35,5.19
10-07-2026 14:37:02,48.87,18.83,103239.25,27.64,80.44,100453.62,182.89,100,-20305.66,0.83,4.56,23085,5.36,5.25
10-07-2026 14:38:02,48.9,18.83,103247.46,27.98,78.78,100450.27,182.89,100,-20305.66,0.75,4.81,21856,5.35,5.29
10-07-2026 14:39:02,48.94,18.84,103241.21,28.07,78.55,100450.9,182.89,100,-20305.66,0.64,5.67,21223,5.37,5.32
10-07-2026 14:40:02,49,18.89,103252.42,28.64,75.28,100444.96,182.89,100,-20305.66,0.72,4.53,19053,5.47,5.40
10-07-2026 14:41:02,49.06,18.83,103240.12,28.34,76.52,100446.49,182.89,100,-20305.66,0.81,4.82,18709,5.44,5.41
10-07-2026 14:42:02,49.05,18.87,103249.24,28.47,76.45,100444.26,182.89,100,-20305.66,0.77,5.25,16620,5.48,5.48
10-07-2026 14:43:02,49.11,18.88,103256.32,28.54,76.67,100442.59,182.89,100,-20305.66,0.68,4.99,14293,5.48,5.57
10-07-2026 14:44:02,49.15,18.86,103244.02,28.33,76.84,100442.94,182.89,100,-20305.66,0.91,5.4,13651,5.5,5.59
10-07-2026 14:45:02,49.12,18.81,103241.16,28.21,77.83,100448.42,182.89,100,-20305.66,0.71,4.77,12912,5.5,5.62
10-07-2026 14:46:02,49.15,18.84,103236.15,28.7,76.02,100439.6,182.89,100,-20305.66,0.8,4.58,11374,5.42,5.68
10-07-2026 14:47:02,49.28,18.92,103229.55,28.75,76.46,100437.75,182.89,100,-20305.66,0.68,4.49,11126,5.44,5.69
10-07-2026 14:48:02,49.32,18.85,103234.57,28.75,75.6,100442.19,182.89,100,-20305.66,0.69,4.62,8031,5.46,5.80
10-07-2026 14:49:02,49.21,18.8,103235.7,28.25,77.12,100441.38,182.89,100,-20305.66,0.87,5.07,5852,5.5,5.88
10-07-2026 14:50:02,49.06,18.89,103249.32,28.02,78.44,100439.91,182.89,100,-20305.66,0.7,4.96,5575,5.44,5.89
10-07-2026 14:51:02,49,19.19,103248.55,28.28,77.12,100442.38,182.89,100,-20305.66,0.74,4.11,3842,5.48,5.95
10-07-2026 14:52:02,49.07,18.9,103236.22,28.12,78.24,100437.33,182.89,100,-20305.66,0.82,4.93,3577,5.52,5.96
10-07-2026 14:53:02,48.99,18.91,103231.04,27.92,78.82,100437.47,182.89,100,-20305.66,0.71,4.96,1916,5.44,6.02
10-07-2026 14:54:02,49.01,18.87,103236.89,28.05,77.91,100440.1,182.89,100,-20305.66,0.66,4.94,2296,5.48,6.01
10-07-2026 14:55:02,49.01,18.92,103239.88,28.2,77.81,100438.42,182.89,100,-20305.66,0.68,4.64,-441,5.51,6.11
10-07-2026 14:56:03,49.01,18.92,103239.52,28.32,77.17,100438.45,182.89,100,-20305.66,0.69,4.52,-2250,5.53,6.18
10-07-2026 14:57:02,49.02,18.96,103237.56,28.09,77.94,100437.8,182.89,100,-20305.66,0.7,4.76,-2385,5.45,6.18
10-07-2026 14:58:03,49,18.94,103224.04,28.57,75.36,100433.44,182.89,100,-20305.66,0.8,4.76,-2626,5.44,6.19
10-07-2026 14:59:03,49.02,18.94,103228.46,28.48,76.11,100431,182.89,100,-20305.66,0.76,4.77,-4799,5.44,6.27
10-07-2026 15:00:00,49,18.96,103232.6,28.21,77.54,100432.78,182.89,100,-20305.66,0.68,5.05,-5860,5.44,6.31
10-07-2026 15:01:00,48.93,18.9,103217.84,28.57,74.87,100432.92,182.89,100,-20305.66,0.79,4,-7498,5.5,6.37
10-07-2026 15:02:01,48.9,18.96,103232.91,28.17,77.22,100433,182.89,100,-20305.66,0.7,5.12,-8952,5.53,6.42
10-07-2026 15:03:00,48.89,18.94,103232.8,28.29,76.81,100435.46,182.89,100,-20305.66,0.68,4.15,-10251,5.45,6.47
10-07-2026 15:04:01,48.86,18.93,103221.03,28.19,77.11,100432.25,182.89,100,-20305.66,0.69,4.72,-11627,5.49,6.52
10-07-2026 15:05:01,48.85,18.93,103224.58,28.2,76.64,100431.78,182.89,100,-20305.66,0.74,5.02,-12778,5.49,6.56
10-07-2026 15:06:01,48.92,18.99,103226.22,28.48,76.26,100424.05,182.89,100,-20305.66,0.8,4.14,-14137,5.44,6.61
10-07-2026 15:07:01,49.04,18.96,103224.13,28.21,77.95,100427.83,182.89,100,-20305.66,0.71,5.05,-15058,5.45,6.64
10-07-2026 15:08:01,49.06,18.91,103229.14,28.52,75.93,100424.72,182.89,100,-20305.66,0.89,5.58,-16088,5.45,6.68
10-07-2026 15:09:01,49.04,18.87,103223.05,28.44,75.84,100426.55,182.89,100,-20305.66,0.66,5.48,-17405,5.46,6.73
10-07-2026 15:10:01,49.06,18.9,103219.14,28.19,77.65,100430.46,182.89,100,-20305.66,0.74,4.81,-19450,5.47,6.81
10-07-2026 15:11:01,49.07,18.96,103224.7,28.15,78.68,100427.64,182.89,100,-20305.66,0.76,5.46,-19957,5.53,6.82
10-07-2026 15:12:01,49.14,19.01,103222.59,28.14,79.27,100421.5,182.89,100,-20305.66,0.71,5.18,-20815,5.53,6.85
10-07-2026 15:13:01,49.29,18.97,103215.19,28.2,78.85,100426.36,182.89,100,-20305.66,0.72,4.37,-22071,5.51,6.90
10-07-2026 15:14:01,49.36,18.91,103222.11,28.23,79.14,100424.16,182.89,100,-20305.66,0.69,4.33,-24600,5.48,6.99
10-07-2026 15:15:01,49.46,18.91,103218.46,28.31,79.13,100421.46,182.89,100,-20305.66,0.68,5.6,-25110,5.52,7.01
10-07-2026 15:16:01,49.55,18.88,103226.89,28.31,78.95,100421.11,182.89,100,-20305.66,0.67,5.5,-26320,5.5,7.06
10-07-2026 15:17:01,49.62,18.89,103212.22,28.44,78.75,100413.1,182.89,100,-20305.66,0.72,4.44,-28156,5.58,7.12
10-07-2026 15:18:01,49.67,18.84,103206.76,28.61,78.34,100413.8,182.89,100,-20305.66,0.7,5.66,-30029,5.53,7.19
10-07-2026 15:19:01,49.74,18.83,103212.36,28.52,78.91,100410.14,182.89,100,-20305.66,0.76,4.7,-31039,5.51,7.23
10-07-2026 15:20:01,49.76,18.8,103203.25,28.29,79.53,100406.19,182.89,100,-20305.66,0.73,4.78,-32465,5.53,7.28
10-07-2026 15:21:01,49.79,18.85,103221.91,28.48,79.5,100407.08,182.89,100,-20305.66,0.66,4.68,-33642,5.53,7.32
10-07-2026 15:22:01,49.8,18.79,103188.61,28.26,80.24,100405.47,182.89,100,-20305.66,0.71,5.24,-33935,5.56,7.34
10-07-2026 15:23:01,49.85,18.79,103203.32,28.48,79.2,100407.85,182.89,100,-20305.66,0.69,5.03,-35732,5.58,7.40
10-07-2026 15:24:01,49.92,18.77,103198.13,28.6,78.82,100404.15,182.89,100,-20305.66,0.78,4.55,-37026,5.57,7.45
10-07-2026 15:25:01,49.96,18.74,103196.48,28.39,79.89,100402.22,182.89,100,-20305.66,0.72,5.26,-37906,5.5,7.48
10-07-2026 15:26:01,49.96,18.77,103197.33,28.4,80.07,100400.41,182.89,100,-20305.66,0.85,5.29,-38999,5.58,7.52
10-07-2026 15:27:01,49.95,18.77,103196.72,28.57,79.24,100400.07,182.89,100,-20305.66,0.83,4.95,-40988,5.58,7.59
10-07-2026 15:28:01,49.91,18.72,103193.08,28.65,78.05,100402.08,182.89,100,-20305.66,0.69,4.69,-42270,5.49,7.64
10-07-2026 15:29:01,49.85,18.73,103188.33,28.56,78.44,100398.89,182.89,100,-20305.66,0.74,5.11,-43518,5.47,7.69
10-07-2026 15:30:01,49.8,18.74,103193.14,28.54,78.33,100399.49,182.89,100,-20305.66,0.73,4.78,-44706,5.5,7.73
10-07-2026 15:31:02,49.75,18.77,103189.81,28.63,78.1,100397.39,182.89,100,-20305.66,0.74,4.17,-46391,5.51,7.79
10-07-2026 15:32:02,49.71,18.77,103198.14,28.13,80.31,100401.9,182.89,100,-20305.66,0.69,4.31,-47142,5.52,7.82
10-07-2026 15:33:02,49.69,18.82,103205.75,28.44,78.83,100398.61,182.89,100,-20305.66,0.7,4.92,-48878,5.5,7.88
10-07-2026 15:34:02,49.67,18.8,103187.11,28.26,79.67,100394.57,182.89,100,-20305.66,0.79,5.6,-50130,5.5,7.93
10-07-2026 15:35:02,49.57,18.87,103189.35,27.82,81.83,100399.59,182.89,100,-20305.66,0.75,5.03,-51906,5.52,7.99
10-07-2026 15:36:02,49.49,18.91,103197.47,27.71,82.55,100400.13,182.89,100,-20305.66,0.81,5.29,-52094,5.49,8.00
10-07-2026 15:37:02,49.49,18.91,103189.1,27.6,82.9,100399.3,182.89,100,-20305.66,0.81,4.68,-53416,5.53,8.05
10-07-2026 15:38:02,49.39,18.9,103193.27,27.39,83.86,100395.88,182.89,100,-20305.66,0.76,5.14,-53939,5.59,8.07
10-07-2026 15:39:02,49.3,18.96,103177.85,27.32,84.33,100399.16,182.89,100,-20305.66,0.76,5.17,-56204,5.57,8.15
10-07-2026 15:40:02,49.27,18.97,103190.67,27.4,83.84,100393.69,182.89,100,-20305.66,0.75,4.67,-57126,5.49,8.18
10-07-2026 15:41:02,49.28,18.96,103183.14,27.33,83.91,100395.38,182.89,100,-20305.66,0.82,4.72,-58938,5.52,8.25
10-07-2026 15:42:02,49.19,19,103180.88,27.23,84.99,100394.28,182.89,100,-20305.66,0.68,4.53,-59441,5.57,8.27
10-07-2026 15:43:02,49.2,19.03,103180.64,27.53,83.37,100390.75,182.89,100,-20305.66,0.7,4.02,-61449,5.48,8.34
10-07-2026 15:44:02,49.18,19.03,103199.46,27.41,83.78,100390.94,182.89,100,-20305.66,0.82,5.56,-62616,5.58,8.39
10-07-2026 15:45:02,49.15,19.01,103200.66,27.37,83.83,100388.05,182.89,100,-20305.66,0.82,5.06,-63536,5.54,8.42
10-07-2026 15:46:02,49.11,19.07,103180.85,27.29,84.59,100391.67,182.89,100,-20305.66,0.78,4.71,-65404,5.49,8.49
10-07-2026 15:47:02,49.09,19.1,103180.49,27.14,85.2,100389.58,182.89,100,-20305.66,0.82,4.89,-66555,5.57,8.53
10-07-2026 15:48:02,49.07,19.05,103175.83,27.18,84.89,100392.05,182.89,100,-20305.66,0.75,5.01,-67554,5.6,8.57
10-07-2026 15:49:02,49.05,19.13,103183.14,27.47,82.78,100385.53,182.89,100,-20305.66,0.84,5.03,-68888,5.59,8.61
10-07-2026 15:50:02,48.93,19.12,103189.19,26.78,86.33,100387.86,182.89,100,-20305.66,0.92,4.25,-71171,5.61,8.70
10-07-2026 15:51:02,48.89,19.14,103171.58,27.04,85.28,100389.43,182.89,100,-20305.66,0.72,5.23,-72130,5.57,8.73
10-07-2026 15:52:02,48.91,19.17,103179.28,26.9,86.35,100389.42,182.89,100,-20305.66,0.78,5,-74115,5.52,8.81
10-07-2026 15:53:02,48.88,19.19,103180.13,26.87,86.52,100387.71,182.89,100,-20305.66,0.73,5.43,-75084,5.53,8.84
10-07-2026 15:54:02,48.92,19.2,103169.78,26.98,86.18,100387.88,182.89,100,-20305.66,0.66,4.26,-76684,5.62,8.90
10-07-2026 15:55:02,48.95,19.18,103173.27,27.32,84.46,100384.47,182.89,100,-20305.66,0.73,4.86,-77812,5.55,8.94
10-07-2026 15:56:02,48.98,19.17,103179.93,27.2,84.79,100385.89,182.89,100,-20305.66,0.67,5.69,-79337,5.52,9.00
10-07-2026 15:57:02,48.94,19.1,103175.64,27.22,84.21,100381.25,182.89,100,-20305.66,0.79,5.06,-79986,5.61,9.02
10-07-2026 15:58:02,48.89,19.19,103163.75,27.09,85.17,100384.71,182.89,100,-20305.66,0.73,4.47,-82179,5.53,9.10
10-07-2026 15:59:03,48.93,19.18,103176.99,27.29,84.52,100382.25,182.89,100,-20305.66,0.75,5.01,-83567,5.58,9.15
10-07-2026 16:00:00,48.89,19.19,103175.92,26.87,86.46,100379.9,182.89,100,-20305.66,0.74,5.27,-84800,5.58,9.20
10-07-2026 16:01:01,48.86,19.15,103169.02,26.93,86.28,100381.89,182.89,100,-20305.66,0.85,4.21,-86754,5.53,9.27
10-07-2026 16:02:01,48.87,19.2,103163.81,26.93,86.25,100381.96,182.89,100,-20305.66,0.72,4.15,-88502,5.63,9.33
10-07-2026 16:03:01,48.92,19.19,103163.68,26.99,86.24,100375.9,182.89,100,-20305.66,0.79,4.79,-90818,5.61,9.42
10-07-2026 16:04:01,49.01,19.13,103160.52,27.25,85.07,100374.41,182.89,100,-20305.66,0.79,4.31,-91798,5.59,9.45
10-07-2026 16:05:01,48.99,19.13,103164.05,26.81,87.14,100369.28,182.89,100,-20305.66,0.85,4.78,-92673,5.61,9.49
10-07-2026 16:06:01,48.96,19.1,103164.44,26.97,86.38,100368.61,182.89,100,-20305.66,0.74,4.46,-95517,5.59,9.59
10-07-2026 16:07:01,49.03,19.11,103164.08,27.21,85.52,100360.88,182.89,100,-20305.66,0.72,4.85,-95160,5.52,9.58
10-07-2026 16:08:01,49.1,19.1,103157,27.3,85.03,100361.5,182.89,100,-20305.66,0.73,4.76,-97429,5.54,9.66
10-07-2026 16:09:01,49.14,19.05,103151.6,27.08,86.24,100359.67,182.89,100,-20305.66,0.67,4.86,-100142,5.55,9.76
10-07-2026 16:10:01,49.22,19.07,103153.28,27.25,85.84,100357.6,182.89,100,-20305.66,0.87,5,-100289,5.6,9.76
10-07-2026 16:11:01,49.27,19.03,103146.15,27.29,85.8,100358.37,182.89,100,-20305.66,0.72,3.94,-101386,5.6,9.80
10-07-2026 16:12:01,49.3,19.01,103147.52,27.3,85.53,100355.81,182.89,100,-20305.66,0.95,5.26,-102619,5.56,9.85
10-07-2026 16:13:01,49.28,18.95,103145.27,27.24,85.6,100355.77,182.89,100,-20305.66,0.73,4.63,-102980,5.5,9.86
10-07-2026 16:14:01,49.28,18.98,103143.13,27.25,85.43,100352.88,182.89,100,-20305.66,0.78,4.89,-104912,5.55,9.93
10-07-2026 16:15:01,49.25,18.92,103141.94,27.04,86.07,100356.35,182.89,100,-20305.66,0.72,4.6,-104438,5.57,9.92
10-07-2026 16:16:01,49.27,18.97,103147.78,27.1,86.36,100351.84,182.89,100,-20305.66,0.81,4.62,-106830,5.5,10.00
10-07-2026 16:17:01,49.28,18.93,103143.67,27.33,84.46,100350.88,182.89,100,-20305.66,0.76,5.06,-107869,5.5,10.04
10-07-2026 16:18:01,49.3,18.98,103143.44,27.61,83.64,100353.36,182.89,100,-20305.66,0.71,4.49,-110236,5.55,10.13
10-07-2026 16:19:01,49.29,18.95,103142.66,27.13,85.86,100351.83,182.89,100,-20305.66,0.76,4.61,-110552,5.6,10.14
10-07-2026 16:20:01,49.22,19.02,103134.66,27.25,85.49,100348.39,182.89,100,-20305.66,0.74,5.04,-112343,5.61,10.21
10-07-2026 16:21:01,49.23,19.02,103143.39,27.14,85.89,100344.34,182.89,100,-20305.66,0.79,4.56,-112042,5.61,10.19
10-07-2026 16:22:01,49.27,19.06,103141.76,27.28,85.76,100347.35,182.89,100,-20305.66,0.66,4.66,-109905,5.61,10.12
10-07-2026 16:23:01,49.33,19,103136.61,27.23,85.84,100343,182.89,100,-20305.66,0.83,4.5,-114723,5.63,10.29
10-07-2026 16:24:01,49.35,18.96,103143.5,27.06,86.69,100342.85,182.89,100,-20305.66,0.73,4.66,-115837,5.62,10.33
10-07-2026 16:25:01,49.36,18.97,103134.64,27.08,86.92,100339.94,182.89,100,-20305.66,0.72,4.79,-114892,5.63,10.30
10-07-2026 16:26:01,49.35,19,103136.22,27.42,85.36,100344.42,182.89,100,-20305.66,0.78,4.87,-116746,5.61,10.37
10-07-2026 16:27:01,49.42,19,103133.67,27.27,86.08,100344.14,182.89,100,-20305.66,0.82,4.41,-117837,5.63,10.41
10-07-2026 16:28:02,49.45,19,103139.33,27.4,85.91,100344.52,182.89,100,-20305.66,0.68,4.2,-115757,5.55,10.33
10-07-2026 16:29:02,49.5,18.99,103127.22,27.52,85.18,100342.5,182.89,100,-20305.66,0.73,4.83,-119153,5.59,10.45
10-07-2026 16:30:02,49.46,18.98,103136.28,27.35,85.66,100345.55,182.89,100,-20305.66,0.7,4.97,-120198,5.59,10.49
10-07-2026 16:31:02,49.43,18.96,103136.18,27.36,85.41,100345.03,182.89,100,-20305.66,0.76,4.38,-124702,5.53,10.66
10-07-2026 16:32:02,49.38,18.96,103135.96,27.02,86.76,100343.16,182.89,100,-20305.66,0.78,5.33,-125839,5.57,10.70
10-07-2026 16:33:02,49.28,18.96,103119.61,27.29,85.16,100337.71,182.89,100,-20305.66,0.71,4.75,-130110,5.58,10.86
10-07-2026 16:34:02,49.26,18.96,103130.6,26.94,86.96,100334.07,182.89,100,-20305.66,0.78,4.82,-132151,5.52,10.93
10-07-2026 16:35:02,49.28,19,103138.3,27.3,85.19,100339.09,182.89,100,-20305.66,0.71,4.66,-130994,5.46,10.89
10-07-2026 16:36:02,49.25,18.96,103126.49,27.02,86.57,100337.51,182.89,100,-20305.66,0.84,4.54,-129330,5.57,10.83
10-07-2026 16:37:02,49.19,18.92,103121.9,27.09,85.62,100333.44,182.89,100,-20305.66,0.73,4.89,-132529,5.49,10.94
10-07-2026 16:38:02,48.99,18.94,103122.75,26.83,86.28,100334.68,182.89,100,-20305.66,0.69,5.19,-134362,5.54,11.01
10-07-2026 16:39:02,48.9,18.99,103130.07,27.02,85.14,100330.48,182.89,100,-20305.66,0.8,3.79,-134790,5.47,11.03
10-07-2026 16:40:02,48.85,19.09,103123.45,26.89,86.21,100333.51,182.89,100,-20305.66,1.05,4.89,-137685,5.55,11.13
10-07-2026 16:41:02,48.84,19.05,103135.35,26.76,86.64,100334.42,182.89,100,-20305.66,0.86,5.24,-138772,5.46,11.17
10-07-2026 16:42:02,48.77,19.06,103123.92,26.65,87.1,100328.92,182.89,100,-20305.66,0.77,5.31,-139470,5.49,11.20
10-07-2026 16:43:02,48.81,19.03,103135.42,26.98,85.55,100325.38,182.89,100,-20305.66,0.73,5.16,-141274,5.51,11.26
10-07-2026 16:44:02,48.8,19.06,103119.37,26.79,86.51,100325.32,182.89,100,-20305.66,0.82,5.28,-142647,5.44,11.32
10-07-2026 16:45:02,48.81,19.1,103123.42,26.88,86.09,100324.13,182.89,100,-20305.66,0.75,4.59,-144164,5.45,11.37
10-07-2026 16:46:02,48.8,19.06,103117.3,27.01,85.79,100321.83,182.89,100,-20305.66,0.86,4.91,-146700,5.55,11.46
10-07-2026 16:47:02,48.83,19.11,103119.71,26.9,86.38,100320.59,182.89,100,-20305.66,0.71,5.44,-146888,5.47,11.47
10-07-2026 16:48:02,48.92,19.07,103116.33,27.02,85.72,100317.02,182.89,100,-20305.66,0.72,5.2,-148968,5.54,11.55
10-07-2026 16:49:02,48.93,19.05,103114.13,26.91,86.58,100314.78,182.89,100,-20305.66,0.95,4.76,-147624,5.56,11.50
10-07-2026 16:50:02,49.02,18.96,103105.22,27.16,85.02,100320.83,182.89,100,-20305.66,0.75,4.67,-151373,5.54,11.63
10-07-2026 16:51:02,49.07,19.01,103101.8,27.33,84.34,100319.32,182.89,100,-20305.66,0.79,5.09,-151561,5.46,11.64
10-07-2026 16:52:02,49.05,18.94,103107.8,27.1,85.43,100318.89,182.89,100,-20305.66,0.78,4.6,-153062,5.51,11.70
10-07-2026 16:53:02,48.95,18.95,103109.33,26.89,86.14,100316.88,182.89,100,-20305.66,0.69,5.28,-155505,5.53,11.79
10-07-2026 16:54:02,49,18.97,103117.75,27.11,85.26,100322.53,182.89,100,-20305.66,0.8,4.52,-155607,5.51,11.79
10-07-2026 16:55:03,49.09,18.94,103109.38,27.41,83.94,100319.43,182.89,100,-20305.66,0.71,4.68,-156971,5.43,11.84
10-07-2026 16:56:02,49.17,18.92,103115.81,27.42,84.14,100319.57,182.89,100,-20305.66,0.69,4.3,-158222,5.51,11.89
10-07-2026 16:57:03,49.25,18.88,103111.48,27.39,84.46,100317.75,182.89,100,-20305.66,0.65,4.27,-159349,5.51,11.93
10-07-2026 16:58:03,49.37,18.87,103121.1,27.75,82.85,100316.12,182.89,100,-20305.66,0.66,4.6,-160795,5.48,11.98
10-07-2026 16:59:03,49.51,18.83,103101.83,27.95,82.28,100316.72,182.89,100,-20305.66,0.86,4.72,-161162,5.53,11.99
10-07-2026 17:00:00,49.54,18.69,103117.95,27.86,81.62,100312.74,182.89,100,-20305.66,0.7,4.72,-161671,5.54,12.01
10-07-2026 17:01:01,49.49,18.79,103109.42,27.75,82.73,100311.6,182.89,100,-20305.66,0.71,3.95,-163327,5.55,12.07
10-07-2026 17:02:00,49.54,18.81,103105.33,28.23,80.41,100314.42,182.89,100,-20305.66,0.74,5.09,-164013,5.51,12.10
10-07-2026 17:03:01,49.61,18.77,103102.52,28.01,81.36,100310.03,182.89,100,-20305.66,0.59,5.24,-164822,5.51,12.13
10-07-2026 17:04:01,49.62,18.72,103106.27,28.05,80.94,100305.21,182.89,100,-20305.66,0.72,4.79,-166554,5.47,12.19
10-07-2026 17:05:01,49.62,18.75,103110.35,27.97,81.72,100305.44,182.89,100,-20305.66,0.8,4.7,-165409,5.55,12.15
10-07-2026 17:06:01,49.59,18.74,103090.71,27.73,82.58,100303.95,182.89,100,-20305.66,0.69,4.33,-165688,5.49,12.16
10-07-2026 17:07:01,49.56,18.74,103094.24,27.78,82.08,100300.86,182.89,100,-20305.66,0.78,4.88,-166479,5.48,12.19
10-07-2026 17:08:01,49.44,18.72,103094.82,27.83,81.49,100300.02,182.89,100,-20305.66,0.72,4.56,-167965,5.49,12.24
10-07-2026 17:09:01,49.38,18.77,103101.96,27.66,82.22,100298.72,182.89,100,-20305.66,0.92,4.89,-168266,5.51,12.25
10-07-2026 17:10:01,49.36,18.73,103094.36,27.36,83.74,100304.67,182.89,100,-20305.66,0.72,4.08,-170863,5.43,12.35
10-07-2026 17:11:01,49.44,18.73,103086.98,27.8,81.82,100300.33,182.89,100,-20305.66,0.67,4.44,-171623,5.5,12.38
10-07-2026 17:12:01,49.44,18.71,103089.21,27.78,81.3,100299.58,182.89,100,-20305.66,0.73,4.66,-172278,5.49,12.40
10-07-2026 17:13:01,49.5,18.73,103092.44,27.85,81.84,100300.42,182.89,100,-20305.66,0.72,4.37,-173406,5.44,12.44
10-07-2026 17:14:01,49.57,18.69,103080.69,27.9,81.36,100299.23,182.89,100,-20305.66,0.97,4.31,-174012,5.44,12.46
10-07-2026 17:15:01,49.57,18.74,103109.95,27.81,82.21,100302.09,182.89,100,-20305.66,0.72,5.13,-174871,5.44,12.49
10-07-2026 17:16:01,49.56,18.69,103090.75,27.88,81.46,100300.02,182.89,100,-20305.66,0.79,4.82,-176021,5.48,12.54
10-07-2026 17:17:01,49.55,18.7,103093.08,27.73,82.35,100304.07,182.89,100,-20305.66,0.69,4.54,-177076,5.51,12.58
10-07-2026 17:18:01,49.5,18.69,103090.67,27.6,82.74,100303.82,182.89,100,-20305.66,0.76,4.87,-178622,5.48,12.63
10-07-2026 17:19:01,49.56,18.68,103104.55,27.69,82.17,100296.64,182.89,100,-20305.66,0.71,4.51,-179895,5.45,12.68
10-07-2026 17:20:01,49.64,18.67,103100.44,28.05,81.18,100302.13,182.89,100,-20305.66,0.68,4.83,-180310,5.42,12.69
10-07-2026 17:21:01,49.72,18.67,103101.25,28.21,80.59,100296.36,182.89,100,-20305.66,0.71,5.27,-181635,5.51,12.74
10-07-2026 17:22:01,49.81,18.66,103087.86,28.28,80.4,100292.11,182.89,100,-20305.66,0.72,4.66,-182245,5.47,12.76
10-07-2026 17:23:01,49.85,18.67,103086.92,28.26,80,100286.85,182.89,100,-20305.66,0.66,4.68,-183691,5.46,12.82
10-07-2026 17:24:01,49.88,18.62,103095.34,28.24,80.41,100287.21,182.89,100,-20305.66,0.74,4.45,-184762,5.44,12.86
10-07-2026 17:25:01,49.85,18.52,103077.78,28.33,79.61,100281.1,182.89,100,-20305.66,0.67,4.48,122467,5.44,1.61
10-07-2026 17:26:01,49.8,18.6,103071.07,28.02,81.35,100277.52,182.89,100,-20305.66,0.73,4.84,123984,5.4,1.55
10-07-2026 17:27:01,49.86,18.65,103086.94,28.21,80.88,100283.41,182.89,100,-20305.66,0.79,5.08,126439,5.42,1.46
10-07-2026 17:28:01,49.85,18.58,103077.78,28.25,79.67,100278.18,182.89,100,-20305.66,0.71,4.52,178152,5.47,-0.43
10-07-2026 17:29:01,49.91,18.58,103061.35,28.29,80.15,100279.07,182.89,100,-20305.66,0.63,4.66,190311,5.49,-0.87
10-07-2026 17:30:02,49.87,18.56,103067.29,28.05,80.9,100273.1,182.89,100,-20305.66,0.69,4.57,-455332,5.44,22.76
10-07-2026 17:31:02,49.81,18.58,103066.5,28.05,80.38,100277.94,182.89,100,-20305.66,0.73,4.89,-660680,5.46,30.28
10-07-2026 17:32:02,49.76,18.56,103073.21,27.89,80.98,100269.85,182.89,100,-20305.66,0.94,4.7,-686588,5.48,31.23
10-07-2026 17:33:02,49.63,18.52,103064.31,27.62,81.82,100266.89,182.89,100,-20305.66,0.8,4.91,-463730,5.43,23.07
10-07-2026 17:34:02,49.62,18.66,103063.89,28.05,80.37,100264.71,182.89,100,-20305.66,0.72,4.71,-554879,5.48,26.41
10-07-2026 17:35:02,49.65,18.6,103054.71,27.94,80.82,100260.24,182.89,100,-20305.66,0.81,4.04,-462987,5.43,23.04
10-07-2026 17:36:02,49.64,18.58,103039.1,28.41,78.62,100254.67,182.89,100,-20305.66,0.72,4.77,-505039,5.43,24.58
10-07-2026 17:37:02,49.64,18.58,103053.81,28.17,79.5,100256.99,182.89,100,-20305.66,0.77,4.4,-412691,5.48,21.20
10-07-2026 17:38:02,49.66,18.56,103047.44,28.39,78.49,100255.14,182.89,100,-20305.66,0.7,4.28,-448666,5.43,22.52
10-07-2026 17:39:02,49.69,18.56,103050.61,28.21,79.65,100251.11,182.89,100,-20305.66,0.64,4.06,93811,5.38,2.66
10-07-2026 17:40:02,49.78,18.53,103045.29,28.53,78.05,100250.78,182.89,100,-20305.66,0.7,5.12,182944,5.38,-0.60
10-07-2026 17:41:02,49.79,18.52,103041.41,28.4,78.94,100251.3,182.89,100,-20305.66,0.77,4.86,-95717,5.37,9.60
10-07-2026 17:43:02,49.8,18.49,103034.53,28.33,78.82,100247.47,182.89,100,-20305.66,0.72,5.23,97893,5.39,2.51
10-07-2026 17:44:02,49.74,18.53,103037.71,28.07,79.98,100247.71,182.89,100,-20305.66,0.68,4.6,101128,5.42,2.39
10-07-2026 17:45:02,49.75,18.58,103043.03,28.48,78.43,100250.71,182.89,100,-20305.66,0.69,4.53,98930,5.39,2.47
10-07-2026 17:46:02,49.77,18.6,103037.67,28.48,78.52,100248.32,182.89,100,-20305.66,0.7,4.07,112576,5.45,1.97
10-07-2026 17:47:02,49.82,18.49,103027.51,28.55,78.25,100242.72,182.89,100,-20305.66,0.71,4.53,114414,5.42,1.90
10-07-2026 17:48:02,49.82,18.51,103035.26,28.13,80.18,100246.66,182.89,100,-20305.66,0.85,5.12,92022,5.36,2.72
10-07-2026 17:49:02,49.8,18.51,103030.28,28.54,77.92,100246.35,182.89,100,-20305.66,0.66,4.21,72080,5.37,3.45
10-07-2026 17:50:02,49.77,18.5,103040.41,28.12,79.65,100239.79,182.89,100,-20305.66,0.75,5,182712,5.44,-0.60
10-07-2026 17:51:02,49.65,18.56,103047.35,27.79,81.37,100243.95,182.89,100,-20305.66,0.72,4.56,183465,5.43,-0.62
10-07-2026 17:52:02,49.63,18.58,103034.19,27.97,80.65,100243.96,182.89,100,-20305.66,0.72,4.9,186338,5.44,-0.73
10-07-2026 17:53:02,49.57,18.57,103031.6,27.59,81.92,100243.29,182.89,100,-20305.66,0.69,4.14,187128,5.42,-0.76
10-07-2026 17:54:02,49.46,18.59,103026.39,27.66,81.68,100241.52,182.89,100,-20305.66,0.73,4.32,185638,5.35,-0.70
10-07-2026 17:55:02,49.44,18.53,103042.48,27.86,79.96,100236.74,182.89,100,-20305.66,0.67,4.77,184339,5.37,-0.66
10-07-2026 17:56:02,49.47,18.5,103026.57,27.82,80.09,100235.62,182.89,100,-20305.66,0.73,4.73,183961,5.29,-0.64
10-07-2026 17:57:02,49.36,18.55,103036.07,27.69,80.43,100240.83,182.89,100,-20305.66,0.72,4.2,181979,5.36,-0.57
10-07-2026 17:58:03,49.3,18.54,103036.16,27.85,80,100240.23,182.89,100,-20305.66,0.7,4.33,182452,5.38,-0.59
10-07-2026 17:59:03,49.24,18.59,103030.13,27.71,80.08,100236.36,182.89,100,-20305.66,0.76,4.37,181675,5.39,-0.56
10-07-2026 18:00:00,49.04,18.68,103034.79,27.25,81.83,100241.44,182.89,100,-20305.66,0.74,4.33,183079,5.39,-0.61
10-07-2026 18:01:00,48.98,18.73,103035.08,27.5,81.3,100239.78,182.89,100,-20305.66,0.68,5.16,182476,5.34,-0.59
10-07-2026 18:02:00,49,18.69,103039.83,27.61,79.97,100240.58,182.89,100,-20305.66,0.88,4.55,182627,5.43,-0.59
10-07-2026 18:03:01,48.91,18.75,103034.74,27.42,81.5,100244.67,182.89,100,-20305.66,0.66,4.77,182400,5.42,-0.58
10-07-2026 18:04:01,48.95,18.68,103019.31,27.25,81.53,100235.39,182.89,100,-20305.66,0.78,4.67,181505,5.31,-0.55
10-07-2026 18:05:01,48.79,18.65,103031.77,27.16,81.49,100244.99,182.89,100,-20305.66,0.69,4.88,180876,5.34,-0.53
10-07-2026 18:06:01,48.8,18.67,103030.38,27.43,80.46,100238.92,182.89,100,-20305.66,0.76,4.48,186877,5.34,-0.75
10-07-2026 18:07:01,48.62,18.9,103023.3,27.31,81.08,100243.92,182.89,100,-20305.66,0.73,4.93,180586,5.35,-0.52
10-07-2026 18:08:01,48.59,18.91,103036.75,27.42,80.81,100241.94,182.89,100,-20305.66,0.71,3.64,179823,5.34,-0.49
10-07-2026 18:09:01,48.55,18.93,103047.51,27.5,80.21,100238.32,182.89,100,-20305.66,0.79,4.72,179379,5.35,-0.47
10-07-2026 18:10:01,48.51,18.96,103039.25,27.24,81.65,100240.62,182.89,100,-20305.66,0.78,4.65,181053,5.35,-0.53
10-07-2026 18:11:01,48.52,19.05,103038.44,27.35,81.51,100237.36,182.89,100,-20305.66,0.76,5.23,180307,5.41,-0.51
10-07-2026 18:12:01,48.55,19.05,103029.57,27.39,81.17,100237.33,182.89,100,-20305.66,0.77,4.92,180770,5.47,-0.52
10-07-2026 18:13:01,48.67,18.98,103036.67,28.09,77.57,100234.92,182.89,100,-20305.66,0.7,5.11,180381,5.44,-0.51
10-07-2026 18:14:01,48.74,19,103035.07,27.92,78.82,100238.57,182.89,100,-20305.66,0.66,4.69,180306,5.42,-0.51
10-07-2026 18:15:01,48.7,18.98,103040.44,27.67,79.85,100235.53,182.89,100,-20305.66,0.88,4.86,180225,5.47,-0.50
10-07-2026 18:16:01,48.61,19,103028.97,27.2,81.79,100234.25,182.89,100,-20305.66,0.79,4.7,179949,5.43,-0.49
10-07-2026 18:17:01,48.56,19.04,103023.28,27.22,82.02,100233.16,182.89,100,-20305.66,0.82,5.19,180390,5.4,-0.51
10-07-2026 18:18:01,48.54,19.08,103044.72,27.11,82.31,100239.33,182.89,100,-20305.66,0.71,4.75,180180,5.44,-0.50
10-07-2026 18:19:01,48.57,19.06,103028.67,27.5,80.96,100235.87,182.89,100,-20305.66,0.66,4.46,179595,5.5,-0.48
10-07-2026 18:20:01,48.64,19.08,103036.96,27.53,80.55,100236.88,182.89,100,-20305.66,0.99,5.14,179623,5.48,-0.48
10-07-2026 18:21:01,48.58,19.05,103036,27.13,82.55,100235.67,182.89,100,-20305.66,0.77,5.08,179403,5.45,-0.47
10-07-2026 18:22:01,48.5,19.05,103028.66,27.07,82.74,100239.14,182.89,100,-20305.66,0.84,4.38,179808,5.47,-0.49
10-07-2026 18:23:01,48.45,19.17,103030.91,27.12,82.89,100239.03,182.89,100,-20305.66,0.79,4.86,179636,5.47,-0.48
10-07-2026 18:24:01,48.51,19.16,103028.36,27.24,82.5,100236.32,182.89,100,-20305.66,0.81,4.54,178999,5.48,-0.46
10-07-2026 18:25:01,48.51,19.12,103029.36,27.42,80.72,100241.77,182.89,100,-20305.66,0.78,4.81,179038,5.48,-0.46
10-07-2026 18:26:01,48.46,19.17,103043.71,27.3,82.06,100240.07,182.89,100,-20305.66,0.7,3.78,178859,5.46,-0.45
10-07-2026 18:27:01,48.37,19.47,103040.6,27.33,81.91,100243.1,182.89,100,-20305.66,0.72,4.67,178688,5.56,-0.45
10-07-2026 18:28:01,48.42,19.51,103046.66,27.23,82.73,100245.15,182.89,100,-20305.66,0.75,4.62,180773,5.56,-0.52
10-07-2026 18:29:01,48.41,19.54,103031.83,27.21,82.68,100247.47,182.89,100,-20305.66,0.8,5.14,179410,5.55,-0.47
10-07-2026 18:30:01,48.36,19.52,103044.67,27.17,82.84,100245.23,182.89,100,-20305.66,1.1,5.11,178984,5.58,-0.46
10-07-2026 18:31:02,48.26,19.58,103023.29,26.77,84.47,100241.55,182.89,100,-20305.66,1.03,5.32,179306,5.55,-0.47
10-07-2026 18:32:02,48.11,19.66,103027.92,26.65,84.95,100244.83,182.89,100,-20305.66,0.71,4.84,179699,5.51,-0.49
10-07-2026 18:33:02,48.04,19.66,103037.11,26.66,84.98,100246.28,182.89,100,-20305.66,0.89,3.96,178530,5.57,-0.44
10-07-2026 18:34:02,48.06,19.7,103050.86,26.96,83.56,100247.97,182.89,100,-20305.66,0.72,4.81,180093,5.57,-0.50
10-07-2026 18:35:02,48.09,19.71,103034.91,27.01,83.1,100244.97,182.89,100,-20305.66,0.69,5.49,180033,5.54,-0.50
10-07-2026 18:36:02,48.06,19.7,103056.89,27.13,82.94,100250.8,182.89,100,-20305.66,0.68,5.76,179270,5.55,-0.47
10-07-2026 18:37:02,48.05,19.68,103053.92,26.95,83.27,100252.78,182.89,100,-20305.66,0.77,4.69,179646,5.56,-0.48
10-07-2026 18:38:02,47.97,19.75,103035.28,26.82,84.27,100252.92,182.89,100,-20305.66,0.8,4.85,-25357,5.56,7.02
10-07-2026 18:39:02,47.88,19.79,103036.72,26.58,85.44,100248.35,182.89,100,-20305.66,0.82,3.97,-50108,5.69,7.93
10-07-2026 18:40:02,47.89,19.74,103044.95,26.66,84.87,100246,182.89,100,-20305.66,0.66,5.02,-77062,5.59,8.91
10-07-2026 18:41:02,47.97,19.6,103050.45,26.74,84.6,100247.28,182.89,100,-20305.66,0.96,4.51,-157585,5.67,11.86
10-07-2026 18:42:02,47.92,19.59,103042.71,26.64,84.53,100245.75,182.89,100,-20305.66,0.82,5.67,178366,5.57,-0.44
10-07-2026 18:43:02,47.94,19.55,103041.64,26.67,85.44,100247.28,182.89,100,-20305.66,0.73,5.65,178200,5.63,-0.43
10-07-2026 18:44:02,48.01,19.53,103028.69,26.71,84.81,100243.48,182.89,100,-20305.66,1.01,4.57,195266,5.54,-1.06
10-07-2026 18:45:02,48.02,19.49,103034.24,26.7,84.97,100246.2,182.89,100,-20305.66,0.78,5.19,-197276,5.53,13.31
10-07-2026 18:46:02,48.01,19.5,103027.77,26.79,84.42,100243.71,182.89,100,-20305.66,0.72,5.41,-183841,5.59,12.82
10-07-2026 18:47:02,48.06,19.54,103042.86,26.76,85.11,100244.72,182.89,100,-20305.66,0.72,4.94,-548215,5.64,26.16
10-07-2026 18:48:02,48.15,19.46,103036.03,26.76,84.68,100243.74,182.89,100,-20305.66,0.73,5.28,-687630,5.62,31.27
10-07-2026 18:49:02,48.15,19.51,103038.13,26.97,84,100241.41,182.89,100,-20305.66,0.71,5.24,-695347,5.63,31.55
10-07-2026 18:50:02,48.17,19.46,103038.9,26.84,84.4,100242.46,182.89,100,-20305.66,0.8,4.74,-667876,5.62,30.54
10-07-2026 18:51:02,48.09,19.44,103029.32,26.79,84.5,100239.52,182.89,100,-20305.66,0.7,4.15,-614926,5.59,28.60
10-07-2026 18:52:02,48.03,19.48,103026.77,26.52,85.92,100239.64,182.89,100,-20305.66,0.76,5.38,-536015,5.6,25.72
10-07-2026 18:53:02,48.08,19.48,103020.08,27.05,83.04,100235.46,182.89,100,-20305.66,0.82,4.91,-533807,5.54,25.63
10-07-2026 18:54:02,48.07,19.48,103022.19,26.72,84.96,100235.92,182.89,100,-20305.66,0.95,4.27,-554399,5.55,26.39
10-07-2026 18:55:02,48.04,19.51,103043.79,26.82,84.16,100237.58,182.89,100,-20305.66,0.8,5.07,-510462,5.64,24.78
10-07-2026 18:56:02,48.08,19.53,103028.49,26.66,85.58,100238.72,182.89,100,-20305.66,0.73,5.22,-500032,5.54,24.40
10-07-2026 18:57:02,48.11,19.4,103018,26.73,84.95,100239.07,182.89,100,-20305.66,0.76,4.1,-462028,5.59,23.01
10-07-2026 18:58:02,48.15,19.4,103034.03,26.94,84.02,100242.53,182.89,100,-20305.66,0.73,5.97,-449865,5.62,22.56
10-07-2026 18:59:02,48.15,19.37,103027.91,26.83,84.42,100243.23,182.89,100,-20305.66,0.86,5.58,-452219,5.61,22.65
10-07-2026 19:00:01,48.11,19.37,103033.71,26.58,85.58,100241.55,182.89,100,-20305.66,0.73,4.8,-443998,5.62,22.35
10-07-2026 19:01:01,48.07,19.46,103030.32,26.71,84.84,100243.13,182.89,100,-20305.66,0.8,4.78,-441031,5.53,22.24
10-07-2026 19:02:01,47.98,19.74,103028.02,26.6,85.33,100244.25,182.89,100,-20305.66,0.68,4.04,-445820,5.59,22.41
10-07-2026 19:03:01,48.1,19.45,103025.71,26.64,85.8,100243.19,182.89,100,-20305.66,0.78,4.82,-430110,5.63,21.84
10-07-2026 19:04:01,48.13,19.47,103040.1,26.7,85.23,100236.3,182.89,100,-20305.66,1.03,5.31,-435934,5.56,22.05
10-07-2026 19:05:01,48.14,19.43,103033.28,26.73,85.45,100244.58,182.89,100,-20305.66,0.76,4.52,-447595,5.61,22.48
10-07-2026 19:06:01,48.21,19.44,103034,26.83,85.41,100243.32,182.89,100,-20305.66,0.69,5.21,-432509,5.66,21.93
10-07-2026 19:07:01,48.27,19.33,103028.09,26.62,86.2,100242.35,182.89,100,-20305.66,0.77,4.63,-439377,5.6,22.18
10-07-2026 19:08:01,48.28,19.32,103028.99,26.55,86.54,100242.75,182.89,100,-20305.66,0.78,5.31,-452758,5.51,22.67
10-07-2026 19:09:01,48.27,19.32,103026.64,26.53,86.66,100241.94,182.89,100,-20305.66,0.77,4.77,-457173,5.57,22.83
10-07-2026 19:10:01,48.24,19.28,103039.51,26.59,85.94,100239.42,182.89,100,-20305.66,0.77,4.74,-457654,5.48,22.85
10-07-2026 19:11:01,48.22,19.29,103036.28,26.59,85.89,100237.5,182.89,100,-20305.66,0.73,4.04,-454837,5.58,22.74
10-07-2026 19:12:01,48.27,19.33,103032.75,26.98,84.45,100245.53,182.89,100,-20305.66,0.65,4.97,-457632,5.48,22.85
10-07-2026 19:13:01,48.33,19.24,103037.47,26.84,84.6,100245.21,182.89,100,-20305.66,0.79,5.28,-465459,5.53,23.13
10-07-2026 19:14:01,48.29,19.29,103037.43,26.92,84.44,100247.19,182.89,100,-20305.66,0.69,4.43,-463912,5.55,23.08
10-07-2026 19:15:01,48.3,19.32,103037.46,26.99,84.27,100246.02,182.89,100,-20305.66,0.8,3.9,-469529,5.5,23.28
10-07-2026 19:16:01,48.28,19.26,103042.49,26.85,84.62,100250.63,182.89,100,-20305.66,0.62,4.97,-465903,5.6,23.15
10-07-2026 19:17:01,48.23,19.28,103035.89,26.79,84.24,100250.51,182.89,100,-20305.66,0.93,4.68,-453970,5.49,22.71
10-07-2026 19:18:01,48.2,19.29,103046.72,26.75,85.06,100253.52,182.89,100,-20305.66,0.69,4.98,-443372,5.53,22.32
10-07-2026 19:19:01,48.24,19.32,103037.65,26.88,84.54,100257.8,182.89,100,-20305.66,0.73,4.8,-438397,5.62,22.14
10-07-2026 19:20:01,48.26,19.28,103061.99,26.91,84.54,100257.88,182.89,100,-20305.66,0.71,4.69,-453922,5.54,22.71
10-07-2026 19:21:01,48.33,19.27,103049.67,26.88,84.55,100261.41,182.89,100,-20305.66,0.73,4.91,-461294,5.57,22.98
10-07-2026 19:22:01,48.32,19.28,103055.83,26.94,84,100256.03,182.89,100,-20305.66,0.69,4.38,-472696,5.57,23.40
10-07-2026 19:23:01,41.85,35.04,103068.8,26.67,85.49,100256.59,182.89,100,-20305.66,0.88,5.38,-450158,0.46,22.57
10-07-2026 19:25:01,29.25,70.65,103178.6,27.22,83.53,100261.63,182.89,100,-20305.66,0,0.17,-461356,0.25,22.98
10-07-2026 19:26:01,38.14,35.55,103113.18,27.19,83.48,100261.41,182.89,100,-20305.66,0.79,4.65,-457760,5.26,22.85
10-07-2026 19:27:01,46.29,21.72,103057.88,27,83.64,100261.46,182.89,100,-20305.66,0.66,4.72,-447070,5.54,22.46
10-07-2026 19:28:01,47.43,20.19,103069.3,26.75,84.21,100256.83,182.89,100,-20305.66,0.95,4.27,-445116,5.54,22.39
10-07-2026 19:29:02,47.63,19.97,103063.6,26.73,84.83,100254.59,182.89,100,-20305.66,0.73,4.44,-445067,5.48,22.39
10-07-2026 19:30:02,47.69,19.85,103041,26.49,85.88,100253.53,182.89,100,-20305.66,0.77,4.67,-442794,5.57,22.30
10-07-2026 19:31:02,47.72,19.82,103058.34,26.55,85.51,100255.07,182.89,100,-20305.66,0.79,4.52,-454870,5.52,22.74
10-07-2026 19:32:02,47.78,19.78,103061.49,26.71,85.12,100260.24,182.89,100,-20305.66,0.76,4.62,-451358,5.63,22.62
10-07-2026 19:33:02,47.87,19.73,103049.1,26.73,85.1,100259.08,182.89,100,-20305.66,0.74,5.15,-440967,5.59,22.24
10-07-2026 19:34:02,47.93,19.72,103043.96,26.99,83.58,100257.13,182.89,100,-20305.66,0.71,4.23,-445746,5.7,22.41
10-07-2026 19:35:02,47.89,19.69,103056.14,26.7,85.02,100259.35,182.89,100,-20305.66,0.7,4.62,-449714,5.66,22.56
10-07-2026 19:36:02,47.9,19.64,103050.17,26.6,85.35,100256.47,182.89,100,-20305.66,0.75,4.51,-455042,5.61,22.75
10-07-2026 19:37:02,47.86,19.67,103055.51,26.93,82.98,100252.26,182.89,100,-20305.66,0.91,4.95,-453746,5.59,22.70
10-07-2026 19:38:02,47.83,19.66,103055.03,26.54,85.51,100254.49,182.89,100,-20305.66,0.73,5.27,-441655,5.59,22.26
10-07-2026 19:39:02,47.87,19.67,103061.8,26.7,84.67,100254.92,182.89,100,-20305.66,0.77,5.49,-430700,5.6,21.86
10-07-2026 19:40:02,47.88,19.61,103052.78,26.81,84.07,100262.17,182.89,100,-20305.66,0.82,4.79,-416758,5.67,21.35
10-07-2026 19:41:02,47.88,19.63,103059.64,26.6,85.55,100263.39,182.89,100,-20305.66,0.81,4.81,-415226,5.58,21.29
10-07-2026 19:42:02,47.88,19.64,103055.52,26.69,84.79,100257.53,182.89,100,-20305.66,0.86,4.52,-411879,5.62,21.17
10-07-2026 19:43:02,47.88,19.63,103052.32,26.74,84.81,100262,182.89,100,-20305.66,0.87,4.81,-418844,5.69,21.43
10-07-2026 19:44:02,47.82,19.64,103062.61,26.46,86.17,100263.21,182.89,100,-20305.66,0.72,5.02,-422567,5.7,21.56
10-07-2026 19:45:02,47.87,19.6,103062.63,26.56,85.76,100261.21,182.89,100,-20305.66,0.68,5.46,-461953,5.67,23.00
10-07-2026 19:46:02,47.89,19.61,103060.47,26.49,85.9,100267.94,182.89,100,-20305.66,0.85,4.97,-459526,5.61,22.92
10-07-2026 19:47:02,47.85,19.6,103064.29,26.39,86.6,100269.98,182.89,100,-20305.66,0.75,4.85,-472287,5.6,23.38
10-07-2026 19:48:02,47.84,19.58,103059.63,26.5,85.75,100264.24,182.89,100,-20305.66,0.74,5.87,-457710,5.62,22.85
10-07-2026 19:49:02,47.75,19.65,103080.35,26.34,86.55,100267.35,182.89,100,-20305.66,0.79,5.37,-438020,5.69,22.13
10-07-2026 19:50:02,47.78,19.67,103055.37,26.42,86.22,100266.92,182.89,100,-20305.66,0.9,4.05,-439280,5.64,22.17
10-07-2026 19:51:02,47.8,19.63,103060.49,26.53,85.59,100266.88,182.89,100,-20305.66,0.79,4.84,-451586,5.63,22.62
10-07-2026 19:52:02,47.79,19.63,103063.24,26.53,85.74,100261.75,182.89,100,-20305.66,0.75,5.08,-462520,5.72,23.02
10-07-2026 19:53:02,47.81,19.6,103062.45,26.86,83.71,100266.39,182.89,100,-20305.66,0.77,5.36,-479491,5.66,23.65
10-07-2026 19:54:02,47.82,19.63,103067.78,26.71,84.24,100266.92,182.89,100,-20305.66,0.83,4.88,-483616,5.66,23.80
10-07-2026 19:55:02,47.84,19.69,103055.74,26.69,84.75,100266.24,182.89,100,-20305.66,0.85,5.11,-466724,5.74,23.18
10-07-2026 19:56:02,47.8,19.64,103082.81,26.56,84.68,100265.39,182.89,100,-20305.66,0.81,4.87,-475126,5.74,23.49
10-07-2026 19:57:02,47.75,19.62,103065.72,26.83,83.14,100272.17,182.89,100,-20305.66,0.71,4.8,-472009,5.67,23.37
10-07-2026 19:58:02,47.78,19.67,103057.35,26.74,84.48,100269.1,182.89,100,-20305.66,0.76,4.86,-473671,5.62,23.43
10-07-2026 19:59:03,47.78,19.65,103065.99,26.6,85.01,100268.86,182.89,100,-20305.66,0.77,5.37,-479945,5.67,23.66
10-07-2026 20:00:00,47.8,19.66,103069.17,26.56,85.43,100267.01,182.89,100,-20305.66,0.74,5.09,-476557,5.67,23.54
10-07-2026 20:01:00,47.82,19.68,103068.38,26.59,85.42,100267.04,182.89,100,-20305.66,0.8,5.33,-482399,5.7,23.75
10-07-2026 20:02:00,47.84,19.64,103064.14,26.66,85.3,100273.44,182.89,100,-20305.66,0.74,4.56,-492881,5.68,24.14
10-07-2026 20:03:01,47.87,19.63,103075.99,26.65,85.23,100271.33,182.89,100,-20305.66,0.76,5.21,-493754,5.68,24.17
10-07-2026 20:04:01,47.83,19.63,103072.28,26.56,85.55,100272.6,182.89,100,-20305.66,0.76,5.61,-497924,5.67,24.32
10-07-2026 20:05:01,47.85,19.6,103069.53,26.6,85.41,100275.02,182.89,100,-20305.66,0.8,5.78,-502952,5.74,24.51
10-07-2026 20:06:01,47.84,19.63,103085.07,26.55,85.62,100273.58,182.89,100,-20305.66,0.72,5.12,-515492,5.78,24.96
10-07-2026 20:07:01,47.85,19.64,103067.05,26.68,85.09,100273.35,182.89,100,-20305.66,0.82,5.33,-525569,5.78,25.33
10-07-2026 20:08:01,47.88,19.62,103069.57,26.56,85.69,100277.66,182.89,100,-20305.66,0.84,4.82,-530426,5.72,25.51
10-07-2026 20:09:01,47.79,19.65,103082.42,26.75,84.01,100277.95,182.89,100,-20305.66,0.76,4.95,-532886,5.78,25.60
10-07-2026 20:10:01,47.77,19.61,103078.31,26.5,85.2,100280.46,182.89,100,-20305.66,0.75,4.63,-531680,5.75,25.56
10-07-2026 20:11:01,47.73,19.65,103086.88,26.75,84.34,100281.74,182.89,100,-20305.66,0.71,5.12,-547770,5.74,26.15
10-07-2026 20:12:01,47.82,19.65,103084.21,26.66,84.81,100278.67,182.89,100,-20305.66,0.74,5.14,-546047,5.78,26.08
10-07-2026 20:13:01,47.8,19.67,103086.19,26.75,84.33,100282.72,182.89,100,-20305.66,0.81,5.05,-558783,5.75,26.55
10-07-2026 20:14:01,47.83,19.64,103077.33,26.81,84.05,100285.03,182.89,100,-20305.66,0.73,5.1,-552694,5.76,26.33
10-07-2026 20:15:01,47.78,19.66,103091.46,26.49,85.56,100288.11,182.89,100,-20305.66,0.74,4.13,-561346,5.85,26.64
10-07-2026 20:16:01,47.72,19.68,103089.01,26.64,84.82,100290.31,182.89,100,-20305.66,0.76,4.95,-586845,5.85,27.58
10-07-2026 20:17:01,47.7,19.69,103076.36,26.54,85.35,100291.78,182.89,100,-20305.66,0.76,4.69,-587012,5.85,27.58
10-07-2026 20:18:01,47.75,19.68,103089.95,26.6,84.96,100287.82,182.89,100,-20305.66,0.76,4.54,-588303,5.84,27.63
10-07-2026 20:19:01,47.78,19.67,103090.19,26.52,85.56,100290.71,182.89,100,-20305.66,0.86,5.45,-595974,5.71,27.91
10-07-2026 20:20:01,47.72,19.63,103077.64,26.54,85.13,100287.65,182.89,100,-20305.66,0.8,4.59,-587942,5.78,27.62
10-07-2026 20:21:01,47.73,19.68,103095.59,26.69,84.64,100284.34,182.89,100,-20305.66,0.74,4.95,-603029,5.79,28.17
10-07-2026 20:22:01,47.73,19.65,103085.79,26.73,83.66,100283.86,182.89,100,-20305.66,0.77,5.07,-601797,5.72,28.12
10-07-2026 20:23:01,47.67,19.69,103082.32,26.64,84.43,100285.36,182.89,100,-20305.66,0.8,5.46,-606082,5.73,28.28
10-07-2026 20:24:01,47.65,19.66,103072.96,26.62,84.61,100284.91,182.89,100,-20305.66,0.82,5.52,-612527,5.74,28.52
10-07-2026 20:25:01,47.63,19.67,103103.59,26.51,84.87,100285.63,182.89,100,-20305.66,0.75,5.37,-615831,5.71,28.64
10-07-2026 20:26:01,47.62,19.73,103088.71,26.53,84.55,100288.34,182.89,100,-20305.66,0.87,4.99,-623457,5.72,28.92
10-07-2026 20:27:01,47.56,19.76,103091.88,26.54,84.43,100287.99,182.89,100,-20305.66,0.9,4.71,-617679,5.78,28.70
10-07-2026 20:28:01,47.54,19.77,103075.71,26.42,84.73,100287.85,182.89,100,-20305.66,0.99,5.6,-618203,5.84,28.72
10-07-2026 20:29:01,47.45,19.75,103084.52,26.15,86.56,100283.24,182.89,100,-20305.66,0.79,4.88,-584452,5.74,27.49
10-07-2026 20:30:01,47.45,19.77,103088.8,26.28,85.91,100285.49,182.89,100,-20305.66,0.78,5.35,-595567,5.83,27.90
10-07-2026 20:31:01,47.49,19.72,103094.61,26.54,84.48,100285.89,182.89,100,-20305.66,0.89,5.03,-620336,5.78,28.80
10-07-2026 20:32:01,47.47,19.73,103080.41,26.66,83.45,100284.08,182.89,100,-20305.66,0.79,4.92,-629600,5.77,29.14
10-07-2026 20:33:02,47.42,19.86,103088.72,26.43,85.23,100285.13,182.89,100,-20305.66,0.94,4.87,-628045,5.82,29.08
10-07-2026 20:34:02,47.42,19.82,103086.92,26.34,85.55,100291.19,182.89,100,-20305.66,0.92,5,-637448,5.81,29.43
10-07-2026 20:35:02,47.42,19.79,103094.5,26.59,84.51,100293.21,182.89,100,-20305.66,0.76,4.49,-640563,5.77,29.54
10-07-2026 20:36:02,47.49,19.78,103095.99,26.42,85.06,100289.77,182.89,100,-20305.66,0.75,4.79,-646712,5.88,29.77
10-07-2026 20:37:02,47.46,19.73,103084.58,26.26,85.95,100290.75,182.89,100,-20305.66,0.83,5.28,-641672,5.78,29.58
10-07-2026 20:38:02,47.44,19.78,103085.21,26.42,84.7,100292.74,182.89,100,-20305.66,0.76,3.97,-635221,5.81,29.35
10-07-2026 20:39:02,47.44,19.74,103082.58,26.19,86.24,100291.6,182.89,100,-20305.66,0.81,5.12,-638156,5.82,29.45
10-07-2026 20:40:02,47.42,19.8,103090.19,26.43,85.29,100294.41,182.89,100,-20305.66,0.91,5.09,-642937,5.79,29.63
10-07-2026 20:41:02,47.44,19.78,103096.6,26.35,85.46,100292.64,182.89,100,-20305.66,0.79,5.35,-639477,5.83,29.50
10-07-2026 20:42:02,47.43,19.79,103099.86,26.39,85.37,100294.05,182.89,100,-20305.66,0.87,5.37,-648666,5.79,29.84
10-07-2026 20:43:02,47.48,19.78,103099.69,26.33,85.84,100298.03,182.89,100,-20305.66,0.9,4.69,-643088,5.86,29.64
10-07-2026 20:44:02,47.45,19.78,103096.74,26.39,85.4,100297.3,182.89,100,-20305.66,0.76,5.17,-649927,5.77,29.89
10-07-2026 20:45:02,47.48,19.75,103097.47,26.57,84.16,100295.47,182.89,100,-20305.66,0.81,5.27,-649540,5.86,29.87
10-07-2026 20:46:02,47.5,19.78,103103.13,26.64,84.31,100300.82,182.89,100,-20305.66,0.74,4.67,-664669,5.76,30.43
10-07-2026 20:47:02,47.55,19.75,103104.55,26.53,85.09,100303.21,182.89,100,-20305.66,0.73,4.87,-655109,5.88,30.08
10-07-2026 20:48:02,47.54,19.74,103101.46,26.37,85.67,100300.85,182.89,100,-20305.66,0.83,4.82,-644404,5.86,29.68
10-07-2026 20:49:02,47.48,19.77,103111.36,26.2,86.64,100306.33,182.89,100,-20305.66,0.84,4.79,-649348,5.8,29.86
10-07-2026 20:50:02,47.43,19.79,103102.75,26.14,86.62,100303.94,182.89,100,-20305.66,0.78,4.95,-645789,5.85,29.73
10-07-2026 20:51:02,47.41,19.8,103111.96,26.29,86.14,100310.2,182.89,100,-20305.66,0.79,4.86,-657354,5.89,30.16
10-07-2026 20:52:02,47.43,19.78,103113.67,26.51,84.73,100310.39,182.89,100,-20305.66,0.83,5.06,-655747,5.79,30.10
10-07-2026 20:53:02,47.45,19.77,103112.96,26.47,84.75,100310.44,182.89,100,-20305.66,0.78,4.85,-661676,5.87,30.32
10-07-2026 20:54:02,47.51,19.77,103126.46,26.52,84.8,100316.39,182.89,100,-20305.66,0.81,4.98,-653690,5.84,30.02
10-07-2026 20:55:02,47.48,19.83,103109.86,26.26,86.16,100308,182.89,100,-20305.66,1.27,5.11,-654792,5.78,30.06
10-07-2026 20:56:02,47.42,19.74,103111.11,26.1,86.86,100310.16,182.89,100,-20305.66,0.97,4.56,-665104,5.84,30.44
10-07-2026 20:57:02,47.42,19.76,103112.3,26.43,85.1,100317.57,182.89,100,-20305.66,0.67,5.02,-660205,5.86,30.26
10-07-2026 20:58:02,47.42,19.78,103124.64,26.47,85,100317.07,182.89,100,-20305.66,0.74,5.46,-662848,5.78,30.36
10-07-2026 20:59:02,47.44,19.77,103127.36,26.38,85.11,100320.17,182.89,100,-20305.66,0.7,5.62,-668654,5.84,30.57
10-07-2026 21:00:01,47.42,19.77,103124.2,26.14,86.84,100317.49,182.89,100,-20305.66,0.98,4.93,-664243,5.83,30.41
10-07-2026 21:01:01,47.37,19.81,103144.33,26.2,86.5,100325.57,182.89,100,-20305.66,0.74,4.84,-667255,5.86,30.52
10-07-2026 21:02:01,47.41,19.78,103114.02,26.26,86.14,100326.96,182.89,100,-20305.66,0.71,4,-681919,5.78,31.06
10-07-2026 21:03:01,47.43,19.79,103135.27,26.22,86.39,100330.47,182.89,100,-20305.66,0.83,4.93,-677488,5.89,30.89
10-07-2026 21:04:01,47.38,19.81,103129.33,26.18,86.52,100323.78,182.89,100,-20305.66,0.78,4.93,-673913,5.81,30.76
10-07-2026 21:05:01,47.43,19.78,103136.35,26.32,85.88,100331.86,182.89,100,-20305.66,0.7,4.62,-674688,5.8,30.79
10-07-2026 21:06:01,47.41,19.75,103132.89,26.48,84.75,100335.32,182.89,100,-20305.66,0.72,5.5,-676801,5.88,30.87
10-07-2026 21:07:01,47.42,19.76,103130.39,26.43,84.94,100333.57,182.89,100,-20305.66,0.79,5.31,-680788,5.84,31.02
10-07-2026 21:08:01,47.41,19.79,103122.73,26.24,86.1,100329.61,182.89,100,-20305.66,0.87,4.97,-677750,5.8,30.90
10-07-2026 21:09:01,47.35,19.79,103128.11,26.13,86.98,100331.64,182.89,100,-20305.66,0.81,5.36,-677229,5.77,30.88
10-07-2026 21:10:01,47.38,19.78,103136.92,26.26,86.03,100323.88,182.89,100,-20305.66,0.8,4.59,-670443,5.75,30.64
10-07-2026 21:11:01,47.41,19.69,103135.77,26.26,85.95,100328.3,182.89,100,-20305.66,0.92,4.86,-669898,5.79,30.62
10-07-2026 21:12:01,47.4,19.71,103136.17,26.33,85.91,100331.39,182.89,100,-20305.66,0.74,5.38,-667529,5.87,30.53
10-07-2026 21:13:01,47.45,19.73,103133.06,26.45,85.08,100335.32,182.89,100,-20305.66,0.78,5.3,-674043,5.75,30.77
10-07-2026 21:14:01,47.41,19.69,103132.7,26.26,85.6,100324.63,182.89,100,-20305.66,0.71,3.77,-673776,5.86,30.76
10-07-2026 21:15:01,47.34,19.74,103127.32,26.2,85.63,100327.02,182.89,100,-20305.66,0.77,4.67,-672087,5.81,30.70
10-07-2026 21:16:01,47.34,19.72,103136.8,26.19,86.12,100335.53,182.89,100,-20305.66,0.73,4.94,-680239,5.81,31.00
10-07-2026 21:17:01,47.4,19.66,103143.14,26.24,86.1,100340.42,182.89,100,-20305.66,0.78,4.94,-677157,5.71,30.88
10-07-2026 21:18:01,47.35,19.64,103143.27,26.02,86.97,100334.94,182.89,100,-20305.66,0.77,5,-673008,5.7,30.73
10-07-2026 21:19:01,47.35,19.67,103149.82,26.2,86.13,100336.83,182.89,100,-20305.66,0.87,5.15,-669641,5.68,30.61
10-07-2026 21:20:01,47.39,19.68,103146.88,26.22,86.28,100337.78,182.89,100,-20305.66,0.72,5.08,-685418,5.69,31.18
10-07-2026 21:21:01,47.36,19.67,103137.5,26.12,86.21,100341.33,182.89,100,-20305.66,0.81,4.39,-682642,5.66,31.08
10-07-2026 21:22:01,47.34,19.7,103148.23,26.25,86.01,100343.71,182.89,100,-20305.66,0.8,4.9,-682641,5.66,31.08
10-07-2026 21:23:01,47.34,19.68,103138.96,26.22,85.75,100343.55,182.89,100,-20305.66,0.88,5.31,-686276,5.67,31.22
10-07-2026 21:25:01,47.38,19.71,103143.83,26.26,85.93,100346.03,182.89,100,-20305.66,0.71,4.87,-682855,5.75,31.09
10-07-2026 21:26:01,47.39,19.67,103155.35,26.14,86.47,100350.6,182.89,100,-20305.66,0.8,5.23,-683151,5.72,31.10
10-07-2026 21:27:01,47.31,19.71,103144.03,26.07,86.25,100346.21,182.89,100,-20305.66,0.71,4.94,-689452,5.75,31.33
10-07-2026 21:28:01,47.3,19.73,103169.6,26.21,85.91,100351.56,182.89,100,-20305.66,0.72,3.68,-685770,5.78,31.20
10-07-2026 21:29:02,47.32,19.73,103159.82,26.27,85.95,100354.29,182.89,100,-20305.66,0.75,4.55,-690392,5.78,31.37
10-07-2026 21:30:02,47.32,19.71,103156,26.03,87.2,100351.97,182.89,100,-20305.66,0.73,4.51,-683646,5.73,31.12
10-07-2026 21:31:02,47.31,19.65,103158.76,26.33,85.14,100348.42,182.89,100,-20305.66,0.75,4.82,-677645,5.69,30.90
10-07-2026 21:32:02,47.34,19.7,103159.33,26.28,85.76,100351.11,182.89,100,-20305.66,0.73,5.41,-687189,5.68,31.25
10-07-2026 21:33:02,47.35,19.66,103150.55,26.23,85.86,100351,182.89,100,-20305.66,0.66,5.24,-695112,5.68,31.54
10-07-2026 21:34:02,47.34,19.66,103148.16,26.26,85.95,100350.44,182.89,100,-20305.66,0.82,4.02,-682351,5.66,31.07
10-07-2026 21:35:02,47.39,19.66,103154.27,26.21,86.18,100348.83,182.89,100,-20305.66,0.79,4.98,-682035,5.67,31.06
10-07-2026 21:36:02,47.35,19.66,103150.07,25.98,87.37,100350.17,182.89,100,-20305.66,0.7,5.52,-676625,5.75,30.86
10-07-2026 21:37:02,47.34,19.68,103150.49,26.13,86.68,100349.42,182.89,100,-20305.66,0.78,4.96,-686360,5.74,31.22
10-07-2026 21:38:02,47.36,19.63,103148.5,26.31,85.44,100343.77,182.89,100,-20305.66,0.78,4.45,-688996,5.66,31.32
10-07-2026 21:39:02,47.33,19.69,103147.19,26.07,86.72,100351.5,182.89,100,-20305.66,0.98,4.9,-678119,5.7,30.92
10-07-2026 21:40:02,47.36,19.67,103162.16,26.3,85.65,100349.33,182.89,100,-20305.66,0.74,4.42,-705231,5.74,31.91
10-07-2026 21:41:02,47.38,19.66,103176.41,26.08,86.84,100354.19,182.89,100,-20305.66,0.71,4.81,-682777,5.65,31.09
10-07-2026 21:42:02,47.35,19.64,103158.13,26.3,85.4,100352.99,182.89,100,-20305.66,0.81,4.79,-688150,5.72,31.28
10-07-2026 21:43:02,47.33,19.64,103163.62,26.27,85.74,100359.36,182.89,100,-20305.66,0.69,5.4,-696895,5.76,31.60
10-07-2026 21:44:02,47.31,19.64,103165.31,26.09,86.48,100363.9,182.89,100,-20305.66,0.79,5.31,-687799,5.66,31.27
10-07-2026 21:45:02,47.28,19.68,103158.58,25.9,87.86,100363.07,182.89,100,-20305.66,0.76,5.52,-684985,5.72,31.17
10-07-2026 21:46:02,47.29,19.69,103164.11,26.1,86.88,100368.1,182.89,100,-20305.66,0.72,4.87,-689490,5.8,31.33
10-07-2026 21:47:02,47.3,19.69,103180.78,26.05,87.02,100367,182.89,100,-20305.66,0.68,4.45,-684424,5.78,31.15
10-07-2026 21:48:02,47.34,19.61,103169.33,26.04,87.19,100363.53,182.89,100,-20305.66,0.71,5.25,-688208,5.64,31.29
10-07-2026 21:49:02,47.4,19.6,103169.47,26.13,86.01,100363.94,182.89,100,-20305.66,0.77,4.3,-680496,5.7,31.00
10-07-2026 21:50:02,47.39,19.61,103170.5,25.99,87.1,100366.33,182.89,100,-20305.66,0.61,4.96,-682122,5.7,31.06
10-07-2026 21:51:02,47.4,19.63,103170,26,87.43,100365.52,182.89,100,-20305.66,0.76,4.87,-674197,5.71,30.77
10-07-2026 21:52:02,47.38,19.62,103167.02,25.91,87.87,100366.5,182.89,100,-20305.66,0.81,5.33,-684888,5.7,31.17
10-07-2026 21:53:02,47.34,19.63,103174.12,25.94,87.74,100364.33,182.89,100,-20305.66,0.71,4.21,-685118,5.7,31.17
10-07-2026 21:54:02,47.39,19.58,103176.68,26.11,86.95,100365.91,182.89,100,-20305.66,0.86,5.08,-691424,5.68,31.40
10-07-2026 21:55:02,47.32,19.65,103172.75,25.9,87.97,100370.96,182.89,100,-20305.66,0.77,4.5,-696323,5.66,31.58
10-07-2026 21:56:02,47.31,19.63,103174.86,25.86,88.11,100369.05,182.89,100,-20305.66,0.87,5,-694373,5.64,31.51
10-07-2026 21:57:02,47.29,19.63,103162.79,25.72,88.81,100370.16,182.89,100,-20305.66,0.73,4.3,-698570,5.62,31.67
10-07-2026 21:58:03,47.3,19.65,103178.08,25.98,87.57,100371.02,182.89,100,-20305.66,0.82,4.16,-690558,5.6,31.37
10-07-2026 21:59:03,47.32,19.64,103176.24,25.82,88.54,100375.57,182.89,100,-20305.66,0.71,4.58,-689722,5.66,31.34
10-07-2026 22:00:01,47.37,19.58,103177.7,26.2,86.18,100373.75,182.89,100,-20305.66,0.72,4.68,-694176,5.65,31.51
10-07-2026 22:01:01,47.38,19.64,103177.86,26.24,86.45,100373.5,182.89,100,-20305.66,0.72,5.23,-683516,5.63,31.12
10-07-2026 22:02:01,47.42,19.6,103180.36,26.07,87.4,100378.25,182.89,100,-20305.66,0.71,4.81,-697166,5.61,31.61
10-07-2026 22:03:01,47.4,19.62,103184.67,25.98,87.7,100382.07,182.89,100,-20305.66,0.73,5.2,-689990,5.69,31.35
10-07-2026 22:04:01,47.44,19.59,103193.19,26.06,87.46,100379.27,182.89,100,-20305.66,0.76,5.21,-685242,5.61,31.18
10-07-2026 22:05:01,47.44,19.6,103179.49,26.08,87.45,100379.05,182.89,100,-20305.66,0.73,4.9,-691064,5.6,31.39
10-07-2026 22:06:01,47.46,19.56,103185.03,26.19,86.48,100382.96,182.89,100,-20305.66,0.76,4.16,-694106,5.59,31.50
10-07-2026 22:07:01,47.44,19.56,103185.85,26.01,87.42,100380.82,182.89,100,-20305.66,0.69,4.88,-696618,5.63,31.59
10-07-2026 22:08:01,47.44,19.58,103192.16,26.08,86.9,100384.28,182.89,100,-20305.66,0.75,5.34,-687462,5.67,31.26
10-07-2026 22:09:01,47.41,19.61,103187.52,26.01,87.6,100383.08,182.89,100,-20305.66,0.74,4.86,-695492,5.62,31.55
10-07-2026 22:10:01,47.41,19.61,103193.55,26,87.74,100384.89,182.89,100,-20305.66,0.73,5.32,-700694,5.61,31.74
10-07-2026 22:11:01,47.4,19.6,103188.83,26.12,87.02,100387.25,182.89,100,-20305.66,0.71,4.78,-683587,5.6,31.12
10-07-2026 22:12:01,47.35,19.61,103186.42,26.07,87.04,100385.85,182.89,100,-20305.66,0.74,4.78,-696022,5.67,31.57
10-07-2026 22:13:01,47.33,19.66,103195.1,25.98,87.7,100388.15,182.89,100,-20305.66,0.72,5.22,-691822,5.69,31.42
10-07-2026 22:14:01,47.34,19.59,103186.51,26.17,86.32,100386.61,182.89,100,-20305.66,0.82,4.3,-687551,5.71,31.26
10-07-2026 22:15:01,47.32,19.65,103184.71,26.04,87.05,100385.69,182.89,100,-20305.66,0.88,4.65,-685930,5.71,31.20
10-07-2026 22:16:01,47.31,19.67,103213.35,25.9,88.26,100386.99,182.89,100,-20305.66,0.8,4.89,-681976,5.69,31.06
10-07-2026 22:17:01,47.33,19.64,103187.58,25.89,88.5,100389.32,182.89,100,-20305.66,0.73,4.62,-695620,5.69,31.56
10-07-2026 22:18:01,47.35,19.66,103195.69,25.81,88.6,100393.69,182.89,100,-20305.66,0.79,4.89,-690509,5.63,31.37
10-07-2026 22:19:01,47.34,19.63,103219.75,26.07,87.41,100391.36,182.89,100,-20305.66,0.74,5.43,-688294,5.6,31.29
10-07-2026 22:20:01,47.35,19.62,103196.17,25.85,88.71,100393.04,182.89,100,-20305.66,0.75,4.99,-683983,5.62,31.13
10-07-2026 22:21:01,47.37,19.63,103196.92,25.96,88.26,100396.28,182.89,100,-20305.66,0.78,4.68,-706133,5.66,31.94
10-07-2026 22:22:01,47.4,19.61,103193.69,25.94,88.32,100396.92,182.89,100,-20305.66,0.69,4.59,-698048,5.66,31.65
10-07-2026 22:23:01,47.39,19.61,103200.53,25.67,89.71,100398.74,182.89,100,-20305.66,0.66,5.03,-680426,5.59,31.00
10-07-2026 22:24:01,47.37,19.64,103218.27,25.96,87.87,100403.03,182.89,100,-20305.66,0.73,4.67,-680785,5.63,31.02
10-07-2026 22:25:01,47.34,19.66,103200.52,25.94,88.4,100398.45,182.89,100,-20305.66,0.66,5.56,-683797,5.69,31.13
10-07-2026 22:26:01,47.38,19.62,103209.47,25.92,88.54,100404.25,182.89,100,-20305.66,0.87,4.78,-690023,5.72,31.35
10-07-2026 22:27:01,47.38,19.64,103207.77,25.99,88.12,100401.96,182.89,100,-20305.66,0.77,4.87,-696482,5.68,31.59
10-07-2026 22:28:01,47.37,19.64,103209.91,25.87,88.86,100404.69,182.89,100,-20305.66,0.83,5.39,-690188,5.64,31.36
10-07-2026 22:29:01,47.4,19.65,103205.42,26.12,87.36,100404.49,182.89,100,-20305.66,0.71,4.35,-682741,5.61,31.09
10-07-2026 22:30:01,47.4,19.62,103205.24,25.79,88.98,100402.76,182.89,100,-20305.66,0.69,5.23,-672755,5.65,30.72
10-07-2026 22:31:02,47.4,19.65,103200.91,25.91,88.82,100403.17,182.89,100,-20305.66,0.77,4.99,-670578,5.71,30.64
10-07-2026 22:32:02,47.38,19.64,103201.64,25.88,88.42,100401.61,182.89,100,-20305.66,0.74,5.22,-663396,5.64,30.38
10-07-2026 22:33:02,47.41,19.67,103205.03,25.86,89.35,100402.86,182.89,100,-20305.66,0.75,4.96,-655063,5.6,30.07
10-07-2026 22:34:02,47.43,19.65,103207.28,25.94,88.79,100401.46,182.89,100,-20305.66,0.75,4.12,-655889,5.63,30.10
10-07-2026 22:35:02,47.44,19.65,103206.35,25.97,88.73,100404.17,182.89,100,-20305.66,0.73,4.41,-653304,5.66,30.01
10-07-2026 22:36:02,47.44,19.63,103199.21,25.98,88.59,100406.97,182.89,100,-20305.66,0.72,5.02,-680938,5.72,31.02
10-07-2026 22:37:02,47.44,19.62,103211.76,25.84,89.37,100404.46,182.89,100,-20305.66,0.73,5.67,-677862,5.65,30.91
10-07-2026 22:38:02,47.43,19.65,103214.75,25.89,89.07,100407.1,182.89,100,-20305.66,0.77,4.94,-678402,5.61,30.93
10-07-2026 22:39:02,47.45,19.64,103215.58,26.11,87.95,100408.43,182.89,100,-20305.66,0.88,4.33,-688534,5.69,31.30
10-07-2026 22:40:02,47.42,19.66,103209.92,25.76,89.55,100407.03,182.89,100,-20305.66,0.79,5.32,-672944,5.72,30.73
10-07-2026 22:41:02,47.44,19.66,103212.02,25.75,89.81,100406.82,182.89,100,-20305.66,0.8,5,-679701,5.69,30.98
10-07-2026 22:42:02,47.43,19.66,103222.41,25.86,89.01,100411,182.89,100,-20305.66,0.87,5.83,-680686,5.62,31.01
10-07-2026 22:43:02,47.44,19.68,103204.8,25.96,88.82,100412.25,182.89,100,-20305.66,0.72,4.89,-682440,5.63,31.08
10-07-2026 22:44:02,47.45,19.61,103214.82,26.05,87.38,100409.57,182.89,100,-20305.66,0.8,4.68,-673530,5.72,30.75
10-07-2026 22:45:02,47.42,19.68,103220.75,26.05,88.05,100414.58,182.89,100,-20305.66,0.71,5.16,-678719,5.73,30.94
10-07-2026 22:46:02,47.44,19.65,103213.44,25.91,88.73,100414.45,182.89,100,-20305.66,0.73,5.26,-687078,5.73,31.25
10-07-2026 22:47:02,47.44,19.63,103219.83,26.05,87.74,100415.09,182.89,100,-20305.66,0.87,5.22,-686608,5.73,31.23
10-07-2026 22:48:02,47.39,19.67,103208.91,25.89,88.84,100413.55,182.89,100,-20305.66,0.77,5.54,-670727,5.66,30.65
10-07-2026 22:49:02,47.41,19.63,103228.35,26.31,86.2,100413.94,182.89,100,-20305.66,0.72,4.38,-667963,5.65,30.55
10-07-2026 22:50:02,47.46,19.64,103216.6,26.2,87.18,100416.18,182.89,100,-20305.66,0.66,4.96,-685687,5.64,31.19
10-07-2026 22:51:02,47.5,19.64,103228.47,25.96,88.58,100414.88,182.89,100,-20305.66,0.75,4.76,-671532,5.63,30.68
10-07-2026 22:52:02,47.5,19.61,103216.47,26.28,86.91,100415.64,182.89,100,-20305.66,0.74,4.96,-667854,5.68,30.54
10-07-2026 22:53:02,47.51,19.63,103224.14,26.16,87.54,100418.08,182.89,100,-20305.66,0.71,4.73,-671031,5.74,30.66
10-07-2026 22:54:02,47.52,19.63,103230.66,26.06,88.21,100419.07,182.89,100,-20305.66,0.74,4.72,-677203,5.71,30.88
10-07-2026 22:55:02,47.53,19.63,103227.75,26.23,86.84,100426.96,182.89,100,-20305.66,0.77,4.7,-691756,5.64,31.42
10-07-2026 22:56:02,47.48,19.67,103232.67,25.94,88.61,100422.26,182.89,100,-20305.66,0.83,5.49,-680856,5.64,31.02
10-07-2026 22:57:02,47.44,19.64,103234.67,25.92,88.58,100424.99,182.89,100,-20305.66,0.84,4.76,-682509,5.64,31.08
10-07-2026 22:58:02,47.41,19.65,103227.94,25.74,89.8,100432.06,182.89,100,-20305.66,0.82,4.97,-684038,5.64,31.13
10-07-2026 22:59:02,47.42,19.67,103232.82,25.93,88.92,100428.89,182.89,100,-20305.66,0.73,5.04,-681525,5.66,31.04
10-07-2026 23:00:00,47.4,19.68,103231.49,25.87,88.93,100429.61,182.89,100,-20305.66,0.75,5.04,-694535,5.65,31.52
10-07-2026 23:01:00,47.35,19.64,103235.64,25.87,88.91,100431.64,182.89,100,-20305.66,0.82,5.15,-679442,5.75,30.97
10-07-2026 23:02:01,47.34,19.67,103237.85,25.91,88.72,100429.72,182.89,100,-20305.66,0.9,4.36,-677446,5.68,30.89
10-07-2026 23:03:01,47.34,19.66,103245.16,25.84,89.04,100430.27,182.89,100,-20305.66,0.77,5.15,-675868,5.65,30.84
10-07-2026 23:04:01,47.36,19.69,103234.47,25.89,88.97,100432.36,182.89,100,-20305.66,0.79,3.8,-677841,5.68,30.91
10-07-2026 23:05:01,47.37,19.66,103239.55,25.87,88.84,100431.92,182.89,100,-20305.66,0.74,5.17,-678809,5.73,30.94
10-07-2026 23:06:01,47.39,19.67,103237.41,25.81,89.39,100433.42,182.89,100,-20305.66,0.74,4.94,-678459,5.74,30.93
10-07-2026 23:07:01,47.41,19.66,103236.39,26,88.55,100436.42,182.89,100,-20305.66,0.76,4.37,-672786,5.73,30.72
10-07-2026 23:08:01,47.45,19.66,103242.04,26.02,88.46,100438.24,182.89,100,-20305.66,0.76,4.51,-679408,5.74,30.96
10-07-2026 23:09:01,47.45,19.65,103241.91,26.13,87.64,100439.44,182.89,100,-20305.66,0.85,5.34,-682387,5.75,31.07
10-07-2026 23:10:01,47.44,19.65,103240.57,25.88,89.13,100444.38,182.89,100,-20305.66,0.8,5.24,-667160,5.75,30.52
10-07-2026 23:11:01,47.44,19.66,103244.05,26.02,88.53,100439,182.89,100,-20305.66,0.68,5.3,-673706,5.78,30.76
10-07-2026 23:12:01,47.43,19.65,103247.3,25.92,88.83,100442.53,182.89,100,-20305.66,0.73,4.86,-662664,5.76,30.35
10-07-2026 23:13:01,47.41,19.67,103250.1,25.83,89.45,100445.16,182.89,100,-20305.66,0.88,4.6,-665065,5.72,30.44
10-07-2026 23:14:01,47.44,19.65,103246.64,25.93,88.83,100447.24,182.89,100,-20305.66,0.69,5.08,-670363,5.71,30.63
10-07-2026 23:15:01,47.44,19.66,103257.99,25.99,88.52,100442.33,182.89,100,-20305.66,0.87,4.34,-664368,5.69,30.41
10-07-2026 23:16:01,47.48,19.66,103252.94,25.98,88.94,100450.55,182.89,100,-20305.66,0.63,5.48,-664004,5.71,30.40
10-07-2026 23:17:01,47.45,19.62,103243.3,26,88.48,100443.44,182.89,100,-20305.66,0.72,4.58,-664193,5.73,30.41
10-07-2026 23:18:01,47.42,19.7,103246.35,25.72,90.04,100448.69,182.89,100,-20305.66,0.79,4.42,-667854,5.7,30.54
10-07-2026 23:19:01,47.44,19.65,103253.67,25.86,89.4,100446.97,182.89,100,-20305.66,0.64,4.95,-668665,5.68,30.57
10-07-2026 23:20:01,47.45,19.66,103259.53,25.89,89,100446.96,182.89,100,-20305.66,0.75,4.94,-661393,5.67,30.31
10-07-2026 23:21:01,47.43,19.7,103257.72,25.93,88.96,100446.47,182.89,100,-20305.66,0.72,5.28,-667039,5.66,30.51
10-07-2026 23:22:01,47.42,19.68,103261.88,25.89,89.03,100447.77,182.89,100,-20305.66,0.77,5.24,-667825,5.7,30.54
10-07-2026 23:23:01,47.42,19.71,103264.38,25.99,88.68,100451.98,182.89,100,-20305.66,0.83,4.07,-664441,5.78,30.42
10-07-2026 23:24:01,47.39,19.66,103254.35,25.96,88.58,100447.17,182.89,100,-20305.66,0.72,4.8,-667339,5.73,30.52
10-07-2026 23:25:01,47.43,19.66,103250.82,26,88.74,100451.98,182.89,100,-20305.66,0.85,4.47,-665819,5.67,30.47
10-07-2026 23:27:01,47.48,19.69,103248.79,26.13,87.95,100451.66,182.89,100,-20305.66,0.79,4.81,-657424,5.75,30.16
10-07-2026 23:28:01,47.46,19.65,103259.39,26.02,88.47,100451.42,182.89,100,-20305.66,0.83,4.62,-659921,5.78,30.25
10-07-2026 23:29:01,47.45,19.67,103254.36,25.76,89.97,100449.89,182.89,100,-20305.66,0.75,5.25,-657688,5.73,30.17
10-07-2026 23:30:01,47.45,19.67,103255.52,25.98,88.85,100448.28,182.89,100,-20305.66,0.73,4.58,-649383,5.68,29.87
10-07-2026 23:31:01,47.45,19.66,103251.96,25.92,89.24,100454.32,182.89,100,-20305.66,0.73,4.46,-654149,5.66,30.04
10-07-2026 23:32:01,47.46,19.67,103255.78,26.06,88.36,100443.19,182.89,100,-20305.66,0.75,4.98,-653131,5.71,30.00
10-07-2026 23:33:01,47.44,19.66,103249.94,25.91,89.24,100450.75,182.89,100,-20305.66,0.7,4.71,-655726,5.78,30.10
10-07-2026 23:34:02,47.45,19.67,103259.05,26.05,88.61,100453.57,182.89,100,-20305.66,0.76,4.64,-645381,5.74,29.72
10-07-2026 23:35:02,47.44,19.68,103249.82,25.77,89.93,100455.44,182.89,100,-20305.66,0.82,5.46,-654619,5.68,30.06
10-07-2026 23:36:02,47.45,19.7,103256.42,25.9,89.48,100452.41,182.89,100,-20305.66,0.74,5.16,-658520,5.78,30.20
10-07-2026 23:37:02,47.46,19.7,103267.69,25.86,89.53,100451.85,182.89,100,-20305.66,0.74,4.78,-644872,5.71,29.70
10-07-2026 23:38:02,47.44,19.67,103265.4,25.79,89.85,100453.82,182.89,100,-20305.66,0.84,4.5,-650353,5.73,29.90
10-07-2026 23:39:02,47.38,19.74,103254.11,25.79,90.04,100449.17,182.89,100,-20305.66,0.95,4.96,-647565,5.73,29.80
10-07-2026 23:40:02,47.41,19.73,103251.91,25.98,88.93,100451.03,182.89,100,-20305.66,0.68,4.87,-652572,5.8,29.98
10-07-2026 23:41:02,47.44,19.72,103259.74,25.91,89.44,100451.92,182.89,100,-20305.66,0.77,5.01,-647936,5.7,29.81
10-07-2026 23:42:02,47.47,19.68,103248.86,25.8,90.16,100453.89,182.89,100,-20305.66,0.76,5.57,-639440,5.7,29.50
10-07-2026 23:43:02,47.48,19.7,103256.47,25.97,89.17,100453.28,182.89,100,-20305.66,0.78,5.1,-646862,5.78,29.77
10-07-2026 23:44:02,47.53,19.67,103254.22,26.01,88.92,100454.32,182.89,100,-20305.66,0.78,4.47,-652942,5.78,30.00
10-07-2026 23:45:02,47.53,19.65,103258.91,26.21,87.64,100447.87,182.89,100,-20305.66,0.74,4.72,-648110,5.74,29.82
10-07-2026 23:46:02,47.46,19.67,103261.01,25.74,89.95,100447.67,182.89,100,-20305.66,0.72,4.99,-640741,5.69,29.55
10-07-2026 23:47:02,47.43,19.68,103261,25.99,88.85,100450.63,182.89,100,-20305.66,0.71,4.89,-657757,5.74,30.17
10-07-2026 23:48:02,47.43,19.7,103253.61,25.75,89.81,100449.15,182.89,100,-20305.66,0.79,4.65,-651624,5.77,29.95
10-07-2026 23:49:02,47.44,19.68,103261.49,26.03,88.31,100447.16,182.89,100,-20305.66,0.75,4.8,-655681,5.68,30.10
10-07-2026 23:50:02,47.46,19.67,103252.17,25.97,89.02,100448.33,182.89,100,-20305.66,0.73,5.31,-652374,5.76,29.98
10-07-2026 23:51:02,47.48,19.67,103253.25,26.15,88.18,100448.3,182.89,100,-20305.66,0.72,5.1,-640787,5.78,29.55
10-07-2026 23:52:02,47.49,19.66,103258.88,25.77,90.12,100449.64,182.89,100,-20305.66,0.72,4.28,-647570,5.69,29.80
10-07-2026 23:53:02,47.48,19.66,103270.72,25.83,89.94,100454.52,182.89,100,-20305.66,0.71,5.59,-638424,5.71,29.46
10-07-2026 23:54:02,47.47,19.66,103256.75,26.01,88.64,100451.87,182.89,100,-20305.66,0.75,5.44,-645142,5.8,29.71
10-07-2026 23:55:02,47.44,19.74,103253.14,25.8,90.15,100451.35,182.89,100,-20305.66,0.62,4.75,-639227,5.7,29.49
10-07-2026 23:56:02,47.44,19.71,103259.38,25.91,89.41,100455.41,182.89,100,-20305.66,0.81,4.91,-640455,5.79,29.54
10-07-2026 23:57:02,47.43,19.71,103252.61,25.88,89.42,100456.4,182.89,100,-20305.66,0.78,4.35,-633888,5.72,29.30
10-07-2026 23:58:02,47.47,19.7,103258.37,26.16,87.54,100454.24,182.89,100,-20305.66,0.83,4.67,-638839,5.78,29.48
10-07-2026 23:59:02,47.44,19.7,103271.1,25.82,89.67,100456.85,182.89,100,-20305.66,0.71,4.91,-632437,5.74,29.25
11-07-2026 0:00:00,47.43,19.71,103271.11,25.83,89.81,100456.32,182.89,100,-20305.66,0.66,4.33,-636297,5.74,29.39
11-07-2026 0:01:01,47.45,19.66,103267.6,26,88.68,100460.95,182.89,100,-20305.66,0.88,4.34,-644809,5.79,29.70
11-07-2026 0:02:01,47.4,19.69,103271.89,25.74,89.94,100460.81,182.89,100,-20305.66,0.71,5.13,-632751,5.7,29.26
11-07-2026 0:03:01,47.43,19.71,103263,26,89.1,100462.8,182.89,100,-20305.66,0.71,5.05,-630442,5.74,29.17
11-07-2026 0:04:01,47.45,19.72,103285.1,25.86,89.64,100466.49,182.89,100,-20305.66,0.76,5.14,-630647,5.79,29.18
11-07-2026 0:05:01,47.44,19.71,103263.22,25.71,90.46,100465.36,182.89,100,-20305.66,0.71,3.64,-622390,5.7,28.88
11-07-2026 0:06:01,47.45,19.7,103269.57,25.81,90.04,100465.72,182.89,100,-20305.66,0.81,4.13,-637563,5.8,29.43
11-07-2026 0:07:01,47.46,19.68,103265.83,26.2,87.57,100462.85,182.89,100,-20305.66,0.76,4.91,-628185,5.71,29.09
11-07-2026 0:08:01,47.45,19.71,103282.37,26.03,88.76,100467.25,182.89,100,-20305.66,0.95,4.26,-619263,5.77,28.76
11-07-2026 0:09:01,47.44,19.7,103260.94,26.16,87.4,100469,182.89,100,-20305.66,0.77,4.25,-624899,5.73,28.97
11-07-2026 0:10:01,47.44,19.71,103285.89,25.79,89.96,100472.46,182.89,100,-20305.66,0.75,5.53,-631739,5.77,29.22
11-07-2026 0:11:01,47.45,19.73,103278.76,25.95,89.23,100473.83,182.89,100,-20305.66,0.83,4.96,-623412,5.7,28.91
11-07-2026 0:12:01,47.45,19.73,103290.67,25.99,89.03,100476.03,182.89,100,-20305.66,0.78,4.59,-620460,5.81,28.81
11-07-2026 0:13:01,47.44,19.73,103279.81,25.79,90.11,100477.8,182.89,100,-20305.66,0.72,4.61,-623128,5.73,28.90
11-07-2026 0:14:01,47.46,19.7,103279.41,25.86,89.81,100478.16,182.89,100,-20305.66,0.82,5.04,-613059,5.74,28.54
11-07-2026 0:15:01,47.45,19.73,103304.5,25.81,89.88,100485.58,182.89,100,-20305.66,0.76,5.57,-619435,5.83,28.77
11-07-2026 0:16:01,47.46,19.75,103286.39,25.81,89.89,100480.99,182.89,100,-20305.66,0.96,4.27,-614849,5.72,28.60
11-07-2026 0:17:01,47.43,19.76,103299.14,25.81,90.04,100488.66,182.89,100,-20305.66,0.79,5.29,-618088,5.75,28.72
11-07-2026 0:18:01,47.44,19.73,103311.44,25.73,90.5,100486.52,182.89,100,-20305.66,0.74,4.22,-616823,5.83,28.67
11-07-2026 0:19:01,47.45,19.67,103295.42,25.95,88.94,100490.8,182.89,100,-20305.66,0.86,5.27,-622011,5.76,28.86
11-07-2026 0:20:01,47.44,19.76,103308.32,25.85,90.08,100494.6,182.89,100,-20305.66,0.76,4.47,-613718,5.72,28.56
11-07-2026 0:21:01,47.48,19.7,103300.02,25.92,89.64,100496.03,182.89,100,-20305.66,0.78,4.96,-620754,5.79,28.82
11-07-2026 0:22:01,47.47,19.72,103305.75,25.84,89.68,100493.51,182.89,100,-20305.66,0.79,4.76,-617141,5.83,28.69
11-07-2026 0:23:01,47.45,19.73,103304.67,25.99,88.9,100494.86,182.89,100,-20305.66,0.79,5.46,-606354,5.71,28.29
11-07-2026 0:24:01,47.44,19.72,103294.6,26,88.68,100496.1,182.89,100,-20305.66,0.8,4.41,-609557,5.77,28.41
11-07-2026 0:25:01,47.48,19.69,103308.8,26.03,88.65,100494.74,182.89,100,-20305.66,0.74,4.25,-621951,5.72,28.86
11-07-2026 0:26:01,47.43,19.68,103303.21,25.69,90.27,100491.67,182.89,100,-20305.66,0.72,4.67,-608695,5.75,28.38
11-07-2026 0:27:01,47.39,19.69,103293.49,25.89,89.22,100491.11,182.89,100,-20305.66,0.79,4.82,-617290,5.8,28.69
11-07-2026 0:28:01,47.37,19.72,103293.03,25.96,88.92,100491.97,182.89,100,-20305.66,0.76,5.15,-618089,5.73,28.72
11-07-2026 0:29:01,47.34,19.74,103298.35,25.67,89.96,100488.7,182.89,100,-20305.66,0.83,5.17,-611843,5.72,28.49
11-07-2026 0:30:02,47.33,19.8,103293.69,25.81,89.77,100490.92,182.89,100,-20305.66,0.78,4.61,-621988,5.73,28.86
11-07-2026 0:31:02,47.39,19.77,103315.96,26.03,88.53,100492.32,182.89,100,-20305.66,0.75,5.7,-620139,5.69,28.80
11-07-2026 0:32:02,47.4,19.74,103286.39,25.88,89.74,100493.11,182.89,100,-20305.66,0.8,4.87,-597723,5.71,27.97
11-07-2026 0:33:02,47.39,19.78,103300.16,25.97,89.05,100494.98,182.89,100,-20305.66,0.77,5.31,-612163,5.73,28.50
11-07-2026 0:34:02,47.39,19.73,103300.03,25.86,89.67,100490.99,182.89,100,-20305.66,0.85,4.73,-610917,5.75,28.46
11-07-2026 0:35:02,47.42,19.73,103296.14,26.07,88.32,100494.39,182.89,100,-20305.66,0.71,5.27,-605348,5.77,28.25
11-07-2026 0:36:02,47.43,19.71,103294.74,26.01,88.91,100491.61,182.89,100,-20305.66,0.73,4.6,-611691,5.8,28.49
11-07-2026 0:37:02,47.41,19.73,103309.2,25.94,89.21,100493.61,182.89,100,-20305.66,0.77,5.57,-619850,5.79,28.78
11-07-2026 0:38:02,47.4,19.72,103304.17,26.21,87.16,100488.91,182.89,100,-20305.66,0.8,5.58,-611042,5.8,28.46
11-07-2026 0:39:02,47.39,19.73,103301.16,25.96,88.86,100492.84,182.89,100,-20305.66,0.84,4.48,-613772,5.76,28.56
11-07-2026 0:40:02,47.34,19.73,103296.92,25.64,90.48,100495.22,182.89,100,-20305.66,0.83,4.9,-615426,5.72,28.62
11-07-2026 0:41:02,47.35,19.74,103295.35,25.88,89.26,100492.82,182.89,100,-20305.66,0.77,4.48,-622209,5.74,28.87
11-07-2026 0:42:02,47.38,19.75,103291.03,25.99,88.9,100496.49,182.89,100,-20305.66,0.78,5.19,-618167,5.82,28.72
11-07-2026 0:43:02,47.38,19.69,103296.44,25.85,89.6,100493.37,182.89,100,-20305.66,0.78,4.64,-623238,5.82,28.91
11-07-2026 0:44:02,47.34,19.74,103294.29,25.92,89.06,100495.8,182.89,100,-20305.66,0.76,5.1,-618418,5.74,28.73
11-07-2026 0:45:02,47.32,19.74,103307.22,25.92,89.2,100498.69,182.89,100,-20305.66,0.75,4.2,-614796,5.82,28.60
11-07-2026 0:46:02,47.35,19.8,103315.91,25.91,88.99,100497.93,182.89,100,-20305.66,0.78,5.23,-622807,5.77,28.89
11-07-2026 0:47:02,47.33,19.8,103309.37,26.2,87.24,100499.99,182.89,100,-20305.66,0.8,5.25,-617526,5.77,28.70
11-07-2026 0:48:02,47.28,19.76,103300.89,25.77,89.61,100499.34,182.89,100,-20305.66,0.96,5.19,-629890,5.85,29.15
11-07-2026 0:49:02,47.24,19.8,103295.44,26.02,88.01,100502.85,182.89,100,-20305.66,0.82,4.89,-618590,5.82,28.74
11-07-2026 0:50:02,47.24,19.82,103303.49,25.83,89.02,100500.6,182.89,100,-20305.66,0.89,5.2,-624127,5.81,28.94
11-07-2026 0:51:02,47.22,19.81,103304.57,26.02,88.1,100504.14,182.89,100,-20305.66,0.81,5.19,-613426,5.78,28.55
11-07-2026 0:52:02,47.19,19.79,103299.92,25.69,89.56,100500.16,182.89,100,-20305.66,0.85,4.95,-620956,5.79,28.82
11-07-2026 0:53:02,47.18,19.84,103318.03,25.81,89.4,100501.6,182.89,100,-20305.66,0.73,4.94,-621061,5.86,28.83
11-07-2026 0:54:02,47.22,19.82,103297.89,25.79,89.46,100499.89,182.89,100,-20305.66,0.76,5.66,-621105,5.86,28.83
11-07-2026 0:55:02,47.21,19.86,103305.78,25.83,89.29,100500.71,182.89,100,-20305.66,0.82,4.88,-624016,5.79,28.94
11-07-2026 0:56:02,47.22,19.83,103309.97,26.04,88.06,100504.04,182.89,100,-20305.66,0.78,4.77,-632963,5.75,29.26
11-07-2026 0:57:03,47.21,19.87,103312,25.92,88.72,100503.59,182.89,100,-20305.66,0.81,4.63,-625089,5.81,28.98
11-07-2026 0:58:03,47.19,19.84,103316.13,25.81,89.09,100503.52,182.89,100,-20305.66,0.78,4.61,-630519,5.86,29.18
11-07-2026 0:59:03,47.21,19.86,103310.1,25.84,89.05,100504.1,182.89,100,-20305.66,0.8,4.99,-620736,5.76,28.82
11-07-2026 1:00:00,47.2,19.87,103313.05,25.86,89.05,100505.33,182.89,100,-20305.66,0.78,5.29,-621938,5.76,28.86
11-07-2026 1:01:00,47.26,19.85,103315.38,25.89,89.15,100506.67,182.89,100,-20305.66,0.69,5.74,-633038,5.76,29.27
11-07-2026 1:02:01,47.28,19.8,103310.59,25.91,89.18,100507.52,182.89,100,-20305.66,0.75,5.29,-629650,5.77,29.14
11-07-2026 1:03:01,47.28,19.85,103323.43,25.81,89.65,100507.94,182.89,100,-20305.66,0.8,4.54,-623847,5.77,28.93
11-07-2026 1:04:01,47.3,19.8,103315.07,26.02,88.61,100511.41,182.89,100,-20305.66,0.8,4.99,-632213,5.78,29.24
11-07-2026 1:05:01,47.3,19.8,103310.74,25.71,89.97,100512.39,182.89,100,-20305.66,0.79,5.22,-627208,5.77,29.05
11-07-2026 1:06:01,47.31,19.83,103312.82,25.92,89.16,100511.6,182.89,100,-20305.66,0.73,5.09,-628078,5.78,29.09
11-07-2026 1:07:01,47.29,19.8,103317.19,26.03,87.81,100506.31,182.89,100,-20305.66,0.85,5.48,-631281,5.76,29.20
11-07-2026 1:08:01,47.26,19.83,103316.69,25.9,89.14,100510.73,182.89,100,-20305.66,0.75,5.56,-634539,5.79,29.32
11-07-2026 1:09:01,47.3,19.81,103322.87,25.96,88.9,100513.52,182.89,100,-20305.66,0.72,5.54,-631550,5.8,29.21
11-07-2026 1:10:01,47.32,19.79,103311.79,26.12,87.61,100511.14,182.89,100,-20305.66,0.78,5.41,-626613,5.77,29.03
11-07-2026 1:11:01,47.32,19.79,103331.57,26.07,88.09,100514.44,182.89,100,-20305.66,0.82,4.87,-630100,5.76,29.16
11-07-2026 1:12:01,47.3,19.79,103329.02,25.78,89.66,100520.65,182.89,100,-20305.66,0.77,5.5,-622407,5.78,28.88
11-07-2026 1:13:01,47.3,19.81,103322.35,25.96,88.66,100517.72,182.89,100,-20305.66,0.73,4.64,-620250,5.86,28.80
11-07-2026 1:14:01,47.31,19.77,103320.22,26.09,88.04,100517.32,182.89,100,-20305.66,1.04,5.07,-626538,5.86,29.03
11-07-2026 1:15:01,47.27,19.81,103315.16,25.81,89.27,100518.46,182.89,100,-20305.66,0.75,4.44,-630490,5.82,29.17
11-07-2026 1:16:01,47.27,19.8,103322.27,25.66,90.14,100519.67,182.89,100,-20305.66,0.82,4.82,-626814,5.78,29.04
11-07-2026 1:17:01,47.27,19.82,103323.83,25.86,89.45,100519.23,182.89,100,-20305.66,0.78,4.59,-625898,5.77,29.01
11-07-2026 1:18:01,47.28,19.82,103313.75,26.1,87.65,100520.53,182.89,100,-20305.66,0.83,5.08,-628907,5.74,29.12
11-07-2026 1:19:01,47.3,19.82,103344.22,25.83,89.23,100523.88,182.89,100,-20305.66,0.79,4.94,-608708,5.75,28.38
11-07-2026 1:20:01,47.31,19.82,103322.07,25.87,89.36,100518.13,182.89,100,-20305.66,0.77,5.16,-609926,5.76,28.42
11-07-2026 1:21:01,47.31,19.82,103326.28,26.04,88.3,100520.67,182.89,100,-20305.66,0.78,4.29,-623003,5.78,28.90
11-07-2026 1:22:01,47.34,19.8,103320.67,26.1,88.04,100520.42,182.89,100,-20305.66,0.73,5.15,-610847,5.83,28.45
11-07-2026 1:23:01,47.33,19.8,103320.74,26.14,87.64,100518.16,182.89,100,-20305.66,0.78,4.49,-619448,5.86,28.77
11-07-2026 1:24:01,47.34,19.84,103317.78,25.96,88.68,100515.78,182.89,100,-20305.66,0.84,5.29,-616886,5.87,28.68
11-07-2026 1:25:01,47.33,19.8,103321.38,26.14,87.92,100522.39,182.89,100,-20305.66,0.66,4.54,-617501,5.87,28.70
11-07-2026 1:26:01,47.34,19.8,103321.97,26.05,88.17,100518.17,182.89,100,-20305.66,0.82,4.88,-609309,5.87,28.40
11-07-2026 1:27:01,47.33,19.81,103330.03,26.2,87.25,100520.96,182.89,100,-20305.66,0.75,5.77,-621201,5.8,28.83
11-07-2026 1:28:01,47.35,19.84,103331.58,25.99,88.44,100518.09,182.89,100,-20305.66,0.73,4.89,-607670,5.77,28.34
11-07-2026 1:29:01,47.34,19.82,103324.5,26.08,88.09,100514.5,182.89,100,-20305.66,0.79,4.99,-607475,5.78,28.33
11-07-2026 1:30:01,47.34,19.83,103315.14,25.77,89.92,100515.03,182.89,100,-20305.66,0.76,5.04,-615530,5.78,28.63
11-07-2026 1:31:01,47.36,19.8,103320.49,25.98,88.96,100516.91,182.89,100,-20305.66,0.82,4.85,-611250,5.77,28.47
11-07-2026 1:32:02,47.36,19.78,103318.92,25.78,90.05,100519.3,182.89,100,-20305.66,0.79,4.95,-604563,5.84,28.22
11-07-2026 1:33:02,47.34,19.83,103330.28,25.76,90.25,100516.07,182.89,100,-20305.66,0.8,4.73,-621752,5.87,28.85
11-07-2026 1:34:02,47.36,19.78,103315.97,25.93,89.27,100517.14,182.89,100,-20305.66,0.74,5.58,-623883,5.85,28.93
11-07-2026 1:35:02,47.39,19.77,103326.49,26.22,87.49,100514.83,182.89,100,-20305.66,0.71,5.11,-624437,5.78,28.95
11-07-2026 1:36:02,47.35,19.8,103311.94,25.83,90.13,100514.19,182.89,100,-20305.66,0.77,5.32,-621910,5.77,28.86
11-07-2026 1:37:02,47.35,19.81,103310.02,25.86,89.85,100512.25,182.89,100,-20305.66,0.74,4.96,-630178,5.78,29.16
11-07-2026 1:38:02,47.36,19.81,103318.5,25.68,90.85,100518.73,182.89,100,-20305.66,0.72,4.93,-624668,5.79,28.96
11-07-2026 1:39:02,47.37,19.81,103311.79,25.97,89,100512.64,182.89,100,-20305.66,0.71,5.04,-629980,5.79,29.16
11-07-2026 1:40:02,47.35,19.8,103323.13,25.84,89.46,100513.68,182.89,100,-20305.66,0.84,4.77,-626635,5.79,29.03
11-07-2026 1:41:02,47.28,19.82,103315.75,25.59,91.31,100519.55,182.89,100,-20305.66,0.81,5.02,-627590,5.76,29.07
11-07-2026 1:42:02,47.3,19.86,103322.71,25.75,90.55,100513.56,182.89,100,-20305.66,0.74,5.37,-622741,5.81,28.89
11-07-2026 1:43:02,47.33,19.82,103318.16,25.86,89.84,100511.96,182.89,100,-20305.66,0.74,5.22,-625465,5.84,28.99
11-07-2026 1:44:02,47.32,19.81,103313.89,25.88,89.66,100511.88,182.89,100,-20305.66,0.81,4.47,-632381,5.86,29.24
11-07-2026 1:45:02,47.31,19.79,103318.96,25.71,90.39,100512.28,182.89,100,-20305.66,0.76,5.3,-631468,5.89,29.21
11-07-2026 1:46:02,47.33,19.81,103314.91,26.02,88.1,100509.82,182.89,100,-20305.66,0.9,4.94,-626494,5.88,29.03
11-07-2026 1:47:02,47.3,19.86,103311.63,25.96,88.94,100511.14,182.89,100,-20305.66,0.77,5.92,-628498,5.81,29.10
11-07-2026 1:48:02,47.29,19.83,103319.12,25.72,90.13,100510.71,182.89,100,-20305.66,0.77,5.36,-626282,5.78,29.02
11-07-2026 1:49:02,47.28,19.82,103309.24,25.81,89.88,100510.1,182.89,100,-20305.66,0.82,4.43,-645669,5.79,29.73
11-07-2026 1:50:02,47.26,19.88,103322.35,25.62,91.12,100508.11,182.89,100,-20305.66,0.79,5.23,-634071,5.87,29.31
11-07-2026 1:51:02,47.31,19.82,103320.22,25.96,89.38,100506.26,182.89,100,-20305.66,0.8,4.91,-630139,5.89,29.16
11-07-2026 1:52:02,47.32,19.81,103311.42,26.01,88.58,100505.97,182.89,100,-20305.66,0.76,5.33,-622239,5.86,28.87
11-07-2026 1:53:02,47.34,19.83,103309.49,26.06,88.71,100505.66,182.89,100,-20305.66,0.84,5.19,-620909,5.82,28.82
11-07-2026 1:54:02,47.38,19.87,103308.97,25.81,90.01,100506.08,182.89,100,-20305.66,0.81,5.42,-611836,5.78,28.49
11-07-2026 1:55:02,47.34,19.83,103304.5,25.79,90.05,100504.17,182.89,100,-20305.66,0.77,4.86,-626464,5.78,29.03
11-07-2026 1:56:02,47.31,19.83,103302.29,25.66,90.73,100504.52,182.89,100,-20305.66,0.78,5.22,-618442,5.88,28.73
11-07-2026 1:57:02,47.31,19.86,103307.75,25.94,88.8,100504.14,182.89,100,-20305.66,0.77,4.55,-620509,5.88,28.81
11-07-2026 1:58:02,47.35,19.85,103308.57,25.99,89.33,100503.05,182.89,100,-20305.66,0.73,5.46,-629122,5.79,29.12
11-07-2026 1:59:03,47.32,19.85,103307.99,25.72,90.71,100501.17,182.89,100,-20305.66,0.78,5.58,-626865,5.82,29.04
11-07-2026 2:00:00,47.32,19.85,103309.57,25.77,90.37,100496.52,182.89,100,-20305.66,0.78,5.05,-625466,5.82,28.99
11-07-2026 2:01:00,47.35,19.84,103303.53,26.19,87.84,100498.8,182.89,100,-20305.66,0.71,4.25,-630124,5.86,29.16
11-07-2026 2:02:01,47.36,19.83,103300.28,25.78,90.4,100492.3,182.89,100,-20305.66,0.8,5.61,-632772,5.79,29.26
11-07-2026 2:03:01,47.37,19.84,103300.63,25.91,89.48,100494.43,182.89,100,-20305.66,0.75,4.96,-631071,5.81,29.20
11-07-2026 2:04:01,47.39,19.81,103303.46,25.91,89.54,100491.53,182.89,100,-20305.66,0.8,5.25,-634880,5.89,29.33
11-07-2026 2:05:01,47.37,19.87,103304.28,25.75,90.49,100489.91,182.89,100,-20305.66,0.8,5.08,-631831,5.9,29.22
11-07-2026 2:06:01,47.35,19.85,103296.13,25.62,91.22,100493.18,182.89,100,-20305.66,0.69,4.72,-631585,5.82,29.21
11-07-2026 2:07:01,47.37,19.87,103294.5,25.81,90.53,100490.1,182.89,100,-20305.66,0.82,4.65,-640338,5.79,29.53
11-07-2026 2:08:01,47.39,19.84,103295.88,25.91,89.76,100490.66,182.89,100,-20305.66,0.78,4.48,-643551,5.83,29.65
11-07-2026 2:09:01,47.41,19.83,103294.47,25.84,90.18,100492.14,182.89,100,-20305.66,0.68,5.61,-634064,5.92,29.30
11-07-2026 2:10:01,47.39,19.8,103298.05,26.11,88.31,100490.21,182.89,100,-20305.66,0.86,4.97,-636104,5.88,29.38
11-07-2026 2:11:01,47.4,19.83,103289.22,25.87,89.95,100488.28,182.89,100,-20305.66,0.88,4.99,-636649,5.82,29.40
11-07-2026 2:12:01,47.37,19.84,103290.35,25.93,89.7,100485.42,182.89,100,-20305.66,0.81,4.85,-632447,5.93,29.25
11-07-2026 2:13:01,47.38,19.84,103303.53,25.8,90.61,100486.53,182.89,100,-20305.66,0.78,5.36,-640835,5.81,29.55
11-07-2026 2:14:01,47.37,19.89,103283.12,25.53,91.99,100487.64,182.89,100,-20305.66,0.69,5.5,-635862,5.94,29.37
11-07-2026 2:16:01,47.32,19.85,103289.74,25.85,90.24,100480.07,182.89,100,-20305.66,0.74,5.12,-635780,5.92,29.37
11-07-2026 2:18:01,47.34,19.83,103279.42,25.78,90.57,100475.35,182.89,100,-20305.66,0.82,5.03,-636091,5.89,29.38
11-07-2026 2:19:01,47.34,19.85,103285.38,25.68,91.17,100478.72,182.89,100,-20305.66,0.69,5.35,-644124,5.88,29.67
11-07-2026 2:20:01,47.34,19.9,103287.89,25.77,90.37,100476.42,182.89,100,-20305.66,0.8,4.89,-640504,5.86,29.54
11-07-2026 2:21:01,47.32,19.85,103286.32,25.81,90.5,100480.69,182.89,100,-20305.66,0.7,5.32,-633259,5.94,29.28
11-07-2026 2:22:01,47.29,19.89,103286.3,25.53,91.89,100478.42,182.89,100,-20305.66,0.83,4.84,-638368,5.84,29.46
11-07-2026 2:23:01,47.33,19.88,103302.35,25.81,90.13,100478.72,182.89,100,-20305.66,0.87,4.16,-633073,5.85,29.27
11-07-2026 2:24:01,47.34,19.86,103273.97,25.73,90.97,100475.64,182.89,100,-20305.66,0.8,5.38,-634125,5.96,29.31
11-07-2026 2:25:01,47.35,19.89,103281.47,25.95,89.61,100479.29,182.89,100,-20305.66,0.74,4.96,-634524,5.92,29.32
11-07-2026 2:26:01,47.39,19.86,103279.42,26,89.54,100480.13,182.89,100,-20305.66,0.79,5.32,-634197,5.84,29.31
11-07-2026 2:27:01,47.39,19.85,103278.92,25.81,90.19,100476.85,182.89,100,-20305.66,0.75,4.67,-633333,5.94,29.28
11-07-2026 2:28:01,47.39,19.83,103281.27,25.86,89.99,100476.77,182.89,100,-20305.66,0.77,4.51,-634732,5.91,29.33
11-07-2026 2:29:01,47.4,19.89,103280.08,25.91,90.01,100473.35,182.89,100,-20305.66,0.8,4.91,-629378,5.83,29.13
11-07-2026 2:30:01,47.38,19.84,103265.08,25.94,89.84,100472.94,182.89,100,-20305.66,0.82,4.82,-632206,5.89,29.24
11-07-2026 2:31:01,47.37,19.92,103266.29,25.83,90.55,100470.42,182.89,100,-20305.66,0.92,5.51,-625470,5.96,28.99
11-07-2026 2:32:02,47.4,19.85,103264.26,25.72,90.93,100470.71,182.89,100,-20305.66,0.76,5.65,-634340,5.93,29.31
11-07-2026 2:33:02,47.38,19.87,103271.63,25.89,89.98,100464.25,182.89,100,-20305.66,0.75,5.28,-638237,5.86,29.46
11-07-2026 2:34:02,47.39,19.85,103259.58,25.88,90.17,100467.32,182.89,100,-20305.66,0.84,4.7,-629476,5.85,29.14
11-07-2026 2:35:02,47.32,19.87,103265.63,25.81,89.92,100466.07,182.89,100,-20305.66,0.93,4.63,-627347,5.86,29.06
11-07-2026 2:36:02,47.35,19.89,103272.07,25.99,89.08,100463.02,182.89,100,-20305.66,0.75,4.97,-628540,5.88,29.10
11-07-2026 2:37:02,47.34,19.9,103254.62,25.59,91.88,100460.46,182.89,100,-20305.66,0.87,4.64,-624717,5.87,28.96
11-07-2026 2:38:02,47.32,19.91,103263.5,25.64,91.53,100461.88,182.89,100,-20305.66,0.8,4.4,-624215,5.89,28.94
11-07-2026 2:39:02,47.37,19.89,103253.21,25.91,90.11,100462.19,182.89,100,-20305.66,0.72,4.15,-626799,5.93,29.04
11-07-2026 2:40:02,47.4,19.89,103264.26,25.91,90.12,100464.97,182.89,100,-20305.66,0.8,5.03,-623421,5.94,28.92
11-07-2026 2:41:02,47.38,19.9,103268.57,25.74,90.97,100459.41,182.89,100,-20305.66,0.76,4.58,-624973,5.95,28.97
11-07-2026 2:42:02,47.49,19.75,103267.15,25.81,90.47,100463.63,182.89,100,-20305.66,0.78,5.48,-590066,5.83,27.69
11-07-2026 2:44:02,47.51,19.72,103257.89,25.68,91.39,100461.81,182.89,100,-20305.66,0.76,5.23,-598627,5.81,28.01
11-07-2026 2:45:02,47.51,19.69,103269.17,25.66,91.64,100460.38,182.89,100,-20305.66,0.79,4.11,-595094,5.8,27.88
11-07-2026 2:46:02,47.49,19.75,103260.24,25.91,90.17,100455.8,182.89,100,-20305.66,0.8,4.86,-591988,5.78,27.76
11-07-2026 2:47:02,47.45,19.76,103268.68,25.78,90.86,100459.42,182.89,100,-20305.66,0.84,4.32,-591520,5.85,27.75
11-07-2026 2:48:02,47.44,19.76,103263.89,25.74,91.11,100456.57,182.89,100,-20305.66,0.73,5.48,-593526,5.86,27.82
11-07-2026 2:49:02,47.41,19.75,103256.77,25.67,90.83,100452.28,182.89,100,-20305.66,0.74,4.76,-589377,5.77,27.67
11-07-2026 2:50:02,47.43,19.78,103260.83,25.79,90.61,100453.46,182.89,100,-20305.66,0.72,4.92,-582824,5.75,27.43
11-07-2026 2:51:02,47.43,19.76,103249.11,25.87,90.07,100450.87,182.89,100,-20305.66,0.6,5.23,-591321,5.83,27.74
11-07-2026 2:52:02,47.42,19.73,103246.66,25.84,90.14,100450.42,182.89,100,-20305.66,0.79,5.43,-587952,5.84,27.62
11-07-2026 2:53:02,47.42,19.73,103237.1,25.68,90.99,100446.59,182.89,100,-20305.66,0.73,5.11,-586759,5.75,27.57
11-07-2026 2:54:02,47.38,19.75,103243.01,25.73,90.37,100442.5,182.89,100,-20305.66,0.72,5.23,-593691,5.85,27.83
11-07-2026 2:55:02,47.33,19.76,103241.67,25.69,90.92,100436.85,182.89,100,-20305.66,0.81,5.3,-588922,5.75,27.65
11-07-2026 2:56:02,47.32,19.78,103241.6,25.77,90.47,100442.1,182.89,100,-20305.66,0.81,5.13,-584757,5.85,27.50
11-07-2026 2:57:02,47.32,19.78,103242,25.86,89.29,100440.44,182.89,100,-20305.66,0.85,4.96,-588411,5.77,27.63
11-07-2026 2:58:02,47.28,19.79,103231.91,25.82,89.87,100436.22,182.89,100,-20305.66,0.85,5.28,-588604,5.75,27.64
11-07-2026 2:59:02,47.27,19.81,103241.49,25.8,89.77,100435.13,182.89,100,-20305.66,0.74,5.16,-582931,5.8,27.43
11-07-2026 3:00:00,47.24,19.82,103231.67,25.61,90.87,100430.86,182.89,100,-20305.66,0.83,5.49,-590557,5.8,27.71
11-07-2026 3:01:00,47.23,19.82,103238.9,25.77,90.26,100431.51,182.89,100,-20305.66,0.79,5.55,-584258,5.85,27.48
11-07-2026 3:02:01,47.25,19.78,103241.47,26.03,87.91,100432.63,182.89,100,-20305.66,0.73,5.28,-593970,5.79,27.84
11-07-2026 3:03:01,47.21,19.83,103237.63,25.66,90.41,100428.56,182.89,100,-20305.66,0.77,5.32,-585291,5.76,27.52
11-07-2026 3:04:01,47.22,19.78,103239.49,25.59,90.58,100430.42,182.89,100,-20305.66,0.83,4.92,-581357,5.76,27.38
11-07-2026 3:05:01,47.19,19.84,103226.3,25.68,90.61,100430.56,182.89,100,-20305.66,0.75,5.67,-580791,5.8,27.35
11-07-2026 3:06:01,47.2,19.79,103235.6,25.69,90.33,100434.13,182.89,100,-20305.66,0.73,4.81,-571946,5.84,27.03
11-07-2026 3:07:01,47.17,19.84,103236.29,25.63,90.78,100426.89,182.89,100,-20305.66,0.72,5.2,-576445,5.88,27.20
11-07-2026 3:08:01,47.17,19.85,103225.66,25.71,90.21,100430.39,182.89,100,-20305.66,0.78,4.49,-576306,5.84,27.19
11-07-2026 3:09:01,47.22,19.81,103241.63,25.86,89.16,100423.42,182.89,100,-20305.66,0.81,4.94,-578271,5.81,27.26
11-07-2026 3:10:01,47.19,19.83,103226.3,25.78,89.71,100427.64,182.89,100,-20305.66,0.83,4.97,-556029,5.78,26.45
11-07-2026 3:11:01,47.2,19.78,103221.1,25.84,89.14,100426.94,182.89,100,-20305.66,0.79,5.2,-567199,5.76,26.86
11-07-2026 3:12:01,47.18,19.83,103219.1,25.8,89.4,100425.43,182.89,100,-20305.66,0.82,4.77,-558667,5.81,26.54
11-07-2026 3:13:01,47.19,19.83,103231.42,25.79,89.62,100422.44,182.89,100,-20305.66,0.81,5.15,-571839,5.88,27.03
11-07-2026 3:14:01,47.18,19.85,103229.33,25.77,90.08,100425.24,182.89,100,-20305.66,0.83,4.79,-568459,5.79,26.90
11-07-2026 3:15:01,47.18,19.85,103221.8,25.69,90.31,100423.03,182.89,100,-20305.66,0.69,5.75,-560060,5.86,26.60
11-07-2026 3:16:01,47.16,19.82,103227.47,25.63,89.83,100422.25,182.89,100,-20305.66,0.86,5.34,-554307,5.82,26.39
11-07-2026 3:17:01,47.08,19.86,103231.52,25.49,91.06,100423.26,182.89,100,-20305.66,0.76,4.71,-565305,5.9,26.79
11-07-2026 3:18:01,47.07,19.86,103232.92,25.67,89.75,100419.71,182.89,100,-20305.66,0.79,5.38,-560054,5.9,26.60
11-07-2026 3:19:01,47.03,19.88,103226.44,25.85,88.38,100421.68,182.89,100,-20305.66,0.84,4.8,-560851,5.88,26.62
11-07-2026 3:20:01,47.03,19.88,103238.89,25.54,90.41,100419.42,182.89,100,-20305.66,0.88,5.15,-555687,5.87,26.44
11-07-2026 3:21:01,47.03,19.87,103215.63,25.69,89.8,100418.14,182.89,100,-20305.66,0.94,4.75,-550050,5.84,26.23
11-07-2026 3:22:01,46.99,19.92,103225.47,25.47,91.18,100418.38,182.89,100,-20305.66,0.78,4.72,-562614,5.86,26.69
11-07-2026 3:23:01,46.99,19.92,103226.07,25.63,89.87,100417.6,182.89,100,-20305.66,0.76,5.17,-567834,5.88,26.88
11-07-2026 3:24:01,46.97,19.91,103213.57,25.51,90.52,100416.08,182.89,100,-20305.66,0.74,4.58,-549902,5.92,26.22
11-07-2026 3:25:01,46.99,19.91,103217,25.48,90.64,100417.89,182.89,100,-20305.66,0.72,4.99,-555269,5.9,26.42
11-07-2026 3:26:01,46.97,19.93,103219.15,25.66,89.48,100414.57,182.89,100,-20305.66,0.76,3.86,-546419,5.84,26.10
11-07-2026 3:27:01,47.01,19.91,103221.74,25.56,90.54,100413.89,182.89,100,-20305.66,0.76,4.75,-553693,5.81,26.36
11-07-2026 3:28:01,46.99,19.92,103232.79,25.9,88.52,100413.15,182.89,100,-20305.66,0.83,5.05,-544287,5.87,26.02
11-07-2026 3:29:01,46.99,19.89,103205.96,25.88,88.64,100410.04,182.89,100,-20305.66,0.76,4.84,-569674,5.93,26.95
11-07-2026 3:30:01,47.01,19.91,103199.7,25.81,89.05,100409.72,182.89,100,-20305.66,0.75,5.4,-569159,5.87,26.93
11-07-2026 3:31:02,47.03,19.96,103207.8,25.76,89.55,100409.84,182.89,100,-20305.66,0.72,5.12,-575023,5.82,27.14
11-07-2026 3:32:02,47.04,19.91,103205.47,25.63,89.93,100401.05,182.89,100,-20305.66,0.76,4.48,-572435,5.82,27.05
11-07-2026 3:33:02,46.99,19.93,103217.07,25.78,89.03,100399.72,182.89,100,-20305.66,0.8,5.56,-572118,5.89,27.04
11-07-2026 3:34:02,46.98,19.93,103213.85,25.68,89.76,100400.07,182.89,100,-20305.66,0.79,4.49,-569432,5.92,26.94
11-07-2026 3:35:02,47,19.92,103201.34,25.65,89.72,100399.51,182.89,100,-20305.66,0.77,5.3,-563866,5.83,26.74
11-07-2026 3:36:02,46.99,19.93,103191,25.64,89.72,100395.92,182.89,100,-20305.66,0.81,5.08,-568504,5.84,26.90
11-07-2026 3:37:02,46.94,19.95,103201.94,25.64,89.65,100394.57,182.89,100,-20305.66,0.8,4.7,-566032,5.92,26.81
11-07-2026 3:38:02,46.97,19.97,103199.46,25.7,89.39,100392.61,182.89,100,-20305.66,0.74,4.9,-576636,5.86,27.20
11-07-2026 3:39:02,46.95,19.9,103189.89,25.51,90.17,100394.24,182.89,100,-20305.66,0.81,5.11,-558255,5.91,26.53
11-07-2026 3:40:02,46.89,19.95,103185.08,25.65,89.44,100388.82,182.89,100,-20305.66,0.78,4.8,-568588,5.94,26.91
11-07-2026 3:41:02,46.93,19.96,103202.74,25.66,89.58,100390,182.89,100,-20305.66,0.91,5.78,-575460,5.83,27.16
11-07-2026 3:42:02,46.92,19.93,103188.74,25.7,88.82,100387.4,182.89,100,-20305.66,0.74,4.98,-566194,5.9,26.82
11-07-2026 3:43:02,46.94,19.98,103178.98,25.79,89.05,100385.51,182.89,100,-20305.66,0.78,5.1,-577382,5.9,27.23
11-07-2026 3:44:02,46.95,19.9,103182.87,25.64,89.34,100381.98,182.89,100,-20305.66,0.8,4.48,-567172,5.85,26.86
11-07-2026 3:45:02,46.94,19.93,103185.72,25.77,88.9,100380.46,182.89,100,-20305.66,0.76,4.23,-560878,5.94,26.63
11-07-2026 3:46:02,46.94,19.9,103189.74,25.77,88.05,100378.42,182.89,100,-20305.66,0.85,5.05,-565618,5.83,26.80
11-07-2026 3:48:02,46.89,19.96,103179.91,25.63,89.34,100380.49,182.89,100,-20305.66,0.65,5.2,-562603,5.94,26.69
11-07-2026 3:49:02,46.88,19.95,103179.85,25.6,89.58,100378.89,182.89,100,-20305.66,0.76,4.78,-576540,5.94,27.20
11-07-2026 3:50:02,46.87,19.97,103187.14,25.72,88.85,100383.39,182.89,100,-20305.66,0.78,5.62,-570835,5.9,26.99
11-07-2026 3:51:02,46.86,19.96,103181.99,25.79,87.94,100377.48,182.89,100,-20305.66,0.74,5.29,-546684,5.87,26.11
11-07-2026 3:52:02,46.83,19.96,103190.86,25.84,87.56,100375.53,182.89,100,-20305.66,0.78,4.95,-544520,5.91,26.03
11-07-2026 3:53:02,46.79,19.95,103176.35,25.5,89.5,100379.96,182.89,100,-20305.66,0.88,5.45,-543864,5.97,26.00
11-07-2026 3:54:02,46.69,20,103165.33,25.51,89.14,100377.58,182.89,100,-20305.66,0.81,4.18,-534799,5.87,25.67
11-07-2026 3:55:02,46.7,19.95,103173.11,25.66,88.34,100377.63,182.89,100,-20305.66,0.91,4.96,-536904,5.87,25.75
11-07-2026 3:56:02,46.67,19.98,103167.44,25.69,88.37,100377.21,182.89,100,-20305.66,0.8,4.32,-538315,5.9,25.80
11-07-2026 3:57:02,46.69,20,103178.42,25.45,89.64,100375.92,182.89,100,-20305.66,0.74,5.5,-546313,5.9,26.09
11-07-2026 3:58:02,46.68,20.01,103166.79,25.75,88.02,100372.25,182.89,100,-20305.66,0.81,5.14,-546909,5.86,26.11
11-07-2026 3:59:02,46.7,20.02,103166.86,25.63,88.72,100374.21,182.89,100,-20305.66,0.79,4.9,-537904,5.96,25.78
11-07-2026 4:00:00,46.68,20.01,103167.64,25.59,88.81,100371.66,182.89,100,-20305.66,0.73,4.49,-556313,5.96,26.46
11-07-2026 4:01:00,46.67,19.94,103160.24,25.78,86.98,100369.73,182.89,100,-20305.66,0.83,4.97,-560261,5.91,26.60
11-07-2026 4:02:00,46.6,20.02,103167.64,25.58,88.65,100364.27,182.89,100,-20305.66,0.77,4.78,-562644,5.9,26.69
11-07-2026 4:03:00,46.61,20.06,103169.6,25.59,88.98,100361.21,182.89,100,-20305.66,0.75,5.28,-545339,5.87,26.06
11-07-2026 4:04:01,46.61,20.05,103185.03,25.63,88.29,100362.03,182.89,100,-20305.66,0.79,5.22,-537239,5.93,25.76
11-07-2026 4:05:01,46.61,20.04,103160.47,25.54,88.93,100367.82,182.89,100,-20305.66,0.76,5.12,-532764,6.01,25.60
11-07-2026 4:06:01,46.6,20.06,103171.28,25.69,88.15,100365.25,182.89,100,-20305.66,0.77,5.5,-537590,5.91,25.77
11-07-2026 4:07:01,46.65,20.04,103170.8,25.76,87.89,100363.78,182.89,100,-20305.66,0.77,4.75,-534901,5.96,25.67
11-07-2026 4:08:01,46.66,20.05,103166.21,25.62,88.82,100363.57,182.89,100,-20305.66,0.71,5.93,-530116,6.03,25.50
11-07-2026 4:09:01,46.63,20.11,103159.29,25.71,88.16,100359.19,182.89,100,-20305.66,0.78,3.91,-538185,5.92,25.79
11-07-2026 4:10:01,46.65,20.03,103168.77,25.48,89.17,100360.35,182.89,100,-20305.66,0.81,4.97,-535794,5.93,25.71
11-07-2026 4:11:01,46.63,20.05,103154.05,25.7,87.5,100354.93,182.89,100,-20305.66,0.85,5.11,-527065,6.01,25.39
11-07-2026 4:12:01,46.66,20.06,103161.6,25.93,86.76,100358.53,182.89,100,-20305.66,0.84,5.62,-526441,5.93,25.36
11-07-2026 4:13:01,46.68,20.04,103149.32,25.71,88.21,100355.25,182.89,100,-20305.66,0.78,4.68,-531948,5.94,25.57
11-07-2026 4:14:01,46.73,19.99,103148.62,25.68,88.47,100351.88,182.89,100,-20305.66,0.74,5.2,-521300,5.94,25.18
11-07-2026 4:15:01,46.75,19.99,103147.17,25.64,88.75,100353.28,182.89,100,-20305.66,0.75,5.18,-516718,5.91,25.01
11-07-2026 4:16:01,46.79,19.92,103148.53,25.72,88.39,100351.75,182.89,100,-20305.66,0.76,4.93,-522862,5.86,25.23
11-07-2026 4:17:01,46.77,19.93,103149.05,25.55,89.22,100351.11,182.89,100,-20305.66,0.77,4.5,-512024,5.82,24.84
11-07-2026 4:18:01,46.82,19.91,103151.36,25.62,89.04,100350.27,182.89,100,-20305.66,0.78,5.44,-519429,5.82,25.11
11-07-2026 4:19:01,46.83,19.87,103159.94,25.82,87.95,100348.85,182.89,100,-20305.66,0.76,4.53,-522339,5.91,25.21
11-07-2026 4:20:01,46.83,19.89,103146.72,25.57,89.61,100347.25,182.89,100,-20305.66,0.83,5.63,-509129,5.79,24.73
11-07-2026 4:21:01,46.82,19.95,103149.03,25.48,89.89,100343.99,182.89,100,-20305.66,0.69,4.77,-519948,5.88,25.13
11-07-2026 4:22:01,46.89,19.85,103150.13,25.51,90.15,100346.24,182.89,100,-20305.66,0.83,5.84,-520983,5.85,25.17
11-07-2026 4:23:01,46.91,19.85,103138.07,25.64,89.17,100339.11,182.89,100,-20305.66,0.79,4.85,-526891,5.82,25.38
11-07-2026 4:24:01,46.88,19.9,103153.05,25.6,89.53,100341.6,182.89,100,-20305.66,0.73,4.99,-520319,5.81,25.14
11-07-2026 4:25:01,46.91,19.87,103136.8,25.59,89.65,100343.1,182.89,100,-20305.66,0.74,4.89,-521226,5.83,25.17
11-07-2026 4:26:01,46.9,19.89,103151.42,25.71,88.89,100342.53,182.89,100,-20305.66,0.8,3.91,-510649,5.88,24.79
11-07-2026 4:27:01,47.04,19.74,103135.1,25.77,88.86,100343.92,182.89,100,-20305.66,0.73,5.35,-511812,5.67,24.83
11-07-2026 4:28:01,47.05,19.7,103135.34,25.64,89.28,100341.15,182.89,100,-20305.66,0.79,5.14,-511451,5.74,24.82
11-07-2026 4:29:01,46.98,19.79,103146.14,25.44,90.49,100339.16,182.89,100,-20305.66,0.77,5.29,-525152,5.8,25.32
11-07-2026 4:30:01,47.02,19.79,103136.46,25.6,89.67,100339.12,182.89,100,-20305.66,0.74,4.97,-518396,5.81,25.07
11-07-2026 4:31:01,47.02,19.77,103138.99,25.57,89.82,100336.46,182.89,100,-20305.66,0.82,5.69,-517734,5.81,25.05
11-07-2026 4:32:02,47,19.8,103148.94,25.4,90.73,100336.2,182.89,100,-20305.66,0.79,4.72,-515275,5.82,24.96
11-07-2026 4:33:02,46.95,19.84,103139.24,25.54,90.24,100333.27,182.89,100,-20305.66,0.76,5.12,-522783,5.81,25.23
11-07-2026 4:34:02,46.98,19.86,103133.82,25.65,89.88,100333.77,182.89,100,-20305.66,0.75,4.65,-514042,5.72,24.91
11-07-2026 4:35:02,47.04,19.81,103125.32,25.67,89.25,100331.19,182.89,100,-20305.66,0.76,5.02,-520911,5.72,25.16
11-07-2026 4:36:02,47.03,19.81,103136.02,25.61,90.3,100329.13,182.89,100,-20305.66,0.75,5.14,-530935,5.73,25.53
11-07-2026 4:37:02,47.05,19.81,103119.89,25.7,89.53,100327.8,182.89,100,-20305.66,0.77,5.49,-536121,5.74,25.72
11-07-2026 4:38:02,47.07,19.8,103130.67,25.66,89.86,100331.3,182.89,100,-20305.66,0.72,5.19,-530559,5.74,25.52
11-07-2026 4:39:02,47.07,19.8,103124.42,25.57,90.35,100334.78,182.89,100,-20305.66,0.77,4.88,-523052,5.73,25.24
11-07-2026 4:40:02,47.07,19.8,103137.16,25.55,90.51,100329.1,182.89,100,-20305.66,0.78,4.36,-526626,5.8,25.37
11-07-2026 4:41:02,47.05,19.81,103141.99,25.75,89.39,100330.43,182.89,100,-20305.66,0.76,5.67,-533602,5.88,25.63
11-07-2026 4:42:02,47.07,19.84,103127.2,25.62,90.38,100334.61,182.89,100,-20305.66,0.83,5.71,-531355,5.83,25.54
11-07-2026 4:43:02,47.09,19.85,103128.71,25.68,89.43,100331.79,182.89,100,-20305.66,0.85,4.12,-529676,5.77,25.48
11-07-2026 4:44:02,47.05,19.85,103132.57,25.66,89.89,100337.03,182.89,100,-20305.66,0.68,4.55,-526842,5.74,25.38
11-07-2026 4:45:02,47.1,19.84,103120.75,25.64,90.22,100335.82,182.89,100,-20305.66,0.77,4.68,-539492,5.77,25.84
11-07-2026 4:46:02,47.09,19.84,103128.63,25.67,89.37,100335.85,182.89,100,-20305.66,0.71,5.18,-532183,5.79,25.58
11-07-2026 4:47:02,47.08,19.81,103126.57,25.51,90.96,100333.98,182.89,100,-20305.66,0.78,5.1,-523843,5.82,25.27
11-07-2026 4:48:02,47.06,19.85,103140.24,25.56,90.46,100334.24,182.89,100,-20305.66,0.73,5.31,-522773,5.86,25.23
11-07-2026 4:49:02,47.08,19.84,103146.27,25.64,90.34,100335.92,182.89,100,-20305.66,0.62,4.9,-519693,5.85,25.12
11-07-2026 4:50:02,47.12,19.84,103136.53,25.62,90.35,100335.17,182.89,100,-20305.66,0.76,4.9,-517689,5.83,25.04
11-07-2026 4:51:02,47.08,19.84,103137.02,25.52,91.01,100333.19,182.89,100,-20305.66,0.79,5.31,-517448,5.8,25.04
11-07-2026 4:52:02,47.06,19.85,103136.38,25.79,89.22,100329.74,182.89,100,-20305.66,0.98,4.53,-520284,5.74,25.14
11-07-2026 4:53:02,47.09,19.81,103132.24,25.83,89.15,100334.33,182.89,100,-20305.66,0.72,4.44,-514705,5.77,24.94
11-07-2026 4:54:02,47.09,19.83,103132.25,25.51,90.73,100336.46,182.89,100,-20305.66,0.8,4.85,-515266,5.84,24.96
11-07-2026 4:55:02,47.04,19.87,103130.6,25.57,90.62,100331.18,182.89,100,-20305.66,0.85,4.9,-514372,5.84,24.92
11-07-2026 4:56:02,47.01,19.88,103130.72,25.38,91.5,100329.8,182.89,100,-20305.66,0.77,5.36,-540716,5.8,25.89
11-07-2026 4:58:02,47.06,19.91,103134.99,25.67,90.29,100332.01,182.89,100,-20305.66,0.79,5.19,-520783,5.89,25.16
11-07-2026 4:59:02,47.04,19.82,103131.45,25.39,90.98,100327.6,182.89,100,-20305.66,0.78,4.97,-533734,5.9,25.63
11-07-2026 5:00:00,47.04,19.91,103127.19,25.59,90.72,100330.44,182.89,100,-20305.66,0.77,4.83,-529428,5.9,25.47
11-07-2026 5:01:00,47.05,19.88,103122.16,25.49,91.28,100327.75,182.89,100,-20305.66,0.72,5.93,-518999,5.88,25.09
11-07-2026 5:02:01,47.09,19.89,103130.38,25.46,91.73,100325.78,182.89,100,-20305.66,0.73,4.89,-532466,5.87,25.59
11-07-2026 5:03:01,47.12,19.89,103122.83,25.64,90.34,100324.32,182.89,100,-20305.66,0.79,5.31,-518053,5.82,25.06
11-07-2026 5:04:01,47.11,19.86,103123.5,25.69,89.26,100324.53,182.89,100,-20305.66,0.84,4.76,-530144,5.91,25.50
11-07-2026 5:05:01,47.08,19.8,103113.95,25.71,89.86,100318.64,182.89,100,-20305.66,0.71,4.97,-531391,5.81,25.55
11-07-2026 5:06:01,47.05,19.87,103113.69,25.72,89.61,100318.19,182.89,100,-20305.66,0.72,5.54,-524272,5.82,25.29
11-07-2026 5:07:01,47.08,19.85,103119.12,25.69,89.94,100317.57,182.89,100,-20305.66,0.87,3.78,-524446,5.9,25.29
11-07-2026 5:08:01,47.06,19.85,103114.8,25.65,90.03,100316.11,182.89,100,-20305.66,0.8,4.72,-523384,5.79,25.25
11-07-2026 5:09:01,47.09,19.83,103126.36,25.55,90.77,100313.36,182.89,100,-20305.66,0.78,5.07,-526353,5.85,25.36
11-07-2026 5:10:01,47.09,19.84,103117.11,25.72,89.52,100312.85,182.89,100,-20305.66,0.81,4.95,-521899,5.86,25.20
11-07-2026 5:11:01,47.06,19.83,103109.47,25.51,90.76,100313.08,182.89,100,-20305.66,0.83,5.16,-523919,5.79,25.27
11-07-2026 5:12:01,47.04,19.82,103110.43,25.46,91.06,100309.31,182.89,100,-20305.66,0.8,5.13,-518683,5.83,25.08
11-07-2026 5:13:01,47.07,19.84,103105.85,25.6,90.32,100308,182.89,100,-20305.66,0.79,4.83,-520917,5.9,25.16
11-07-2026 5:14:01,47.03,19.83,103115.41,25.71,89.61,100305.58,182.89,100,-20305.66,0.76,4.73,-502170,5.86,24.48
11-07-2026 5:15:01,47.01,19.86,103110.53,25.42,90.93,100304.49,182.89,100,-20305.66,0.84,4.77,-501871,5.85,24.47
11-07-2026 5:16:01,46.99,19.88,103118.11,25.58,90.36,100303.66,182.89,100,-20305.66,0.76,4.86,-530804,5.82,25.52
11-07-2026 5:17:01,46.98,19.87,103109.92,25.57,90.44,100302.89,182.89,100,-20305.66,0.71,5.08,-508930,5.81,24.72
11-07-2026 5:18:01,46.99,19.86,103107.85,25.63,89.97,100305.42,182.89,100,-20305.66,0.83,5.4,-508822,5.81,24.72
11-07-2026 5:19:01,47.02,19.85,103099.58,25.64,90.14,100304.27,182.89,100,-20305.66,0.8,4.9,-516194,5.82,24.99
11-07-2026 5:20:01,47.02,19.85,103097.71,25.45,90.98,100303.43,182.89,100,-20305.66,0.78,4.5,-521885,5.8,25.20
11-07-2026 5:21:01,47.05,19.88,103115.44,25.65,90.23,100305.96,182.89,100,-20305.66,0.71,5.86,-518082,5.85,25.06
11-07-2026 5:22:01,47.08,19.83,103095.92,25.68,89.84,100303.44,182.89,100,-20305.66,0.75,4.63,-516189,5.9,24.99
11-07-2026 5:23:01,47.07,19.85,103107.83,25.63,90.07,100305.25,182.89,100,-20305.66,0.76,4.86,-524711,5.8,25.30
11-07-2026 5:24:01,47.09,19.87,103118.42,25.68,90.11,100304.95,182.89,100,-20305.66,0.78,4.94,-514808,5.83,24.94
11-07-2026 5:25:01,47.09,19.84,103100.71,25.78,89.48,100304.57,182.89,100,-20305.66,0.7,4.91,-523278,5.91,25.25
11-07-2026 5:26:01,47.07,19.83,103095.58,25.84,88.94,100304.32,182.89,100,-20305.66,0.7,4.37,-517143,5.85,25.02
11-07-2026 5:27:01,47.06,19.85,103106.64,25.49,90.82,100300.47,182.89,100,-20305.66,0.73,5.63,-498810,5.8,24.35
11-07-2026 5:28:01,47.04,19.85,103104.77,25.39,91.38,100296.25,182.89,100,-20305.66,0.74,5.46,-503902,5.8,24.54
11-07-2026 5:29:01,47.04,19.87,103105.85,25.5,91.17,100300.36,182.89,100,-20305.66,0.72,4.86,-521166,5.84,25.17
11-07-2026 5:30:02,47.05,19.86,103106.42,25.51,91.09,100302.5,182.89,100,-20305.66,0.69,4.44,-507031,5.9,24.65
11-07-2026 5:31:02,47.07,19.86,103107.1,25.58,90.34,100297.1,182.89,100,-20305.66,0.83,5.1,-504558,5.85,24.56
11-07-2026 5:32:02,47.06,19.86,103095.7,25.73,89.32,100299.21,182.89,100,-20305.66,0.82,4.47,-510021,5.79,24.76
11-07-2026 5:33:02,47.07,19.84,103113.24,25.57,90.5,100303.42,182.89,100,-20305.66,0.75,4.68,-486953,5.89,23.92
11-07-2026 5:34:02,47.07,19.84,103123.24,25.52,90.86,100302.82,182.89,100,-20305.66,0.86,4.41,-512325,5.81,24.85
11-07-2026 5:35:02,47.02,19.86,103110.03,25.53,90.8,100303.01,182.89,100,-20305.66,0.72,5.03,-501011,5.79,24.43
11-07-2026 5:36:02,46.98,19.83,103111.42,25.25,92.13,100298.77,182.89,100,-20305.66,0.73,5.46,-508247,5.85,24.70
11-07-2026 5:37:02,46.97,19.87,103100.28,25.6,90.05,100300.33,182.89,100,-20305.66,0.79,4.76,-502922,5.84,24.50
11-07-2026 5:38:02,47.01,19.86,103109.77,25.44,91.38,100300.61,182.89,100,-20305.66,0.79,4.83,-501171,5.87,24.44
11-07-2026 5:39:02,47.03,19.85,103108.62,25.66,90.13,100303.3,182.89,100,-20305.66,0.86,4.76,-506166,5.92,24.62
11-07-2026 5:41:02,47.03,19.86,103098.66,25.58,90.41,100303.42,182.89,100,-20305.66,0.68,5.21,-508759,5.88,24.72
11-07-2026 5:42:02,47.06,19.86,103091.03,25.51,91.05,100305,182.89,100,-20305.66,0.77,4.75,-502990,5.86,24.51
11-07-2026 5:43:02,47.06,19.86,103101.9,25.58,90.57,100303.83,182.89,100,-20305.66,0.75,5.05,-497359,5.82,24.30
11-07-2026 5:44:02,47.06,19.83,103093.2,25.55,90.53,100305.24,182.89,100,-20305.66,0.78,5.25,-501353,5.8,24.45
11-07-2026 5:45:02,47.04,19.85,103102.07,25.53,90.81,100306.56,182.89,100,-20305.66,0.73,4.41,-504694,5.8,24.57
11-07-2026 5:46:02,47.06,19.84,103098.84,25.55,90.71,100303.85,182.89,100,-20305.66,0.68,4.59,-488516,5.79,23.98
11-07-2026 5:47:02,47.06,19.83,103100.15,25.56,90.66,100304.15,182.89,100,-20305.66,0.72,5.54,-492349,5.85,24.12
11-07-2026 5:48:02,47.06,19.83,103097.71,25.49,91.09,100307.1,182.89,100,-20305.66,0.77,5.46,-486652,5.89,23.91
11-07-2026 5:49:02,47.05,19.81,103099.75,25.54,90.84,100308.49,182.89,100,-20305.66,0.83,5.2,-497289,5.89,24.30
11-07-2026 5:50:02,47.03,19.84,103109.11,25.41,91.19,100306.57,182.89,100,-20305.66,0.89,5.06,-502432,5.87,24.49
11-07-2026 5:51:02,47.01,19.86,103119.66,25.53,90.94,100308.82,182.89,100,-20305.66,0.77,5.66,-514485,5.85,24.93
11-07-2026 5:52:02,47.04,19.85,103108.82,25.39,91.63,100305.72,182.89,100,-20305.66,0.74,5.06,-503894,5.83,24.54
11-07-2026 5:53:02,47.01,19.82,103112.52,25.45,91,100311.42,182.89,100,-20305.66,0.83,4.97,-492389,5.82,24.12
11-07-2026 5:54:02,47.01,19.82,103118.6,25.63,90,100306.47,182.89,100,-20305.66,0.73,5.77,-492942,5.79,24.14
11-07-2026 5:55:02,46.96,19.86,103110.11,25.4,91.22,100310.42,182.89,100,-20305.66,0.82,5.22,-493199,5.79,24.15
11-07-2026 5:56:02,46.95,19.88,103100.67,25.6,90.25,100313.92,182.89,100,-20305.66,0.71,4.89,-502694,5.79,24.50
11-07-2026 5:57:02,46.99,19.87,103107.48,25.52,90.92,100309.09,182.89,100,-20305.66,0.72,4.77,-487769,5.79,23.95
11-07-2026 5:58:02,47.05,19.86,103107.94,25.57,90.84,100311.77,182.89,100,-20305.66,0.75,5.04,-489524,5.81,24.01
11-07-2026 5:59:03,47.06,19.86,103108.44,25.51,91.16,100312.79,182.89,100,-20305.66,0.71,5.03,-487908,5.89,23.95
11-07-2026 6:00:00,47.07,19.81,103112.71,25.82,89.26,100313.88,182.89,100,-20305.66,0.81,4.92,-515079,5.88,24.95
11-07-2026 6:01:00,47.05,19.85,103108.23,25.61,90.38,100313.47,182.89,100,-20305.66,0.73,4.98,-496535,5.79,24.27
11-07-2026 6:02:01,47.07,19.85,103107.96,25.46,91.36,100309.89,182.89,100,-20305.66,0.8,4.39,-481975,5.83,23.74
11-07-2026 6:03:01,47.07,19.84,103096.38,25.51,91.22,100312.32,182.89,100,-20305.66,0.8,4.64,-477035,5.88,23.56
11-07-2026 6:04:01,47.05,19.83,103095.13,25.42,91.54,100307.57,182.89,100,-20305.66,0.75,4.88,-494885,5.92,24.21
11-07-2026 6:05:01,47.02,19.9,103112.14,25.46,91.39,100304.19,182.89,100,-20305.66,0.81,4.87,-519285,5.91,25.10
11-07-2026 6:06:01,47.03,19.85,103116.67,25.45,91.23,100304.94,182.89,100,-20305.66,0.85,5,-516036,5.89,24.98
11-07-2026 6:07:01,47.04,19.88,103100.67,25.56,90.96,100307.11,182.89,100,-20305.66,0.73,4.78,-512201,5.82,24.84
11-07-2026 6:08:01,47.07,19.86,103106.89,25.72,89.51,100305.99,182.89,100,-20305.66,0.73,5.18,-473475,5.8,23.43
11-07-2026 6:09:01,47.05,19.84,103092.36,25.69,89.97,100307.22,182.89,100,-20305.66,0.8,5.7,-486626,5.82,23.91
11-07-2026 6:10:01,47.06,19.91,103105.09,25.56,90.8,100306.13,182.89,100,-20305.66,0.78,4.56,-503586,5.86,24.53
11-07-2026 6:11:01,47.05,19.9,103122.11,25.58,90.62,100310.38,182.89,100,-20305.66,0.74,4.77,-500432,5.91,24.41
11-07-2026 6:12:01,47.03,19.9,103107.5,25.52,90.96,100310.13,182.89,100,-20305.66,0.76,5.08,-512244,5.9,24.85
11-07-2026 6:13:01,47.05,19.87,103098.37,25.47,91.17,100309.48,182.89,100,-20305.66,0.76,4.71,-518980,5.92,25.09
11-07-2026 6:14:01,47.02,19.91,103111.22,25.54,90.86,100305.53,182.89,100,-20305.66,0.71,5.06,-528667,5.91,25.45
11-07-2026 6:15:01,47.02,19.91,103108.05,25.49,90.92,100304.31,182.89,100,-20305.66,0.86,4.89,-512244,5.91,24.85
11-07-2026 6:16:01,46.99,19.87,103109.41,25.47,91.06,100303.43,182.89,100,-20305.66,0.74,5.19,-518859,5.9,25.09
11-07-2026 6:17:01,47.01,19.9,103102.84,25.74,89.6,100305.63,182.89,100,-20305.66,0.75,4.7,-524947,5.92,25.31
11-07-2026 6:18:01,47.06,19.88,103107.97,25.64,90.43,100308.11,182.89,100,-20305.66,0.84,5.15,-521313,5.93,25.18
11-07-2026 6:19:01,47.07,19.85,103104.22,25.64,90.56,100306.03,182.89,100,-20305.66,0.7,5.09,-522316,5.91,25.21
11-07-2026 6:20:01,47.05,19.84,103108.49,25.84,89.09,100308.16,182.89,100,-20305.66,0.76,5.05,-523443,5.9,25.26
11-07-2026 6:21:01,47.05,19.86,103102.16,25.48,91.19,100308.75,182.89,100,-20305.66,0.8,5.55,-512592,5.88,24.86
11-07-2026 6:22:01,47.06,19.86,103105.25,25.65,89.91,100305.72,182.89,100,-20305.66,0.82,5.08,-515579,5.83,24.97
11-07-2026 6:23:01,47.04,19.87,103106.16,25.56,90.53,100309.39,182.89,100,-20305.66,0.78,5.08,-521419,5.8,25.18
11-07-2026 6:24:01,47.06,19.85,103111.99,25.68,89.72,100309.14,182.89,100,-20305.66,0.81,4.11,-532906,5.8,25.60
11-07-2026 6:25:01,47.02,19.86,103107.61,25.59,90.31,100307.22,182.89,100,-20305.66,0.85,4.95,-525082,5.82,25.32
11-07-2026 6:26:01,47.04,19.86,103109.15,25.81,89.18,100304.3,182.89,100,-20305.66,0.79,5.62,-525048,5.85,25.31
11-07-2026 6:27:01,47.05,19.85,103117.42,25.67,90.25,100308.72,182.89,100,-20305.66,0.75,4.37,-521968,5.92,25.20
11-07-2026 6:28:01,47.08,19.86,103101.02,25.65,90.41,100306.07,182.89,100,-20305.66,0.73,4.72,-527930,5.88,25.42
11-07-2026 6:29:01,47.11,19.85,103109.16,25.5,91.46,100302.96,182.89,100,-20305.66,0.81,4.67,-534629,5.8,25.66
11-07-2026 6:30:01,47.13,19.85,103100.69,25.54,91.31,100303.36,182.89,100,-20305.66,0.77,5.28,-515720,5.86,24.97
11-07-2026 6:31:01,47.15,19.83,103100.19,25.55,91.1,100303.57,182.89,100,-20305.66,0.72,4.92,-522014,5.92,25.20
11-07-2026 6:32:01,47.12,19.85,103112.8,25.58,90.86,100304.99,182.89,100,-20305.66,0.76,4.35,-522980,5.81,25.24
11-07-2026 6:33:02,47.1,19.87,103109.58,25.46,91.55,100304.73,182.89,100,-20305.66,0.69,5.23,-515216,5.81,24.95
11-07-2026 6:34:02,47.1,19.84,103102.37,25.51,91.51,100307.57,182.89,100,-20305.66,0.73,5.06,-517738,5.88,25.05
11-07-2026 6:35:02,47.07,19.83,103111.57,25.59,90.47,100310.93,182.89,100,-20305.66,0.81,5.39,-514930,5.9,24.94
11-07-2026 6:36:02,47.08,19.83,103115.75,25.68,90.22,100313.39,182.89,100,-20305.66,0.8,4.85,-530832,5.82,25.53
11-07-2026 6:37:02,47.13,19.84,103111.87,25.63,90.85,100316.03,182.89,100,-20305.66,0.73,4.97,-517093,5.82,25.02
11-07-2026 6:38:02,47.17,19.83,103115.22,25.64,90.97,100315.24,182.89,100,-20305.66,0.81,5.08,-520410,5.86,25.14
11-07-2026 6:39:02,47.14,19.83,103112.4,25.55,91.07,100314.35,182.89,100,-20305.66,0.85,4.54,-514058,5.84,24.91
11-07-2026 6:40:02,47.16,19.8,103122.4,25.73,89.92,100317.16,182.89,100,-20305.66,0.69,5.16,-539180,5.85,25.83
11-07-2026 6:41:02,47.14,19.83,103125.66,25.61,90.73,100315.02,182.89,100,-20305.66,0.83,4.73,-526761,5.86,25.38
11-07-2026 6:42:02,47.13,19.83,103115.03,25.69,90.3,100319.32,182.89,100,-20305.66,0.77,5.51,-537322,5.82,25.76
11-07-2026 6:43:02,47.12,19.86,103121.32,25.52,91.47,100315.71,182.89,100,-20305.66,0.76,4.05,-522009,5.86,25.20
11-07-2026 6:44:02,47.14,19.83,103120.07,25.59,90.73,100319.42,182.89,100,-20305.66,0.8,5.05,-529356,5.88,25.47
11-07-2026 6:45:02,47.08,19.85,103111.96,25.6,90.52,100316.41,182.89,100,-20305.66,0.93,5.1,-517056,5.79,25.02
11-07-2026 6:49:02,47.14,19.78,103125.96,25.5,91.13,100322.2,182.89,100,-20305.66,0.78,4.71,-507550,5.78,24.67
11-07-2026 6:48:02,47.16,19.85,103136.1,25.58,91.06,100322.07,182.89,100,-20305.66,0.76,5.13,-511744,5.89,24.83
11-07-2026 6:46:02,47.13,19.83,103117.69,25.61,90.87,100317.64,182.89,100,-20305.66,0.72,5.06,-515141,5.89,24.95
11-07-2026 6:47:02,47.14,19.84,103113.49,25.49,91.45,100320.14,182.89,100,-20305.66,0.76,5.33,-507719,5.8,24.68
11-07-2026 6:46:02,47.13,19.83,103117.69,25.61,90.87,100317.64,182.89,100,-20305.66,0.72,5.06,-515141,5.89,24.95
11-07-2026 6:50:02,47.11,19.82,103113.42,25.55,90.92,100319.4,182.89,100,-20305.66,0.71,4.59,-509904,5.9,24.76
11-07-2026 6:51:02,47.07,19.84,103107.91,25.43,91.56,100318.89,182.89,100,-20305.66,0.74,5.26,-513209,5.79,24.88
11-07-2026 6:52:02,47.02,19.9,103121.8,25.51,91.16,100319.39,182.89,100,-20305.66,0.75,6.19,-526701,5.84,25.37
11-07-2026 6:53:02,47.05,19.91,103118.86,25.56,91.05,100321.64,182.89,100,-20305.66,0.74,4.34,-527465,5.85,25.40
11-07-2026 6:54:02,47.11,19.84,103126.58,25.44,91.72,100319.31,182.89,100,-20305.66,0.59,5.29,-499333,5.8,24.37
11-07-2026 6:55:02,47.06,19.85,103137.82,25.52,91.08,100321.46,182.89,100,-20305.66,0.79,4.75,-510637,5.9,24.79
11-07-2026 6:56:02,47.03,19.85,103126.16,25.49,91.09,100323.45,182.89,100,-20305.66,0.79,5.59,-511585,5.86,24.82
11-07-2026 6:57:02,47.05,19.87,103124.86,25.59,90.65,100322.72,182.89,100,-20305.66,0.85,5.04,-527565,5.79,25.41
11-07-2026 6:58:02,47.05,19.84,103123.44,25.49,91.07,100327.52,182.89,100,-20305.66,0.74,3.44,-508836,5.79,24.72
11-07-2026 6:59:02,47.03,19.84,103119.13,25.48,91.35,100326.39,182.89,100,-20305.66,0.81,5.84,-509919,5.8,24.76
11-07-2026 7:00:00,46.98,19.86,103128.59,25.36,91.6,100326.96,182.89,100,-20305.66,0.78,5.91,-521434,5.81,25.18
11-07-2026 7:01:01,47.01,19.87,103117.13,25.5,90.93,100329.44,182.89,100,-20305.66,0.74,4.5,-511642,5.9,24.82
11-07-2026 7:02:01,47.01,19.9,103132.46,25.48,91.36,100330.68,182.89,100,-20305.66,0.84,5.54,-515241,5.9,24.95
11-07-2026 7:03:01,47.03,19.85,103127.32,25.62,90.21,100334.48,182.89,100,-20305.66,0.85,4.84,-513254,5.91,24.88
11-07-2026 7:04:01,47,19.88,103131.23,25.57,90.72,100333.74,182.89,100,-20305.66,0.74,4.44,-504882,5.92,24.58
11-07-2026 7:05:01,47.03,19.87,103136.74,25.65,90.09,100336.67,182.89,100,-20305.66,0.87,5.52,-496857,5.91,24.28
11-07-2026 7:06:01,47,19.88,103135.19,25.83,89.06,100331.49,182.89,100,-20305.66,0.81,4.8,-501366,5.92,24.45
11-07-2026 7:07:01,47.01,19.91,103145.27,25.55,90.89,100336.77,182.89,100,-20305.66,0.76,4.23,-494154,5.9,24.18
11-07-2026 7:08:01,47.03,19.86,103131.5,25.7,90.04,100335.53,182.89,100,-20305.66,0.83,5,-500090,5.89,24.40
11-07-2026 7:09:01,47.03,19.87,103129.49,25.51,91.14,100334.5,182.89,100,-20305.66,0.75,5.44,-496694,5.88,24.28
11-07-2026 7:10:01,47.04,19.87,103122.25,25.46,91.28,100336.78,182.89,100,-20305.66,0.69,5.23,-497421,5.85,24.30
11-07-2026 7:11:01,47.05,19.87,103133.7,25.53,91.25,100338.08,182.89,100,-20305.66,0.84,4.99,-486878,5.82,23.92
11-07-2026 7:12:01,47.05,19.87,103138.94,25.47,91.48,100338.22,182.89,100,-20305.66,0.7,4.94,-501085,5.84,24.44
11-07-2026 7:13:01,47.06,19.85,103137.17,25.56,90.61,100342.14,182.89,100,-20305.66,0.78,5.1,-496177,5.83,24.26
11-07-2026 7:14:01,47.06,19.85,103128.45,25.81,89.45,100346.53,182.89,100,-20305.66,0.79,5.15,-493647,5.81,24.16
11-07-2026 7:15:01,47.08,19.86,103143.14,25.59,90.83,100344.32,182.89,100,-20305.66,0.7,3.91,-490527,5.82,24.05
11-07-2026 7:16:01,47.09,19.84,103140.42,25.55,90.98,100349.07,182.89,100,-20305.66,0.78,4.42,-484929,5.84,23.85
11-07-2026 7:17:01,47.06,19.85,103153.27,25.46,91.21,100345.14,182.89,100,-20305.66,0.81,5.2,-493391,5.85,24.16
11-07-2026 7:18:01,47.01,19.86,103157.5,25.48,91.38,100345.44,182.89,100,-20305.66,0.77,5.29,-489367,5.85,24.01
11-07-2026 7:19:01,46.99,19.87,103142.5,25.43,91.7,100348.16,182.89,100,-20305.66,0.73,4.85,-495166,5.83,24.22
11-07-2026 7:20:01,47.05,19.87,103137.5,25.37,91.89,100345.57,182.89,100,-20305.66,0.75,5.38,-484719,5.8,23.84
11-07-2026 7:21:01,47.02,19.85,103140.54,25.64,90.43,100348.58,182.89,100,-20305.66,0.79,4.42,-485278,5.82,23.86
11-07-2026 7:22:01,47.02,19.86,103139.82,25.46,91.33,100349.47,182.89,100,-20305.66,0.75,5.36,-497417,5.8,24.30
11-07-2026 7:23:01,46.74,20.67,103150.33,25.43,91.61,100345.53,182.89,100,-20305.66,0.73,5.21,-501536,2.65,24.45
11-07-2026 7:24:01,28.94,72.2,103276.78,25.31,92.38,100352.61,182.89,100,-20305.66,0,1.28,-504148,0.31,24.55
11-07-2026 7:25:01,28.52,72.1,103289.32,25.63,91.19,100351.58,182.89,100,-20305.66,0,0.18,-508873,0.25,24.72
11-07-2026 7:26:01,29.15,73.88,103238.5,25.91,89.57,100351.17,182.89,100,-20305.66,0.74,5.21,-503467,4.62,24.52
11-07-2026 7:27:01,44.52,23.01,103163.64,25.61,90.47,100354.14,182.89,100,-20305.66,0.78,5.54,-500109,5.74,24.40
11-07-2026 7:28:01,46.11,21.03,103168.92,25.49,91.12,100351.44,182.89,100,-20305.66,0.83,4.96,-488396,5.83,23.97
11-07-2026 7:29:01,46.43,20.62,103152.02,25.6,90.49,100352.92,182.89,100,-20305.66,0.8,5,-491986,5.92,24.10
11-07-2026 7:30:01,46.59,20.41,103157.28,25.55,90.82,100351.58,182.89,100,-20305.66,0.76,4.12,-503592,5.93,24.53
11-07-2026 7:31:01,46.68,20.33,103161.26,25.53,91.11,100353.19,182.89,100,-20305.66,0.78,5.54,-494286,5.85,24.19
11-07-2026 7:32:02,46.76,20.23,103166.54,25.46,91.47,100352.63,182.89,100,-20305.66,0.8,4.7,-489488,5.84,24.01
11-07-2026 7:33:02,46.8,20.2,103158.5,25.47,91.52,100352.03,182.89,100,-20305.66,0.74,4.81,-493853,5.9,24.17
11-07-2026 7:34:02,46.83,20.13,103167.64,25.4,91.66,100355.76,182.89,100,-20305.66,0.76,4.95,-495270,5.86,24.22
11-07-2026 7:35:02,46.84,20.07,103162.07,25.3,92.05,100354.22,182.89,100,-20305.66,0.76,5.35,-486182,5.84,23.89
11-07-2026 7:36:02,46.85,20.12,103163.57,25.41,91.75,100355.65,182.89,100,-20305.66,0.74,4.97,-490973,5.92,24.07
11-07-2026 7:37:02,46.86,20.06,103168.42,25.35,91.87,100362.19,182.89,100,-20305.66,0.76,4.61,-481783,5.82,23.73
11-07-2026 7:38:02,46.86,20.06,103169.38,25.51,90.95,100362.08,182.89,100,-20305.66,0.75,4.8,-483521,5.88,23.79
11-07-2026 7:39:02,46.88,20.04,103159.89,25.46,91.39,100364.86,182.89,100,-20305.66,0.75,5.36,-480264,5.91,23.67
11-07-2026 7:40:02,46.93,20.04,103171.38,25.47,91.4,100362.19,182.89,100,-20305.66,0.83,4.86,-489825,5.84,24.02
11-07-2026 7:41:02,46.92,20,103170.1,25.5,91.14,100363.82,182.89,100,-20305.66,0.77,4.92,-488751,5.82,23.99
11-07-2026 7:42:02,46.92,19.98,103172.57,25.47,91.35,100361.25,182.89,100,-20305.66,0.8,4.59,-474022,5.87,23.45
11-07-2026 7:43:02,46.9,20.01,103174.07,25.43,91.36,100364.46,182.89,100,-20305.66,0.74,5.64,-467677,5.93,23.21
11-07-2026 7:44:02,46.91,20,103164.97,25.46,91.37,100367.93,182.89,100,-20305.66,0.92,4.81,-485685,5.88,23.87
11-07-2026 7:45:02,46.9,19.98,103185.78,25.39,91.47,100367.78,182.89,100,-20305.66,0.73,4.54,-488650,5.82,23.98
11-07-2026 7:46:02,46.87,19.99,103172.78,25.44,91.38,100372.36,182.89,100,-20305.66,0.69,5.75,-484662,5.84,23.84
11-07-2026 7:47:02,46.9,20,103180.07,25.54,90.78,100371.99,182.89,100,-20305.66,0.81,5.19,-487377,5.91,23.93
11-07-2026 7:48:02,46.92,20,103175.5,25.61,90.56,100374.77,182.89,100,-20305.66,0.75,5.42,-479821,5.92,23.66
11-07-2026 7:49:02,46.93,19.99,103178.28,25.51,91.15,100379.15,182.89,100,-20305.66,0.76,4.95,-467147,5.85,23.19
11-07-2026 7:50:02,46.94,20,103190.87,25.61,90.58,100378.27,182.89,100,-20305.66,0.76,5.05,-478583,5.81,23.61
11-07-2026 7:51:02,46.95,19.96,103187.3,25.65,90.08,100377.85,182.89,100,-20305.66,0.77,4.39,-477888,5.83,23.59
11-07-2026 7:52:02,46.91,20,103181.91,25.46,91.31,100377.34,182.89,100,-20305.66,0.76,5.26,-465221,5.92,23.12
11-07-2026 7:53:02,46.96,20,103181.33,25.5,91.27,100381.24,182.89,100,-20305.66,0.72,4.95,-472732,5.91,23.40
11-07-2026 7:54:02,46.95,19.96,103192.42,25.46,91.38,100376.47,182.89,100,-20305.66,0.78,5.13,-486135,5.84,23.89
11-07-2026 7:55:02,46.96,19.99,103183.22,25.59,90.82,100380.14,182.89,100,-20305.66,0.71,4.63,-475979,5.82,23.52
11-07-2026 7:56:02,46.98,19.95,103186.88,25.52,90.92,100388.92,182.89,100,-20305.66,0.71,5.49,-475855,5.81,23.51
11-07-2026 7:57:02,46.91,19.98,103189.24,25.29,92.05,100383.44,182.89,100,-20305.66,0.8,4.68,-489940,5.85,24.03
11-07-2026 7:58:02,46.89,19.97,103192.83,25.62,89.96,100387.22,182.89,100,-20305.66,0.75,4.87,-489637,5.91,24.02
11-07-2026 7:59:02,46.9,19.99,103192.14,25.49,90.97,100388.64,182.89,100,-20305.66,0.82,4.37,-475601,5.82,23.50
11-07-2026 8:00:00,46.91,19.99,103195.67,25.42,91.4,100390.21,182.89,100,-20305.66,0.72,4.56,-473952,5.82,23.44
11-07-2026 8:01:00,46.9,20.02,103195.26,25.35,91.79,100388.42,182.89,100,-20305.66,0.75,4.79,-477643,5.93,23.58
11-07-2026 8:02:00,46.92,19.98,103184.46,25.48,91.08,100388.74,182.89,100,-20305.66,0.78,5.33,-482438,5.86,23.75
11-07-2026 8:03:00,46.9,20,103205.42,25.64,90.01,100390.86,182.89,100,-20305.66,0.8,5.57,-476982,5.82,23.55
11-07-2026 8:04:01,46.91,19.99,103203.07,25.6,90.15,100394.05,182.89,100,-20305.66,0.81,5.21,-481759,5.92,23.73
11-07-2026 8:05:01,46.91,19.98,103206.47,25.54,90.55,100391.56,182.89,100,-20305.66,0.8,4.86,-474676,5.88,23.47
11-07-2026 8:06:01,46.92,19.99,103194.09,25.42,91.33,100393.71,182.89,100,-20305.66,0.68,4.71,-477224,5.8,23.56
11-07-2026 8:07:01,46.94,19.96,103194.91,25.5,91.05,100396.84,182.89,100,-20305.66,0.72,5.4,-462284,5.82,23.02
11-07-2026 8:08:01,46.92,19.9,103191.75,25.63,89.94,100396.88,182.89,100,-20305.66,0.74,5.51,-465965,5.89,23.15
11-07-2026 8:09:01,46.91,19.94,103217.59,25.55,90.45,100401.11,182.89,100,-20305.66,0.78,4.63,-491650,5.91,24.09
11-07-2026 8:10:01,46.93,19.98,103203.1,25.55,90.62,100399.54,182.89,100,-20305.66,0.79,4.74,-485505,5.87,23.87
11-07-2026 8:11:01,46.95,19.93,103204.11,25.52,90.93,100401.05,182.89,100,-20305.66,0.8,5.27,-484080,5.83,23.81
11-07-2026 8:12:01,46.97,19.97,103227.27,25.45,91.35,100403.39,182.89,100,-20305.66,0.69,4.76,-485053,5.83,23.85
11-07-2026 8:13:01,46.96,19.89,103210.44,25.61,90.34,100402.58,182.89,100,-20305.66,0.79,4.94,-470866,5.84,23.33
11-07-2026 8:14:01,46.98,19.92,103201.83,25.52,91.13,100405.07,182.89,100,-20305.66,0.72,5.28,-471040,5.88,23.34
11-07-2026 8:15:01,46.98,19.94,103207.96,25.38,91.78,100398,182.89,100,-20305.66,0.74,4.58,-473599,5.89,23.43
11-07-2026 8:16:01,46.98,19.95,103209.89,25.51,90.89,100401.62,182.89,100,-20305.66,0.76,4.99,-484474,5.89,23.83
11-07-2026 8:17:01,46.98,19.94,103214.03,25.47,91.29,100401.85,182.89,100,-20305.66,0.75,4.62,-484151,5.89,23.82
11-07-2026 8:18:01,47.01,19.87,103216.69,25.58,90.7,100403.3,182.89,100,-20305.66,0.79,4.47,-485252,5.9,23.86
11-07-2026 8:19:01,46.99,19.93,103200.53,25.42,91.59,100400.21,182.89,100,-20305.66,0.63,5.09,-489199,5.89,24.00
11-07-2026 8:20:01,47.03,19.88,103217.61,25.47,91.39,100405.1,182.89,100,-20305.66,0.77,4.68,-477019,5.84,23.56
11-07-2026 8:21:01,47.03,19.92,103208.24,25.58,90.94,100403.63,182.89,100,-20305.66,0.81,4.85,-464581,5.79,23.10
11-07-2026 8:22:01,47.04,19.91,103226.14,25.52,91.23,100405.86,182.89,100,-20305.66,0.72,5.19,-489189,5.79,24.00
11-07-2026 8:23:01,47.04,19.92,103206.67,25.43,91.79,100405.26,182.89,100,-20305.66,0.74,4.75,-485825,5.84,23.88
11-07-2026 8:24:01,47,19.89,103210.46,25.61,90.58,100410.24,182.89,100,-20305.66,0.75,5.03,-489228,5.88,24.00
11-07-2026 8:25:01,47,19.94,103219.6,25.56,90.45,100408.5,182.89,100,-20305.66,0.77,5.2,-484272,5.9,23.82
11-07-2026 8:26:01,46.98,19.91,103217.75,25.55,91.07,100412.08,182.89,100,-20305.66,0.73,4.99,-486164,5.9,23.89
11-07-2026 8:27:01,47,19.92,103204.69,25.53,91.02,100412.28,182.89,100,-20305.66,0.79,4.58,-477469,5.86,23.57
11-07-2026 8:28:01,46.99,19.92,103221.8,25.47,91.53,100414.09,182.89,100,-20305.66,0.8,4.49,-477776,5.81,23.58
11-07-2026 8:29:01,46.97,19.94,103219.92,25.41,91.93,100411.55,182.89,100,-20305.66,0.83,5.12,-488772,5.79,23.99
11-07-2026 8:30:01,46.97,19.94,103217.17,25.55,90.87,100412.6,182.89,100,-20305.66,0.8,4.3,-486718,5.81,23.91
11-07-2026 8:31:01,46.99,19.93,103213.58,25.32,92.38,100410.21,182.89,100,-20305.66,0.78,5.64,-472857,5.81,23.40
11-07-2026 8:32:01,46.97,19.99,103224.2,25.19,93.21,100412.83,182.89,100,-20305.66,0.74,4.91,-474669,5.82,23.47
11-07-2026 8:33:01,46.97,19.95,103215.26,25.12,93.8,100418.14,182.89,100,-20305.66,0.74,5.31,-480230,5.81,23.67
11-07-2026 8:34:02,46.96,19.97,103223.63,25.39,92.03,100413.97,182.89,100,-20305.66,0.74,5.41,-478304,5.82,23.60
11-07-2026 8:35:02,46.95,19.98,103215.9,25.39,92.17,100415.08,182.89,100,-20305.66,0.95,5.32,-484136,5.81,23.82
11-07-2026 8:36:02,46.92,20.02,103226.94,25.31,92.64,100414.18,182.89,100,-20305.66,0.8,5.24,-476808,5.82,23.55
11-07-2026 8:37:02,46.94,20.01,103218.92,25.22,93.13,100416.53,182.89,100,-20305.66,0.75,4.71,-484734,5.84,23.84
11-07-2026 8:38:02,46.92,19.99,103229.82,25.33,92.47,100415.6,182.89,100,-20305.66,0.78,4.68,-488471,5.89,23.97
11-07-2026 8:39:02,46.96,19.99,103220.21,25.46,91.83,100417.98,182.89,100,-20305.66,0.8,5.44,-467209,5.93,23.20
11-07-2026 8:40:02,46.96,19.98,103222.33,25.51,91.48,100419.21,182.89,100,-20305.66,0.79,5.34,-479393,5.9,23.64
11-07-2026 8:41:02,46.97,19.97,103230.33,25.27,92.95,100418.41,182.89,100,-20305.66,0.77,5.05,-485024,5.85,23.85
11-07-2026 8:42:02,46.96,20,103224.5,25.2,93.46,100427.35,182.89,100,-20305.66,0.82,4.83,-480286,5.82,23.68
11-07-2026 8:43:02,46.92,19.95,103234.57,25.2,93.3,100429.6,182.89,100,-20305.66,0.79,4.94,-476567,5.87,23.54
11-07-2026 8:44:02,46.9,19.99,103237.07,25.22,93.35,100432.13,182.89,100,-20305.66,0.75,4.72,-481129,5.9,23.71
11-07-2026 8:45:02,46.88,19.99,103236.01,25.04,94.17,100432.6,182.89,100,-20305.66,0.74,5.46,-479902,5.81,23.66
11-07-2026 8:46:02,46.87,20.02,103247.27,24.88,95.35,100436.54,182.89,100,-20305.66,0.79,5.53,-484083,5.93,23.81
11-07-2026 8:47:02,46.88,20.01,103247.96,25.06,94.5,100436.47,182.89,100,-20305.66,0.78,5.67,-489951,5.82,24.03
11-07-2026 8:48:02,46.91,20,103260.19,25.15,93.86,100437.99,182.89,100,-20305.66,0.77,5.83,-473120,5.93,23.41
11-07-2026 8:49:02,46.89,20,103265.5,25.12,94.09,100441.3,182.89,100,-20305.66,0.74,5.15,-483116,5.83,23.78
11-07-2026 8:50:02,46.88,20.03,103249.65,25.15,93.71,100439.67,182.89,100,-20305.66,0.68,5.05,-483640,5.94,23.80
11-07-2026 8:51:02,46.85,20.03,103256.41,25.03,94.53,100442.05,182.89,100,-20305.66,0.74,5,-473267,5.85,23.42
11-07-2026 8:52:02,46.82,20.03,103254.69,25.18,93.49,100445.3,182.89,100,-20305.66,0.85,5.44,-485649,5.84,23.87
11-07-2026 8:53:02,46.82,20.08,103248.2,24.86,95.49,100446.6,182.89,100,-20305.66,0.81,4.8,-484057,5.85,23.81
11-07-2026 8:54:02,46.81,20.07,103257.32,24.93,95.18,100448.41,182.89,100,-20305.66,0.76,5.49,-484346,5.92,23.82
11-07-2026 8:55:02,46.82,20.13,103243.08,25.03,94.86,100446.68,182.89,100,-20305.66,0.77,5.03,-487615,5.99,23.94
11-07-2026 8:56:02,46.84,20.13,103246.83,25.12,94.52,100448.5,182.89,100,-20305.66,0.75,4.93,-457046,5.96,22.82
11-07-2026 8:57:02,46.84,20.12,103257.69,25.06,94.75,100448.32,182.89,100,-20305.66,0.78,5.13,-486485,5.92,23.90
11-07-2026 8:58:02,46.82,20.14,103263.44,24.98,95.28,100450.82,182.89,100,-20305.66,0.7,5.12,-473335,5.99,23.42
11-07-2026 8:59:02,46.86,20.14,103260.39,25.05,94.94,100452.97,182.89,100,-20305.66,0.74,4.64,-493216,6.03,24.15
11-07-2026 9:00:00,46.86,20.13,103257.49,25.05,94.91,100450.25,182.89,100,-20305.66,0.8,4.55,-477683,6.03,23.58
11-07-2026 9:01:00,46.84,20.13,103253.44,24.97,95.38,100452.08,182.89,100,-20305.66,0.83,5.54,-468642,5.96,23.25
11-07-2026 9:02:00,46.79,20.14,103258.02,24.92,95.83,100456.33,182.89,100,-20305.66,0.81,5.98,-481045,5.97,23.70
11-07-2026 9:03:01,46.83,20.13,103262.47,25.09,94.88,100453.36,182.89,100,-20305.66,0.8,5.67,-474179,5.98,23.45
11-07-2026 9:04:01,46.85,20.13,103272.22,25.3,93.55,100452.08,182.89,100,-20305.66,0.73,4.94,-467705,5.99,23.21
11-07-2026 9:05:01,46.87,20.06,103257.47,25.04,95.03,100454.3,182.89,100,-20305.66,0.76,5.68,-483789,5.89,23.80
11-07-2026 9:06:01,46.84,20.06,103260.99,25.09,94.21,100457.24,182.89,100,-20305.66,0.81,4.96,-474719,5.98,23.47
11-07-2026 9:07:01,46.87,20.08,103269.44,25.03,95.12,100456.25,182.89,100,-20305.66,0.95,5.16,-477258,6,23.56
11-07-2026 9:08:01,46.93,20.06,103270.02,25.21,94.06,100458.77,182.89,100,-20305.66,0.82,4.68,-481477,5.98,23.72
11-07-2026 9:09:01,46.96,20.05,103268.38,25.19,94.32,100461.85,182.89,100,-20305.66,0.81,4.56,-478412,5.98,23.61
11-07-2026 9:10:01,46.96,20.04,103275.71,25.22,94.02,100460.79,182.89,100,-20305.66,0.8,5.54,-482654,5.93,23.76
11-07-2026 9:11:01,46.96,20.03,103267.96,25.21,93.93,100463.11,182.89,100,-20305.66,0.75,5.01,-488554,5.88,23.98
11-07-2026 9:12:01,46.94,20.03,103270.58,25.27,93.63,100461.53,182.89,100,-20305.66,0.81,4.91,-481477,5.87,23.72
11-07-2026 9:13:01,46.95,20.1,103271.22,25.29,93.58,100462.55,182.89,100,-20305.66,0.76,5.02,-476113,5.87,23.52
11-07-2026 9:14:01,46.97,20.06,103269.67,25.2,94.12,100463.57,182.89,100,-20305.66,0.76,4.97,-463053,5.87,23.04
11-07-2026 9:15:01,46.97,20.08,103264.88,25.18,94.37,100464.82,182.89,100,-20305.66,0.75,3.63,-478049,5.91,23.59
11-07-2026 9:16:01,46.98,20.12,103272.07,25.38,93.2,100470.02,182.89,100,-20305.66,0.83,5.41,-479261,5.89,23.64
11-07-2026 9:17:01,47.01,20.12,103272.61,25.28,93.77,100469.82,182.89,100,-20305.66,0.73,4.94,-468708,5.94,23.25
11-07-2026 9:18:01,47.02,20.11,103272.35,25.22,94.32,100471.47,182.89,100,-20305.66,0.75,4.76,-476846,5.99,23.55
11-07-2026 9:19:01,47.02,20.09,103275.97,25.18,94.51,100469.85,182.89,100,-20305.66,0.85,5.7,-485892,6.02,23.88
11-07-2026 9:20:01,47.03,20.08,103277.46,25.17,94.79,100473.32,182.89,100,-20305.66,0.74,6.07,-489950,6.02,24.03
11-07-2026 9:21:01,47.02,20.1,103280.64,25.26,93.96,100471.25,182.89,100,-20305.66,0.72,5.16,-485782,6,23.88
11-07-2026 9:22:01,47.02,20.05,103280.66,25.19,94.57,100475.49,182.89,100,-20305.66,0.79,5.1,-483736,5.96,23.80
11-07-2026 9:23:01,47.03,20.09,103282.19,25.21,94.37,100473.86,182.89,100,-20305.66,0.82,4.42,-490390,5.91,24.05
11-07-2026 9:24:01,47.02,20.09,103279.74,25.21,94.44,100476.71,182.89,100,-20305.66,0.76,5.06,-496910,5.94,24.28
11-07-2026 9:25:01,47.03,20.08,103295.85,25.15,94.85,100477.72,182.89,100,-20305.66,0.84,5.23,-488607,5.92,23.98
11-07-2026 9:26:01,47.05,20.04,103290.89,25.2,94.64,100477.78,182.89,100,-20305.66,0.7,5.35,-496171,5.89,24.26
11-07-2026 9:27:01,47.07,20.07,103275.24,25.23,94.29,100477.78,182.89,100,-20305.66,0.88,5.45,-480068,5.94,23.67
11-07-2026 9:28:01,47.04,20.11,103278.24,25.18,94.67,100479.78,182.89,100,-20305.66,0.94,5.54,-495131,5.97,24.22
11-07-2026 9:29:01,47.04,20.07,103288.25,25.24,94.32,100483.6,182.89,100,-20305.66,1.14,4.79,-484522,5.98,23.83
11-07-2026 9:30:01,47.06,20.05,103279.57,25.21,94.8,100486.1,182.89,100,-20305.66,0.76,4.43,-484706,5.97,23.84
11-07-2026 9:31:01,47.07,20.03,103283.11,25.23,94.55,100483.64,182.89,100,-20305.66,0.75,5.12,-488959,5.99,23.99
11-07-2026 9:32:02,47.07,20.05,103305.92,25.13,95.02,100484.39,182.89,100,-20305.66,0.83,4.39,-489414,5.99,24.01
11-07-2026 9:33:02,47.07,20.07,103289.69,25.26,94.13,100489.32,182.89,100,-20305.66,0.85,5.19,-490676,6,24.06
11-07-2026 9:34:02,47.07,20.07,103287.72,25.23,94.43,100492.63,182.89,100,-20305.66,0.78,4.67,-488581,6.01,23.98
11-07-2026 9:35:02,47.1,20.03,103293.85,25.17,94.87,100492.35,182.89,100,-20305.66,0.79,4.79,-489354,6.01,24.01
11-07-2026 9:36:02,47.04,20.04,103302.85,25.25,94.3,100498.02,182.89,100,-20305.66,0.79,5.01,-486274,5.98,23.89
11-07-2026 9:37:02,47.03,20.09,103305.58,25.28,94.03,100496.46,182.89,100,-20305.66,0.78,4.42,-490702,5.94,24.06
11-07-2026 9:38:02,47.06,20.04,103303.77,25.28,94.16,100495.63,182.89,100,-20305.66,0.8,4.89,-489760,5.89,24.02
11-07-2026 9:39:02,47.07,20.08,103300.71,25.24,94.54,100499.98,182.89,100,-20305.66,0.8,4.77,-488019,5.9,23.96
11-07-2026 9:40:02,47.09,20.03,103311.89,25.23,94.5,100500.99,182.89,100,-20305.66,0.76,4.84,-487391,5.9,23.94
11-07-2026 9:41:02,47.09,20.03,103299.71,25.39,93.25,100501.35,182.89,100,-20305.66,0.75,3.89,-491275,5.89,24.08
11-07-2026 9:42:02,47.09,20.09,103304.27,25.33,93.77,100503.03,182.89,100,-20305.66,0.83,4.48,-496218,5.91,24.26
11-07-2026 9:43:02,47.11,20.04,103317.46,25.43,93.56,100502.52,182.89,100,-20305.66,0.75,4.92,-492564,5.93,24.12
11-07-2026 9:44:02,47.13,20.03,103313.33,25.24,94.42,100505.21,182.89,100,-20305.66,0.78,5.26,-485699,5.93,23.87
11-07-2026 9:45:02,47.12,20.04,103318.28,25.33,94.01,100506.91,182.89,100,-20305.66,0.75,5.23,-479861,5.93,23.66
11-07-2026 9:46:02,47.13,20.03,103320.67,25.33,94.1,100514.28,182.89,100,-20305.66,0.74,4.62,-487129,5.91,23.93
11-07-2026 9:47:02,47.12,20.07,103325.32,25.34,93.78,100515.69,182.89,100,-20305.66,0.73,4.77,-491645,5.91,24.09
11-07-2026 9:48:02,47.15,20.01,103319.77,25.35,93.76,100516.96,182.89,100,-20305.66,0.79,4.91,-488673,5.9,23.98
11-07-2026 9:49:02,47.16,20.08,103311.13,25.29,94.24,100515.77,182.89,100,-20305.66,0.78,5.29,-477839,5.89,23.59
11-07-2026 9:50:02,47.18,20.05,103323.07,25.33,94.13,100520.96,182.89,100,-20305.66,0.75,4.98,-485036,5.9,23.85
11-07-2026 9:51:02,47.18,20.04,103318.03,25.4,93.7,100517.83,182.89,100,-20305.66,0.81,5.08,-491969,5.91,24.10
11-07-2026 9:52:02,47.2,20,103324.12,25.55,92.41,100518.55,182.89,100,-20305.66,0.71,4.59,-476820,5.91,23.55
11-07-2026 9:53:02,47.19,20.04,103330.86,25.43,93.33,100516.1,182.89,100,-20305.66,0.75,4.91,-484164,5.93,23.82
11-07-2026 9:54:02,47.21,20.04,103334.72,25.45,93.51,100516.82,182.89,100,-20305.66,0.76,4.63,-482303,5.96,23.75
11-07-2026 9:55:02,47.23,20.03,103326.6,25.55,92.73,100522.85,182.89,100,-20305.66,0.76,5.67,-482342,6,23.75
11-07-2026 9:56:02,47.22,20.03,103327.08,25.53,92.92,100522.82,182.89,100,-20305.66,0.72,4.28,-480685,5.88,23.69
11-07-2026 9:57:02,47.24,20.01,103330.3,25.42,93.76,100526.07,182.89,100,-20305.66,0.76,4.76,-468399,5.95,23.24
11-07-2026 9:58:02,47.24,19.96,103340.52,25.63,92.07,100528.63,182.89,100,-20305.66,0.75,5.15,-478299,5.86,23.60
11-07-2026 9:59:02,47.23,19.99,103335.6,25.47,93.31,100529.45,182.89,100,-20305.66,0.77,5.14,-480534,5.97,23.68
11-07-2026 10:00:00,47.25,20.03,103345.02,25.3,94.52,100529.74,182.89,100,-20305.66,0.75,5.23,-479354,5.97,23.64
11-07-2026 10:01:01,47.29,19.94,103333.18,25.48,93.59,100534.07,182.89,100,-20305.66,0.74,6.03,-481473,5.84,23.72
11-07-2026 10:02:01,47.3,19.93,103342.9,25.54,93.2,100532.89,182.89,100,-20305.66,0.74,4.26,-486383,5.88,23.90
11-07-2026 10:03:01,47.29,19.96,103333.77,25.49,93.37,100537.28,182.89,100,-20305.66,0.78,4.65,-479917,5.95,23.66
11-07-2026 10:04:01,47.32,19.97,103348.38,25.61,92.72,100538.46,182.89,100,-20305.66,0.81,4.56,-479255,5.93,23.64
11-07-2026 10:05:01,47.32,19.92,103338.46,25.46,93.41,100538.28,182.89,100,-20305.66,0.74,4.78,-485009,5.9,23.85
11-07-2026 10:06:01,47.31,19.91,103333.13,25.44,93.82,100540.01,182.89,100,-20305.66,0.92,5,-475581,5.82,23.50
11-07-2026 10:07:01,47.31,19.9,103356.93,25.55,93.1,100543.07,182.89,100,-20305.66,0.77,4.81,-478070,5.86,23.59
11-07-2026 10:08:01,47.32,19.91,103353.97,25.49,93.5,100545.69,182.89,100,-20305.66,0.69,5.01,-485938,5.87,23.88
11-07-2026 10:09:01,47.31,19.9,103353.92,25.41,93.96,100546.52,182.89,100,-20305.66,0.76,5.22,-474749,5.81,23.47
11-07-2026 10:10:01,47.28,19.91,103369.47,25.45,93.46,100547.71,182.89,100,-20305.66,0.91,4.61,-464272,5.91,23.09
11-07-2026 10:11:01,47.29,19.93,103356.74,25.55,92.94,100547.6,182.89,100,-20305.66,0.71,5.58,-485878,5.84,23.88
11-07-2026 10:12:01,47.31,19.91,103350.08,25.51,93.34,100547.58,182.89,100,-20305.66,0.77,4.87,-479073,5.85,23.63
11-07-2026 10:13:01,47.32,19.88,103350.69,25.31,94.55,100548.1,182.89,100,-20305.66,0.79,4.96,-474929,5.79,23.48
11-07-2026 10:14:01,47.31,19.9,103356.75,25.34,94.22,100549.89,182.89,100,-20305.66,0.76,5.08,-478717,5.9,23.62
11-07-2026 10:15:01,47.31,19.91,103362.52,25.65,92.43,100550.03,182.89,100,-20305.66,0.75,4.9,-476555,5.8,23.54
11-07-2026 10:16:01,47.33,19.91,103358.36,25.53,93.41,100553.96,182.89,100,-20305.66,0.74,4.87,-481876,5.87,23.73
11-07-2026 10:17:01,47.34,19.9,103352.63,25.27,94.87,100560.66,182.89,100,-20305.66,0.73,5.47,-479039,5.89,23.63
11-07-2026 10:18:01,47.33,19.93,103356.38,25.27,95.13,100558.5,182.89,100,-20305.66,0.79,5.75,-477053,5.8,23.56
11-07-2026 10:19:01,47.34,19.93,103356.74,25.5,93.69,100564.74,182.89,100,-20305.66,0.76,3.86,-479369,5.79,23.64
11-07-2026 10:20:01,47.34,19.88,103374.82,25.51,93.25,100556.47,182.89,100,-20305.66,0.78,4.68,-484515,5.82,23.83
11-07-2026 10:21:01,47.38,19.91,103363.96,25.35,94.63,100562.4,182.89,100,-20305.66,0.76,5,-480414,5.83,23.68
11-07-2026 10:22:01,47.38,19.84,103373.5,25.45,94.2,100562.69,182.89,100,-20305.66,0.79,5.72,-484897,5.84,23.84
11-07-2026 10:23:01,47.4,19.83,103372.1,25.39,94.25,100566.52,182.89,100,-20305.66,0.74,4.92,-482236,5.85,23.75
11-07-2026 10:24:01,47.35,19.84,103366.57,25.49,93.58,100566.13,182.89,100,-20305.66,0.75,4.91,-476622,5.88,23.54
11-07-2026 10:25:01,47.38,19.93,103362.86,25.45,94.2,100566.69,182.89,100,-20305.66,0.65,4.92,-474414,5.89,23.46
11-07-2026 10:26:01,47.39,19.9,103378.98,25.28,95.04,100570.91,182.89,100,-20305.66,0.8,5.64,-477733,5.89,23.58